shipping_group,shipping_group_code,n_products,median_loaded_weight,max_loaded_weight,dest_province,region,km_median,total_cost
" 60 , 50 , 40 GSS0",241128,2,1.0,2.0,آذربایجان شرقی,غرب,696.0,696.0
" 60 , 50 , 40 GSS0",241128,2,1.0,2.0,آذربایجان غربی,غرب,803.5,803.5
" 60 , 50 , 40 GSS0",241128,2,1.0,2.0,اردبیل,غرب,698.0,698.0
" 60 , 50 , 40 GSS0",241128,2,1.0,2.0,اصفهان,مرکز,430.0,430.0
" 60 , 50 , 40 GSS0",241128,2,1.0,2.0,ایلام,غرب,644.0,644.0
" 60 , 50 , 40 GSS0",241128,2,1.0,2.0,بوشهر,جنوب,1019.0,1019.0
" 60 , 50 , 40 GSS0",241128,2,1.0,2.0,خراسان جنوبی,شرق,1033.0,1033.0
" 60 , 50 , 40 GSS0",241128,2,1.0,2.0,خراسان رضوی,شرق,894.0,894.0
" 60 , 50 , 40 GSS0",241128,2,1.0,2.0,خراسان شمالی,شرق,700.0,700.0
" 60 , 50 , 40 GSS0",241128,2,1.0,2.0,خوزستان,جنوب,774.0,774.0
" 60 , 50 , 40 GSS0",241128,2,1.0,2.0,زنجان,غرب,353.0,353.0
" 60 , 50 , 40 GSS0",241128,2,1.0,2.0,سمنان,شرق,282.0,282.0
" 60 , 50 , 40 GSS0",241128,2,1.0,2.0,سیستان و بلوچستان,شرق,1647.5,1647.5
" 60 , 50 , 40 GSS0",241128,2,1.0,2.0,فارس,جنوب,932.0,932.0
" 60 , 50 , 40 GSS0",241128,2,1.0,2.0,قزوین,شمال,199.0,199.0
" 60 , 50 , 40 GSS0",241128,2,1.0,2.0,قم,مرکز,128.0,128.0
" 60 , 50 , 40 GSS0",241128,2,1.0,2.0,لرستان,مرکز,414.5,414.5
" 60 , 50 , 40 GSS0",241128,2,1.0,2.0,مازندران,شمال,231.0,231.0
" 60 , 50 , 40 GSS0",241128,2,1.0,2.0,مرکزی,مرکز,249.0,249.0
" 60 , 50 , 40 GSS0",241128,2,1.0,2.0,هرمزگان,جنوب,1261.0,1261.0
" 60 , 50 , 40 GSS0",241128,2,1.0,2.0,همدان,مرکز,299.5,299.5
" 60 , 50 , 40 GSS0",241128,2,1.0,2.0,چهار محال بختیاری,جنوب,531.5,531.5
" 60 , 50 , 40 GSS0",241128,2,1.0,2.0,کردستان,غرب,485.0,485.0
" 60 , 50 , 40 GSS0",241128,2,1.0,2.0,کرمان,شرق,968.0,968.0
" 60 , 50 , 40 GSS0",241128,2,1.0,2.0,کرمانشاه,غرب,479.0,479.0
" 60 , 50 , 40 GSS0",241128,2,1.0,2.0,کهگیلویه و بویراحمد,جنوب,888.0,888.0
" 60 , 50 , 40 GSS0",241128,2,1.0,2.0,گلستان,شمال,521.0,521.0
" 60 , 50 , 40 GSS0",241128,2,1.0,2.0,گیلان,شمال,392.5,392.5
" 60 , 50 , 40 GSS0",241128,2,1.0,2.0,یزد,شرق,623.0,623.0
 9000 IN & OD,241101,53,2.0,2.0,آذربایجان شرقی,غرب,696.0,1392.0
 9000 IN & OD,241101,53,2.0,2.0,آذربایجان غربی,غرب,803.5,1607.0
 9000 IN & OD,241101,53,2.0,2.0,اردبیل,غرب,698.0,1396.0
 9000 IN & OD,241101,53,2.0,2.0,اصفهان,مرکز,430.0,860.0
 9000 IN & OD,241101,53,2.0,2.0,ایلام,غرب,644.0,1288.0
 9000 IN & OD,241101,53,2.0,2.0,بوشهر,جنوب,1019.0,2038.0
 9000 IN & OD,241101,53,2.0,2.0,خراسان جنوبی,شرق,1033.0,2066.0
 9000 IN & OD,241101,53,2.0,2.0,خراسان رضوی,شرق,894.0,1788.0
 9000 IN & OD,241101,53,2.0,2.0,خراسان شمالی,شرق,700.0,1400.0
 9000 IN & OD,241101,53,2.0,2.0,خوزستان,جنوب,774.0,1548.0
 9000 IN & OD,241101,53,2.0,2.0,زنجان,غرب,353.0,706.0
 9000 IN & OD,241101,53,2.0,2.0,سمنان,شرق,282.0,564.0
 9000 IN & OD,241101,53,2.0,2.0,سیستان و بلوچستان,شرق,1647.5,3295.0
 9000 IN & OD,241101,53,2.0,2.0,فارس,جنوب,932.0,1864.0
 9000 IN & OD,241101,53,2.0,2.0,قزوین,شمال,199.0,398.0
 9000 IN & OD,241101,53,2.0,2.0,قم,مرکز,128.0,256.0
 9000 IN & OD,241101,53,2.0,2.0,لرستان,مرکز,414.5,829.0
 9000 IN & OD,241101,53,2.0,2.0,مازندران,شمال,231.0,462.0
 9000 IN & OD,241101,53,2.0,2.0,مرکزی,مرکز,249.0,498.0
 9000 IN & OD,241101,53,2.0,2.0,هرمزگان,جنوب,1261.0,2522.0
 9000 IN & OD,241101,53,2.0,2.0,همدان,مرکز,299.5,599.0
 9000 IN & OD,241101,53,2.0,2.0,چهار محال بختیاری,جنوب,531.5,1063.0
 9000 IN & OD,241101,53,2.0,2.0,کردستان,غرب,485.0,970.0
 9000 IN & OD,241101,53,2.0,2.0,کرمان,شرق,968.0,1936.0
 9000 IN & OD,241101,53,2.0,2.0,کرمانشاه,غرب,479.0,958.0
 9000 IN & OD,241101,53,2.0,2.0,کهگیلویه و بویراحمد,جنوب,888.0,1776.0
 9000 IN & OD,241101,53,2.0,2.0,گلستان,شمال,521.0,1042.0
 9000 IN & OD,241101,53,2.0,2.0,گیلان,شمال,392.5,785.0
 9000 IN & OD,241101,53,2.0,2.0,یزد,شرق,623.0,1246.0
 AV Vid & Aud,241011,137,0.0,2.0,آذربایجان شرقی,غرب,696.0,0.0
 AV Vid & Aud,241011,137,0.0,2.0,آذربایجان غربی,غرب,803.5,0.0
 AV Vid & Aud,241011,137,0.0,2.0,اردبیل,غرب,698.0,0.0
 AV Vid & Aud,241011,137,0.0,2.0,اصفهان,مرکز,430.0,0.0
 AV Vid & Aud,241011,137,0.0,2.0,ایلام,غرب,644.0,0.0
 AV Vid & Aud,241011,137,0.0,2.0,بوشهر,جنوب,1019.0,0.0
 AV Vid & Aud,241011,137,0.0,2.0,خراسان جنوبی,شرق,1033.0,0.0
 AV Vid & Aud,241011,137,0.0,2.0,خراسان رضوی,شرق,894.0,0.0
 AV Vid & Aud,241011,137,0.0,2.0,خراسان شمالی,شرق,700.0,0.0
 AV Vid & Aud,241011,137,0.0,2.0,خوزستان,جنوب,774.0,0.0
 AV Vid & Aud,241011,137,0.0,2.0,زنجان,غرب,353.0,0.0
 AV Vid & Aud,241011,137,0.0,2.0,سمنان,شرق,282.0,0.0
 AV Vid & Aud,241011,137,0.0,2.0,سیستان و بلوچستان,شرق,1647.5,0.0
 AV Vid & Aud,241011,137,0.0,2.0,فارس,جنوب,932.0,0.0
 AV Vid & Aud,241011,137,0.0,2.0,قزوین,شمال,199.0,0.0
 AV Vid & Aud,241011,137,0.0,2.0,قم,مرکز,128.0,0.0
 AV Vid & Aud,241011,137,0.0,2.0,لرستان,مرکز,414.5,0.0
 AV Vid & Aud,241011,137,0.0,2.0,مازندران,شمال,231.0,0.0
 AV Vid & Aud,241011,137,0.0,2.0,مرکزی,مرکز,249.0,0.0
 AV Vid & Aud,241011,137,0.0,2.0,هرمزگان,جنوب,1261.0,0.0
 AV Vid & Aud,241011,137,0.0,2.0,همدان,مرکز,299.5,0.0
 AV Vid & Aud,241011,137,0.0,2.0,چهار محال بختیاری,جنوب,531.5,0.0
 AV Vid & Aud,241011,137,0.0,2.0,کردستان,غرب,485.0,0.0
 AV Vid & Aud,241011,137,0.0,2.0,کرمان,شرق,968.0,0.0
 AV Vid & Aud,241011,137,0.0,2.0,کرمانشاه,غرب,479.0,0.0
 AV Vid & Aud,241011,137,0.0,2.0,کهگیلویه و بویراحمد,جنوب,888.0,0.0
 AV Vid & Aud,241011,137,0.0,2.0,گلستان,شمال,521.0,0.0
 AV Vid & Aud,241011,137,0.0,2.0,گیلان,شمال,392.5,0.0
 AV Vid & Aud,241011,137,0.0,2.0,یزد,شرق,623.0,0.0
 FDP Table,241015,208,0.0,2.0,آذربایجان شرقی,غرب,696.0,0.0
 FDP Table,241015,208,0.0,2.0,آذربایجان غربی,غرب,803.5,0.0
 FDP Table,241015,208,0.0,2.0,اردبیل,غرب,698.0,0.0
 FDP Table,241015,208,0.0,2.0,اصفهان,مرکز,430.0,0.0
 FDP Table,241015,208,0.0,2.0,ایلام,غرب,644.0,0.0
 FDP Table,241015,208,0.0,2.0,بوشهر,جنوب,1019.0,0.0
 FDP Table,241015,208,0.0,2.0,خراسان جنوبی,شرق,1033.0,0.0
 FDP Table,241015,208,0.0,2.0,خراسان رضوی,شرق,894.0,0.0
 FDP Table,241015,208,0.0,2.0,خراسان شمالی,شرق,700.0,0.0
 FDP Table,241015,208,0.0,2.0,خوزستان,جنوب,774.0,0.0
 FDP Table,241015,208,0.0,2.0,زنجان,غرب,353.0,0.0
 FDP Table,241015,208,0.0,2.0,سمنان,شرق,282.0,0.0
 FDP Table,241015,208,0.0,2.0,سیستان و بلوچستان,شرق,1647.5,0.0
 FDP Table,241015,208,0.0,2.0,فارس,جنوب,932.0,0.0
 FDP Table,241015,208,0.0,2.0,قزوین,شمال,199.0,0.0
 FDP Table,241015,208,0.0,2.0,قم,مرکز,128.0,0.0
 FDP Table,241015,208,0.0,2.0,لرستان,مرکز,414.5,0.0
 FDP Table,241015,208,0.0,2.0,مازندران,شمال,231.0,0.0
 FDP Table,241015,208,0.0,2.0,مرکزی,مرکز,249.0,0.0
 FDP Table,241015,208,0.0,2.0,هرمزگان,جنوب,1261.0,0.0
 FDP Table,241015,208,0.0,2.0,همدان,مرکز,299.5,0.0
 FDP Table,241015,208,0.0,2.0,چهار محال بختیاری,جنوب,531.5,0.0
 FDP Table,241015,208,0.0,2.0,کردستان,غرب,485.0,0.0
 FDP Table,241015,208,0.0,2.0,کرمان,شرق,968.0,0.0
 FDP Table,241015,208,0.0,2.0,کرمانشاه,غرب,479.0,0.0
 FDP Table,241015,208,0.0,2.0,کهگیلویه و بویراحمد,جنوب,888.0,0.0
 FDP Table,241015,208,0.0,2.0,گلستان,شمال,521.0,0.0
 FDP Table,241015,208,0.0,2.0,گیلان,شمال,392.5,0.0
 FDP Table,241015,208,0.0,2.0,یزد,شرق,623.0,0.0
 Handsfree,241504,6,0.0,0.0,آذربایجان شرقی,غرب,696.0,0.0
 Handsfree,241504,6,0.0,0.0,آذربایجان غربی,غرب,803.5,0.0
 Handsfree,241504,6,0.0,0.0,اردبیل,غرب,698.0,0.0
 Handsfree,241504,6,0.0,0.0,اصفهان,مرکز,430.0,0.0
 Handsfree,241504,6,0.0,0.0,ایلام,غرب,644.0,0.0
 Handsfree,241504,6,0.0,0.0,بوشهر,جنوب,1019.0,0.0
 Handsfree,241504,6,0.0,0.0,خراسان جنوبی,شرق,1033.0,0.0
 Handsfree,241504,6,0.0,0.0,خراسان رضوی,شرق,894.0,0.0
 Handsfree,241504,6,0.0,0.0,خراسان شمالی,شرق,700.0,0.0
 Handsfree,241504,6,0.0,0.0,خوزستان,جنوب,774.0,0.0
 Handsfree,241504,6,0.0,0.0,زنجان,غرب,353.0,0.0
 Handsfree,241504,6,0.0,0.0,سمنان,شرق,282.0,0.0
 Handsfree,241504,6,0.0,0.0,سیستان و بلوچستان,شرق,1647.5,0.0
 Handsfree,241504,6,0.0,0.0,فارس,جنوب,932.0,0.0
 Handsfree,241504,6,0.0,0.0,قزوین,شمال,199.0,0.0
 Handsfree,241504,6,0.0,0.0,قم,مرکز,128.0,0.0
 Handsfree,241504,6,0.0,0.0,لرستان,مرکز,414.5,0.0
 Handsfree,241504,6,0.0,0.0,مازندران,شمال,231.0,0.0
 Handsfree,241504,6,0.0,0.0,مرکزی,مرکز,249.0,0.0
 Handsfree,241504,6,0.0,0.0,هرمزگان,جنوب,1261.0,0.0
 Handsfree,241504,6,0.0,0.0,همدان,مرکز,299.5,0.0
 Handsfree,241504,6,0.0,0.0,چهار محال بختیاری,جنوب,531.5,0.0
 Handsfree,241504,6,0.0,0.0,کردستان,غرب,485.0,0.0
 Handsfree,241504,6,0.0,0.0,کرمان,شرق,968.0,0.0
 Handsfree,241504,6,0.0,0.0,کرمانشاه,غرب,479.0,0.0
 Handsfree,241504,6,0.0,0.0,کهگیلویه و بویراحمد,جنوب,888.0,0.0
 Handsfree,241504,6,0.0,0.0,گلستان,شمال,521.0,0.0
 Handsfree,241504,6,0.0,0.0,گیلان,شمال,392.5,0.0
 Handsfree,241504,6,0.0,0.0,یزد,شرق,623.0,0.0
 Motherboard,241201,9,0.2569444444444445,2.0,آذربایجان شرقی,غرب,696.0,178.83333333333334
 Motherboard,241201,9,0.2569444444444445,2.0,آذربایجان غربی,غرب,803.5,206.45486111111114
 Motherboard,241201,9,0.2569444444444445,2.0,اردبیل,غرب,698.0,179.34722222222226
 Motherboard,241201,9,0.2569444444444445,2.0,اصفهان,مرکز,430.0,110.48611111111113
 Motherboard,241201,9,0.2569444444444445,2.0,ایلام,غرب,644.0,165.47222222222223
 Motherboard,241201,9,0.2569444444444445,2.0,بوشهر,جنوب,1019.0,261.8263888888889
 Motherboard,241201,9,0.2569444444444445,2.0,خراسان جنوبی,شرق,1033.0,265.42361111111114
 Motherboard,241201,9,0.2569444444444445,2.0,خراسان رضوی,شرق,894.0,229.70833333333337
 Motherboard,241201,9,0.2569444444444445,2.0,خراسان شمالی,شرق,700.0,179.86111111111114
 Motherboard,241201,9,0.2569444444444445,2.0,خوزستان,جنوب,774.0,198.87500000000003
 Motherboard,241201,9,0.2569444444444445,2.0,زنجان,غرب,353.0,90.7013888888889
 Motherboard,241201,9,0.2569444444444445,2.0,سمنان,شرق,282.0,72.45833333333334
 Motherboard,241201,9,0.2569444444444445,2.0,سیستان و بلوچستان,شرق,1647.5,423.3159722222223
 Motherboard,241201,9,0.2569444444444445,2.0,فارس,جنوب,932.0,239.47222222222226
 Motherboard,241201,9,0.2569444444444445,2.0,قزوین,شمال,199.0,51.13194444444445
 Motherboard,241201,9,0.2569444444444445,2.0,قم,مرکز,128.0,32.88888888888889
 Motherboard,241201,9,0.2569444444444445,2.0,لرستان,مرکز,414.5,106.50347222222223
 Motherboard,241201,9,0.2569444444444445,2.0,مازندران,شمال,231.0,59.35416666666667
 Motherboard,241201,9,0.2569444444444445,2.0,مرکزی,مرکز,249.0,63.97916666666667
 Motherboard,241201,9,0.2569444444444445,2.0,هرمزگان,جنوب,1261.0,324.00694444444446
 Motherboard,241201,9,0.2569444444444445,2.0,همدان,مرکز,299.5,76.95486111111111
 Motherboard,241201,9,0.2569444444444445,2.0,چهار محال بختیاری,جنوب,531.5,136.56597222222223
 Motherboard,241201,9,0.2569444444444445,2.0,کردستان,غرب,485.0,124.61805555555557
 Motherboard,241201,9,0.2569444444444445,2.0,کرمان,شرق,968.0,248.72222222222226
 Motherboard,241201,9,0.2569444444444445,2.0,کرمانشاه,غرب,479.0,123.0763888888889
 Motherboard,241201,9,0.2569444444444445,2.0,کهگیلویه و بویراحمد,جنوب,888.0,228.16666666666669
 Motherboard,241201,9,0.2569444444444445,2.0,گلستان,شمال,521.0,133.86805555555557
 Motherboard,241201,9,0.2569444444444445,2.0,گیلان,شمال,392.5,100.85069444444446
 Motherboard,241201,9,0.2569444444444445,2.0,یزد,شرق,623.0,160.0763888888889
 Motherboard,241501,3,0.0,0.0,آذربایجان شرقی,غرب,696.0,0.0
 Motherboard,241501,3,0.0,0.0,آذربایجان غربی,غرب,803.5,0.0
 Motherboard,241501,3,0.0,0.0,اردبیل,غرب,698.0,0.0
 Motherboard,241501,3,0.0,0.0,اصفهان,مرکز,430.0,0.0
 Motherboard,241501,3,0.0,0.0,ایلام,غرب,644.0,0.0
 Motherboard,241501,3,0.0,0.0,بوشهر,جنوب,1019.0,0.0
 Motherboard,241501,3,0.0,0.0,خراسان جنوبی,شرق,1033.0,0.0
 Motherboard,241501,3,0.0,0.0,خراسان رضوی,شرق,894.0,0.0
 Motherboard,241501,3,0.0,0.0,خراسان شمالی,شرق,700.0,0.0
 Motherboard,241501,3,0.0,0.0,خوزستان,جنوب,774.0,0.0
 Motherboard,241501,3,0.0,0.0,زنجان,غرب,353.0,0.0
 Motherboard,241501,3,0.0,0.0,سمنان,شرق,282.0,0.0
 Motherboard,241501,3,0.0,0.0,سیستان و بلوچستان,شرق,1647.5,0.0
 Motherboard,241501,3,0.0,0.0,فارس,جنوب,932.0,0.0
 Motherboard,241501,3,0.0,0.0,قزوین,شمال,199.0,0.0
 Motherboard,241501,3,0.0,0.0,قم,مرکز,128.0,0.0
 Motherboard,241501,3,0.0,0.0,لرستان,مرکز,414.5,0.0
 Motherboard,241501,3,0.0,0.0,مازندران,شمال,231.0,0.0
 Motherboard,241501,3,0.0,0.0,مرکزی,مرکز,249.0,0.0
 Motherboard,241501,3,0.0,0.0,هرمزگان,جنوب,1261.0,0.0
 Motherboard,241501,3,0.0,0.0,همدان,مرکز,299.5,0.0
 Motherboard,241501,3,0.0,0.0,چهار محال بختیاری,جنوب,531.5,0.0
 Motherboard,241501,3,0.0,0.0,کردستان,غرب,485.0,0.0
 Motherboard,241501,3,0.0,0.0,کرمان,شرق,968.0,0.0
 Motherboard,241501,3,0.0,0.0,کرمانشاه,غرب,479.0,0.0
 Motherboard,241501,3,0.0,0.0,کهگیلویه و بویراحمد,جنوب,888.0,0.0
 Motherboard,241501,3,0.0,0.0,گلستان,شمال,521.0,0.0
 Motherboard,241501,3,0.0,0.0,گیلان,شمال,392.5,0.0
 Motherboard,241501,3,0.0,0.0,یزد,شرق,623.0,0.0
 Power bank,241203,2,0.0,0.0,آذربایجان شرقی,غرب,696.0,0.0
 Power bank,241203,2,0.0,0.0,آذربایجان غربی,غرب,803.5,0.0
 Power bank,241203,2,0.0,0.0,اردبیل,غرب,698.0,0.0
 Power bank,241203,2,0.0,0.0,اصفهان,مرکز,430.0,0.0
 Power bank,241203,2,0.0,0.0,ایلام,غرب,644.0,0.0
 Power bank,241203,2,0.0,0.0,بوشهر,جنوب,1019.0,0.0
 Power bank,241203,2,0.0,0.0,خراسان جنوبی,شرق,1033.0,0.0
 Power bank,241203,2,0.0,0.0,خراسان رضوی,شرق,894.0,0.0
 Power bank,241203,2,0.0,0.0,خراسان شمالی,شرق,700.0,0.0
 Power bank,241203,2,0.0,0.0,خوزستان,جنوب,774.0,0.0
 Power bank,241203,2,0.0,0.0,زنجان,غرب,353.0,0.0
 Power bank,241203,2,0.0,0.0,سمنان,شرق,282.0,0.0
 Power bank,241203,2,0.0,0.0,سیستان و بلوچستان,شرق,1647.5,0.0
 Power bank,241203,2,0.0,0.0,فارس,جنوب,932.0,0.0
 Power bank,241203,2,0.0,0.0,قزوین,شمال,199.0,0.0
 Power bank,241203,2,0.0,0.0,قم,مرکز,128.0,0.0
 Power bank,241203,2,0.0,0.0,لرستان,مرکز,414.5,0.0
 Power bank,241203,2,0.0,0.0,مازندران,شمال,231.0,0.0
 Power bank,241203,2,0.0,0.0,مرکزی,مرکز,249.0,0.0
 Power bank,241203,2,0.0,0.0,هرمزگان,جنوب,1261.0,0.0
 Power bank,241203,2,0.0,0.0,همدان,مرکز,299.5,0.0
 Power bank,241203,2,0.0,0.0,چهار محال بختیاری,جنوب,531.5,0.0
 Power bank,241203,2,0.0,0.0,کردستان,غرب,485.0,0.0
 Power bank,241203,2,0.0,0.0,کرمان,شرق,968.0,0.0
 Power bank,241203,2,0.0,0.0,کرمانشاه,غرب,479.0,0.0
 Power bank,241203,2,0.0,0.0,کهگیلویه و بویراحمد,جنوب,888.0,0.0
 Power bank,241203,2,0.0,0.0,گلستان,شمال,521.0,0.0
 Power bank,241203,2,0.0,0.0,گیلان,شمال,392.5,0.0
 Power bank,241203,2,0.0,0.0,یزد,شرق,623.0,0.0
 Power bank,241503,41,0.0,0.0,آذربایجان شرقی,غرب,696.0,0.0
 Power bank,241503,41,0.0,0.0,آذربایجان غربی,غرب,803.5,0.0
 Power bank,241503,41,0.0,0.0,اردبیل,غرب,698.0,0.0
 Power bank,241503,41,0.0,0.0,اصفهان,مرکز,430.0,0.0
 Power bank,241503,41,0.0,0.0,ایلام,غرب,644.0,0.0
 Power bank,241503,41,0.0,0.0,بوشهر,جنوب,1019.0,0.0
 Power bank,241503,41,0.0,0.0,خراسان جنوبی,شرق,1033.0,0.0
 Power bank,241503,41,0.0,0.0,خراسان رضوی,شرق,894.0,0.0
 Power bank,241503,41,0.0,0.0,خراسان شمالی,شرق,700.0,0.0
 Power bank,241503,41,0.0,0.0,خوزستان,جنوب,774.0,0.0
 Power bank,241503,41,0.0,0.0,زنجان,غرب,353.0,0.0
 Power bank,241503,41,0.0,0.0,سمنان,شرق,282.0,0.0
 Power bank,241503,41,0.0,0.0,سیستان و بلوچستان,شرق,1647.5,0.0
 Power bank,241503,41,0.0,0.0,فارس,جنوب,932.0,0.0
 Power bank,241503,41,0.0,0.0,قزوین,شمال,199.0,0.0
 Power bank,241503,41,0.0,0.0,قم,مرکز,128.0,0.0
 Power bank,241503,41,0.0,0.0,لرستان,مرکز,414.5,0.0
 Power bank,241503,41,0.0,0.0,مازندران,شمال,231.0,0.0
 Power bank,241503,41,0.0,0.0,مرکزی,مرکز,249.0,0.0
 Power bank,241503,41,0.0,0.0,هرمزگان,جنوب,1261.0,0.0
 Power bank,241503,41,0.0,0.0,همدان,مرکز,299.5,0.0
 Power bank,241503,41,0.0,0.0,چهار محال بختیاری,جنوب,531.5,0.0
 Power bank,241503,41,0.0,0.0,کردستان,غرب,485.0,0.0
 Power bank,241503,41,0.0,0.0,کرمان,شرق,968.0,0.0
 Power bank,241503,41,0.0,0.0,کرمانشاه,غرب,479.0,0.0
 Power bank,241503,41,0.0,0.0,کهگیلویه و بویراحمد,جنوب,888.0,0.0
 Power bank,241503,41,0.0,0.0,گلستان,شمال,521.0,0.0
 Power bank,241503,41,0.0,0.0,گیلان,شمال,392.5,0.0
 Power bank,241503,41,0.0,0.0,یزد,شرق,623.0,0.0
 REF (TF / BF),241016,507,1.212437975195813,1.7575,آذربایجان شرقی,غرب,696.0,843.8568307362858
 REF (TF / BF),241016,507,1.212437975195813,1.7575,آذربایجان غربی,غرب,803.5,974.1939130698357
 REF (TF / BF),241016,507,1.212437975195813,1.7575,اردبیل,غرب,698.0,846.2817066866775
 REF (TF / BF),241016,507,1.212437975195813,1.7575,اصفهان,مرکز,430.0,521.3483293341995
 REF (TF / BF),241016,507,1.212437975195813,1.7575,ایلام,غرب,644.0,780.8100560261036
 REF (TF / BF),241016,507,1.212437975195813,1.7575,بوشهر,جنوب,1019.0,1235.4742967245334
 REF (TF / BF),241016,507,1.212437975195813,1.7575,خراسان جنوبی,شرق,1033.0,1252.4484283772747
 REF (TF / BF),241016,507,1.212437975195813,1.7575,خراسان رضوی,شرق,894.0,1083.9195498250567
 REF (TF / BF),241016,507,1.212437975195813,1.7575,خراسان شمالی,شرق,700.0,848.7065826370691
 REF (TF / BF),241016,507,1.212437975195813,1.7575,خوزستان,جنوب,774.0,938.4269928015592
 REF (TF / BF),241016,507,1.212437975195813,1.7575,زنجان,غرب,353.0,427.990605244122
 REF (TF / BF),241016,507,1.212437975195813,1.7575,سمنان,شرق,282.0,341.90750900521925
 REF (TF / BF),241016,507,1.212437975195813,1.7575,سیستان و بلوچستان,شرق,1647.5,1997.491564135102
 REF (TF / BF),241016,507,1.212437975195813,1.7575,فارس,جنوب,932.0,1129.9921928824976
 REF (TF / BF),241016,507,1.212437975195813,1.7575,قزوین,شمال,199.0,241.2751570639668
 REF (TF / BF),241016,507,1.212437975195813,1.7575,قم,مرکز,128.0,155.19206082506406
 REF (TF / BF),241016,507,1.212437975195813,1.7575,لرستان,مرکز,414.5,502.5555407186645
 REF (TF / BF),241016,507,1.212437975195813,1.7575,مازندران,شمال,231.0,280.0731722702328
 REF (TF / BF),241016,507,1.212437975195813,1.7575,مرکزی,مرکز,249.0,301.89705582375746
 REF (TF / BF),241016,507,1.212437975195813,1.7575,هرمزگان,جنوب,1261.0,1528.8842867219203
 REF (TF / BF),241016,507,1.212437975195813,1.7575,همدان,مرکز,299.5,363.125173571146
 REF (TF / BF),241016,507,1.212437975195813,1.7575,چهار محال بختیاری,جنوب,531.5,644.4107838165746
 REF (TF / BF),241016,507,1.212437975195813,1.7575,کردستان,غرب,485.0,588.0324179699693
 REF (TF / BF),241016,507,1.212437975195813,1.7575,کرمان,شرق,968.0,1173.639959989547
 REF (TF / BF),241016,507,1.212437975195813,1.7575,کرمانشاه,غرب,479.0,580.7577901187944
 REF (TF / BF),241016,507,1.212437975195813,1.7575,کهگیلویه و بویراحمد,جنوب,888.0,1076.644921973882
 REF (TF / BF),241016,507,1.212437975195813,1.7575,گلستان,شمال,521.0,631.6801850770186
 REF (TF / BF),241016,507,1.212437975195813,1.7575,گیلان,شمال,392.5,475.8819052643566
 REF (TF / BF),241016,507,1.212437975195813,1.7575,یزد,شرق,623.0,755.3488585469914
 REF F,241018,9,1.580026191425155,1.60427807486631,آذربایجان شرقی,غرب,696.0,1099.6982292319078
 REF F,241018,9,1.580026191425155,1.60427807486631,آذربایجان غربی,غرب,803.5,1269.551044810112
 REF F,241018,9,1.580026191425155,1.60427807486631,اردبیل,غرب,698.0,1102.8582816147582
 REF F,241018,9,1.580026191425155,1.60427807486631,اصفهان,مرکز,430.0,679.4112623128167
 REF F,241018,9,1.580026191425155,1.60427807486631,ایلام,غرب,644.0,1017.5368672777998
 REF F,241018,9,1.580026191425155,1.60427807486631,بوشهر,جنوب,1019.0,1610.0466890622329
 REF F,241018,9,1.580026191425155,1.60427807486631,خراسان جنوبی,شرق,1033.0,1632.167055742185
 REF F,241018,9,1.580026191425155,1.60427807486631,خراسان رضوی,شرق,894.0,1412.5434151340885
 REF F,241018,9,1.580026191425155,1.60427807486631,خراسان شمالی,شرق,700.0,1106.0183339976086
 REF F,241018,9,1.580026191425155,1.60427807486631,خوزستان,جنوب,774.0,1222.94027216307
 REF F,241018,9,1.580026191425155,1.60427807486631,زنجان,غرب,353.0,557.7492455730797
 REF F,241018,9,1.580026191425155,1.60427807486631,سمنان,شرق,282.0,445.5673859818937
 REF F,241018,9,1.580026191425155,1.60427807486631,سیستان و بلوچستان,شرق,1647.5,2603.093150372943
 REF F,241018,9,1.580026191425155,1.60427807486631,فارس,جنوب,932.0,1472.5844104082444
 REF F,241018,9,1.580026191425155,1.60427807486631,قزوین,شمال,199.0,314.42521209360586
 REF F,241018,9,1.580026191425155,1.60427807486631,قم,مرکز,128.0,202.24335250241984
 REF F,241018,9,1.580026191425155,1.60427807486631,لرستان,مرکز,414.5,654.9208563457267
 REF F,241018,9,1.580026191425155,1.60427807486631,مازندران,شمال,231.0,364.9860502192108
 REF F,241018,9,1.580026191425155,1.60427807486631,مرکزی,مرکز,249.0,393.42652166486357
 REF F,241018,9,1.580026191425155,1.60427807486631,هرمزگان,جنوب,1261.0,1992.4130273871203
 REF F,241018,9,1.580026191425155,1.60427807486631,همدان,مرکز,299.5,473.21784433183393
 REF F,241018,9,1.580026191425155,1.60427807486631,چهار محال بختیاری,جنوب,531.5,839.7839207424698
 REF F,241018,9,1.580026191425155,1.60427807486631,کردستان,غرب,485.0,766.3127028412001
 REF F,241018,9,1.580026191425155,1.60427807486631,کرمان,شرق,968.0,1529.46535329955
 REF F,241018,9,1.580026191425155,1.60427807486631,کرمانشاه,غرب,479.0,756.8325456926492
 REF F,241018,9,1.580026191425155,1.60427807486631,کهگیلویه و بویراحمد,جنوب,888.0,1403.0632579855376
 REF F,241018,9,1.580026191425155,1.60427807486631,گلستان,شمال,521.0,823.1936457325057
 REF F,241018,9,1.580026191425155,1.60427807486631,گیلان,شمال,392.5,620.1602801343734
 REF F,241018,9,1.580026191425155,1.60427807486631,یزد,شرق,623.0,984.3563172578715
 REF L,241017,13,1.4695909515707748,1.580026191425155,آذربایجان شرقی,غرب,696.0,1022.8353022932592
 REF L,241017,13,1.4695909515707748,1.580026191425155,آذربایجان غربی,غرب,803.5,1180.8163295871175
 REF L,241017,13,1.4695909515707748,1.580026191425155,اردبیل,غرب,698.0,1025.7744841964009
 REF L,241017,13,1.4695909515707748,1.580026191425155,اصفهان,مرکز,430.0,631.9241091754332
 REF L,241017,13,1.4695909515707748,1.580026191425155,ایلام,غرب,644.0,946.4165728115789
 REF L,241017,13,1.4695909515707748,1.580026191425155,بوشهر,جنوب,1019.0,1497.5131796506196
 REF L,241017,13,1.4695909515707748,1.580026191425155,خراسان جنوبی,شرق,1033.0,1518.0874529726104
 REF L,241017,13,1.4695909515707748,1.580026191425155,خراسان رضوی,شرق,894.0,1313.8143107042727
 REF L,241017,13,1.4695909515707748,1.580026191425155,خراسان شمالی,شرق,700.0,1028.7136660995423
 REF L,241017,13,1.4695909515707748,1.580026191425155,خوزستان,جنوب,774.0,1137.4633965157798
 REF L,241017,13,1.4695909515707748,1.580026191425155,زنجان,غرب,353.0,518.7656059044836
 REF L,241017,13,1.4695909515707748,1.580026191425155,سمنان,شرق,282.0,414.4246483429585
 REF L,241017,13,1.4695909515707748,1.580026191425155,سیستان و بلوچستان,شرق,1647.5,2421.1510927128516
 REF L,241017,13,1.4695909515707748,1.580026191425155,فارس,جنوب,932.0,1369.658766863962
 REF L,241017,13,1.4695909515707748,1.580026191425155,قزوین,شمال,199.0,292.44859936258416
 REF L,241017,13,1.4695909515707748,1.580026191425155,قم,مرکز,128.0,188.10764180105917
 REF L,241017,13,1.4695909515707748,1.580026191425155,لرستان,مرکز,414.5,609.1454494260862
 REF L,241017,13,1.4695909515707748,1.580026191425155,مازندران,شمال,231.0,339.475509812849
 REF L,241017,13,1.4695909515707748,1.580026191425155,مرکزی,مرکز,249.0,365.9281469411229
 REF L,241017,13,1.4695909515707748,1.580026191425155,هرمزگان,جنوب,1261.0,1853.154189930747
 REF L,241017,13,1.4695909515707748,1.580026191425155,همدان,مرکز,299.5,440.1424899954471
 REF L,241017,13,1.4695909515707748,1.580026191425155,چهار محال بختیاری,جنوب,531.5,781.0875907598668
 REF L,241017,13,1.4695909515707748,1.580026191425155,کردستان,غرب,485.0,712.7516115118258
 REF L,241017,13,1.4695909515707748,1.580026191425155,کرمان,شرق,968.0,1422.56404112051
 REF L,241017,13,1.4695909515707748,1.580026191425155,کرمانشاه,غرب,479.0,703.9340658024012
 REF L,241017,13,1.4695909515707748,1.580026191425155,کهگیلویه و بویراحمد,جنوب,888.0,1304.996764994848
 REF L,241017,13,1.4695909515707748,1.580026191425155,گلستان,شمال,521.0,765.6568857683736
 REF L,241017,13,1.4695909515707748,1.580026191425155,گیلان,شمال,392.5,576.8144484915291
 REF L,241017,13,1.4695909515707748,1.580026191425155,یزد,شرق,623.0,915.5551628285926
 SXS (all size),241019,517,1.3146933250026034,2.0,آذربایجان شرقی,غرب,696.0,915.0265542018119
 SXS (all size),241019,517,1.3146933250026034,2.0,آذربایجان غربی,غرب,803.5,1056.356086639592
 SXS (all size),241019,517,1.3146933250026034,2.0,اردبیل,غرب,698.0,917.6559408518171
 SXS (all size),241019,517,1.3146933250026034,2.0,اصفهان,مرکز,430.0,565.3181297511195
 SXS (all size),241019,517,1.3146933250026034,2.0,ایلام,غرب,644.0,846.6625013016766
 SXS (all size),241019,517,1.3146933250026034,2.0,بوشهر,جنوب,1019.0,1339.6724981776529
 SXS (all size),241019,517,1.3146933250026034,2.0,خراسان جنوبی,شرق,1033.0,1358.0782047276894
 SXS (all size),241019,517,1.3146933250026034,2.0,خراسان رضوی,شرق,894.0,1175.3358325523275
 SXS (all size),241019,517,1.3146933250026034,2.0,خراسان شمالی,شرق,700.0,920.2853275018224
 SXS (all size),241019,517,1.3146933250026034,2.0,خوزستان,جنوب,774.0,1017.5726335520151
 SXS (all size),241019,517,1.3146933250026034,2.0,زنجان,غرب,353.0,464.086743725919
 SXS (all size),241019,517,1.3146933250026034,2.0,سمنان,شرق,282.0,370.74351765073413
 SXS (all size),241019,517,1.3146933250026034,2.0,سیستان و بلوچستان,شرق,1647.5,2165.957252941789
 SXS (all size),241019,517,1.3146933250026034,2.0,فارس,جنوب,932.0,1225.2941789024264
 SXS (all size),241019,517,1.3146933250026034,2.0,قزوین,شمال,199.0,261.6239716755181
 SXS (all size),241019,517,1.3146933250026034,2.0,قم,مرکز,128.0,168.28074560033323
 SXS (all size),241019,517,1.3146933250026034,2.0,لرستان,مرکز,414.5,544.9403832135791
 SXS (all size),241019,517,1.3146933250026034,2.0,مازندران,شمال,231.0,303.69415807560136
 SXS (all size),241019,517,1.3146933250026034,2.0,مرکزی,مرکز,249.0,327.3586379256482
 SXS (all size),241019,517,1.3146933250026034,2.0,هرمزگان,جنوب,1261.0,1657.828282828283
 SXS (all size),241019,517,1.3146933250026034,2.0,همدان,مرکز,299.5,393.75065083827974
 SXS (all size),241019,517,1.3146933250026034,2.0,چهار محال بختیاری,جنوب,531.5,698.7595022388837
 SXS (all size),241019,517,1.3146933250026034,2.0,کردستان,غرب,485.0,637.6262626262626
 SXS (all size),241019,517,1.3146933250026034,2.0,کرمان,شرق,968.0,1272.6231386025202
 SXS (all size),241019,517,1.3146933250026034,2.0,کرمانشاه,غرب,479.0,629.738102676247
 SXS (all size),241019,517,1.3146933250026034,2.0,کهگیلویه و بویراحمد,جنوب,888.0,1167.4476726023117
 SXS (all size),241019,517,1.3146933250026034,2.0,گلستان,شمال,521.0,684.9552223263564
 SXS (all size),241019,517,1.3146933250026034,2.0,گیلان,شمال,392.5,516.0171300635218
 SXS (all size),241019,517,1.3146933250026034,2.0,یزد,شرق,623.0,819.053941476622
 Smart watch,241505,3,0.0,0.0,آذربایجان شرقی,غرب,696.0,0.0
 Smart watch,241505,3,0.0,0.0,آذربایجان غربی,غرب,803.5,0.0
 Smart watch,241505,3,0.0,0.0,اردبیل,غرب,698.0,0.0
 Smart watch,241505,3,0.0,0.0,اصفهان,مرکز,430.0,0.0
 Smart watch,241505,3,0.0,0.0,ایلام,غرب,644.0,0.0
 Smart watch,241505,3,0.0,0.0,بوشهر,جنوب,1019.0,0.0
 Smart watch,241505,3,0.0,0.0,خراسان جنوبی,شرق,1033.0,0.0
 Smart watch,241505,3,0.0,0.0,خراسان رضوی,شرق,894.0,0.0
 Smart watch,241505,3,0.0,0.0,خراسان شمالی,شرق,700.0,0.0
 Smart watch,241505,3,0.0,0.0,خوزستان,جنوب,774.0,0.0
 Smart watch,241505,3,0.0,0.0,زنجان,غرب,353.0,0.0
 Smart watch,241505,3,0.0,0.0,سمنان,شرق,282.0,0.0
 Smart watch,241505,3,0.0,0.0,سیستان و بلوچستان,شرق,1647.5,0.0
 Smart watch,241505,3,0.0,0.0,فارس,جنوب,932.0,0.0
 Smart watch,241505,3,0.0,0.0,قزوین,شمال,199.0,0.0
 Smart watch,241505,3,0.0,0.0,قم,مرکز,128.0,0.0
 Smart watch,241505,3,0.0,0.0,لرستان,مرکز,414.5,0.0
 Smart watch,241505,3,0.0,0.0,مازندران,شمال,231.0,0.0
 Smart watch,241505,3,0.0,0.0,مرکزی,مرکز,249.0,0.0
 Smart watch,241505,3,0.0,0.0,هرمزگان,جنوب,1261.0,0.0
 Smart watch,241505,3,0.0,0.0,همدان,مرکز,299.5,0.0
 Smart watch,241505,3,0.0,0.0,چهار محال بختیاری,جنوب,531.5,0.0
 Smart watch,241505,3,0.0,0.0,کردستان,غرب,485.0,0.0
 Smart watch,241505,3,0.0,0.0,کرمان,شرق,968.0,0.0
 Smart watch,241505,3,0.0,0.0,کرمانشاه,غرب,479.0,0.0
 Smart watch,241505,3,0.0,0.0,کهگیلویه و بویراحمد,جنوب,888.0,0.0
 Smart watch,241505,3,0.0,0.0,گلستان,شمال,521.0,0.0
 Smart watch,241505,3,0.0,0.0,گیلان,شمال,392.5,0.0
 Smart watch,241505,3,0.0,0.0,یزد,شرق,623.0,0.0
 Speaker,241202,6,2.0,2.0,آذربایجان شرقی,غرب,696.0,1392.0
 Speaker,241202,6,2.0,2.0,آذربایجان غربی,غرب,803.5,1607.0
 Speaker,241202,6,2.0,2.0,اردبیل,غرب,698.0,1396.0
 Speaker,241202,6,2.0,2.0,اصفهان,مرکز,430.0,860.0
 Speaker,241202,6,2.0,2.0,ایلام,غرب,644.0,1288.0
 Speaker,241202,6,2.0,2.0,بوشهر,جنوب,1019.0,2038.0
 Speaker,241202,6,2.0,2.0,خراسان جنوبی,شرق,1033.0,2066.0
 Speaker,241202,6,2.0,2.0,خراسان رضوی,شرق,894.0,1788.0
 Speaker,241202,6,2.0,2.0,خراسان شمالی,شرق,700.0,1400.0
 Speaker,241202,6,2.0,2.0,خوزستان,جنوب,774.0,1548.0
 Speaker,241202,6,2.0,2.0,زنجان,غرب,353.0,706.0
 Speaker,241202,6,2.0,2.0,سمنان,شرق,282.0,564.0
 Speaker,241202,6,2.0,2.0,سیستان و بلوچستان,شرق,1647.5,3295.0
 Speaker,241202,6,2.0,2.0,فارس,جنوب,932.0,1864.0
 Speaker,241202,6,2.0,2.0,قزوین,شمال,199.0,398.0
 Speaker,241202,6,2.0,2.0,قم,مرکز,128.0,256.0
 Speaker,241202,6,2.0,2.0,لرستان,مرکز,414.5,829.0
 Speaker,241202,6,2.0,2.0,مازندران,شمال,231.0,462.0
 Speaker,241202,6,2.0,2.0,مرکزی,مرکز,249.0,498.0
 Speaker,241202,6,2.0,2.0,هرمزگان,جنوب,1261.0,2522.0
 Speaker,241202,6,2.0,2.0,همدان,مرکز,299.5,599.0
 Speaker,241202,6,2.0,2.0,چهار محال بختیاری,جنوب,531.5,1063.0
 Speaker,241202,6,2.0,2.0,کردستان,غرب,485.0,970.0
 Speaker,241202,6,2.0,2.0,کرمان,شرق,968.0,1936.0
 Speaker,241202,6,2.0,2.0,کرمانشاه,غرب,479.0,958.0
 Speaker,241202,6,2.0,2.0,کهگیلویه و بویراحمد,جنوب,888.0,1776.0
 Speaker,241202,6,2.0,2.0,گلستان,شمال,521.0,1042.0
 Speaker,241202,6,2.0,2.0,گیلان,شمال,392.5,785.0
 Speaker,241202,6,2.0,2.0,یزد,شرق,623.0,1246.0
 Speaker,241502,22,0.0,2.0,آذربایجان شرقی,غرب,696.0,0.0
 Speaker,241502,22,0.0,2.0,آذربایجان غربی,غرب,803.5,0.0
 Speaker,241502,22,0.0,2.0,اردبیل,غرب,698.0,0.0
 Speaker,241502,22,0.0,2.0,اصفهان,مرکز,430.0,0.0
 Speaker,241502,22,0.0,2.0,ایلام,غرب,644.0,0.0
 Speaker,241502,22,0.0,2.0,بوشهر,جنوب,1019.0,0.0
 Speaker,241502,22,0.0,2.0,خراسان جنوبی,شرق,1033.0,0.0
 Speaker,241502,22,0.0,2.0,خراسان رضوی,شرق,894.0,0.0
 Speaker,241502,22,0.0,2.0,خراسان شمالی,شرق,700.0,0.0
 Speaker,241502,22,0.0,2.0,خوزستان,جنوب,774.0,0.0
 Speaker,241502,22,0.0,2.0,زنجان,غرب,353.0,0.0
 Speaker,241502,22,0.0,2.0,سمنان,شرق,282.0,0.0
 Speaker,241502,22,0.0,2.0,سیستان و بلوچستان,شرق,1647.5,0.0
 Speaker,241502,22,0.0,2.0,فارس,جنوب,932.0,0.0
 Speaker,241502,22,0.0,2.0,قزوین,شمال,199.0,0.0
 Speaker,241502,22,0.0,2.0,قم,مرکز,128.0,0.0
 Speaker,241502,22,0.0,2.0,لرستان,مرکز,414.5,0.0
 Speaker,241502,22,0.0,2.0,مازندران,شمال,231.0,0.0
 Speaker,241502,22,0.0,2.0,مرکزی,مرکز,249.0,0.0
 Speaker,241502,22,0.0,2.0,هرمزگان,جنوب,1261.0,0.0
 Speaker,241502,22,0.0,2.0,همدان,مرکز,299.5,0.0
 Speaker,241502,22,0.0,2.0,چهار محال بختیاری,جنوب,531.5,0.0
 Speaker,241502,22,0.0,2.0,کردستان,غرب,485.0,0.0
 Speaker,241502,22,0.0,2.0,کرمان,شرق,968.0,0.0
 Speaker,241502,22,0.0,2.0,کرمانشاه,غرب,479.0,0.0
 Speaker,241502,22,0.0,2.0,کهگیلویه و بویراحمد,جنوب,888.0,0.0
 Speaker,241502,22,0.0,2.0,گلستان,شمال,521.0,0.0
 Speaker,241502,22,0.0,2.0,گیلان,شمال,392.5,0.0
 Speaker,241502,22,0.0,2.0,یزد,شرق,623.0,0.0
" TV & Monitor (21""-32"")",241003,134,1.59646466588246,2.0,آذربایجان شرقی,غرب,696.0,1111.1394074541922
" TV & Monitor (21""-32"")",241003,134,1.59646466588246,2.0,آذربایجان غربی,غرب,803.5,1282.7593590365566
" TV & Monitor (21""-32"")",241003,134,1.59646466588246,2.0,اردبیل,غرب,698.0,1114.332336785957
" TV & Monitor (21""-32"")",241003,134,1.59646466588246,2.0,اصفهان,مرکز,430.0,686.4798063294578
" TV & Monitor (21""-32"")",241003,134,1.59646466588246,2.0,ایلام,غرب,644.0,1028.1232448283042
" TV & Monitor (21""-32"")",241003,134,1.59646466588246,2.0,بوشهر,جنوب,1019.0,1626.7974945342266
" TV & Monitor (21""-32"")",241003,134,1.59646466588246,2.0,خراسان جنوبی,شرق,1033.0,1649.147999856581
" TV & Monitor (21""-32"")",241003,134,1.59646466588246,2.0,خراسان رضوی,شرق,894.0,1427.239411298919
" TV & Monitor (21""-32"")",241003,134,1.59646466588246,2.0,خراسان شمالی,شرق,700.0,1117.525266117722
" TV & Monitor (21""-32"")",241003,134,1.59646466588246,2.0,خوزستان,جنوب,774.0,1235.6636513930239
" TV & Monitor (21""-32"")",241003,134,1.59646466588246,2.0,زنجان,غرب,353.0,563.5520270565083
" TV & Monitor (21""-32"")",241003,134,1.59646466588246,2.0,سمنان,شرق,282.0,450.2030357788537
" TV & Monitor (21""-32"")",241003,134,1.59646466588246,2.0,سیستان و بلوچستان,شرق,1647.5,2630.175537041353
" TV & Monitor (21""-32"")",241003,134,1.59646466588246,2.0,فارس,جنوب,932.0,1487.9050686024527
" TV & Monitor (21""-32"")",241003,134,1.59646466588246,2.0,قزوین,شمال,199.0,317.6964685106095
" TV & Monitor (21""-32"")",241003,134,1.59646466588246,2.0,قم,مرکز,128.0,204.34747723295487
" TV & Monitor (21""-32"")",241003,134,1.59646466588246,2.0,لرستان,مرکز,414.5,661.7346040082797
" TV & Monitor (21""-32"")",241003,134,1.59646466588246,2.0,مازندران,شمال,231.0,368.7833378188482
" TV & Monitor (21""-32"")",241003,134,1.59646466588246,2.0,مرکزی,مرکز,249.0,397.5197018047325
" TV & Monitor (21""-32"")",241003,134,1.59646466588246,2.0,هرمزگان,جنوب,1261.0,2013.141943677782
" TV & Monitor (21""-32"")",241003,134,1.59646466588246,2.0,همدان,مرکز,299.5,478.14116743179676
" TV & Monitor (21""-32"")",241003,134,1.59646466588246,2.0,چهار محال بختیاری,جنوب,531.5,848.5209699165274
" TV & Monitor (21""-32"")",241003,134,1.59646466588246,2.0,کردستان,غرب,485.0,774.2853629529931
" TV & Monitor (21""-32"")",241003,134,1.59646466588246,2.0,کرمان,شرق,968.0,1545.3777965742213
" TV & Monitor (21""-32"")",241003,134,1.59646466588246,2.0,کرمانشاه,غرب,479.0,764.7065749576983
" TV & Monitor (21""-32"")",241003,134,1.59646466588246,2.0,کهگیلویه و بویراحمد,جنوب,888.0,1417.6606233036243
" TV & Monitor (21""-32"")",241003,134,1.59646466588246,2.0,گلستان,شمال,521.0,831.7580909247616
" TV & Monitor (21""-32"")",241003,134,1.59646466588246,2.0,گیلان,شمال,392.5,626.6123813588655
" TV & Monitor (21""-32"")",241003,134,1.59646466588246,2.0,یزد,شرق,623.0,994.5974868447726
" TV(40""-50"")",241004,561,1.4979310469444544,2.0,آذربایجان شرقی,غرب,696.0,1042.5600086733402
" TV(40""-50"")",241004,561,1.4979310469444544,2.0,آذربایجان غربی,غرب,803.5,1203.587596219869
" TV(40""-50"")",241004,561,1.4979310469444544,2.0,اردبیل,غرب,698.0,1045.5558707672292
" TV(40""-50"")",241004,561,1.4979310469444544,2.0,اصفهان,مرکز,430.0,644.1103501861154
" TV(40""-50"")",241004,561,1.4979310469444544,2.0,ایلام,غرب,644.0,964.6675942322287
" TV(40""-50"")",241004,561,1.4979310469444544,2.0,بوشهر,جنوب,1019.0,1526.391736836399
" TV(40""-50"")",241004,561,1.4979310469444544,2.0,خراسان جنوبی,شرق,1033.0,1547.3627714936215
" TV(40""-50"")",241004,561,1.4979310469444544,2.0,خراسان رضوی,شرق,894.0,1339.1503559683422
" TV(40""-50"")",241004,561,1.4979310469444544,2.0,خراسان شمالی,شرق,700.0,1048.5517328611181
" TV(40""-50"")",241004,561,1.4979310469444544,2.0,خوزستان,جنوب,774.0,1159.3986303350077
" TV(40""-50"")",241004,561,1.4979310469444544,2.0,زنجان,غرب,353.0,528.7696595713924
" TV(40""-50"")",241004,561,1.4979310469444544,2.0,سمنان,شرق,282.0,422.4165552383362
" TV(40""-50"")",241004,561,1.4979310469444544,2.0,سیستان و بلوچستان,شرق,1647.5,2467.8413998409887
" TV(40""-50"")",241004,561,1.4979310469444544,2.0,فارس,جنوب,932.0,1396.0717357522315
" TV(40""-50"")",241004,561,1.4979310469444544,2.0,قزوین,شمال,199.0,298.0882783419464
" TV(40""-50"")",241004,561,1.4979310469444544,2.0,قم,مرکز,128.0,191.73517400889017
" TV(40""-50"")",241004,561,1.4979310469444544,2.0,لرستان,مرکز,414.5,620.8924189584764
" TV(40""-50"")",241004,561,1.4979310469444544,2.0,مازندران,شمال,231.0,346.022071844169
" TV(40""-50"")",241004,561,1.4979310469444544,2.0,مرکزی,مرکز,249.0,372.98483068916914
" TV(40""-50"")",241004,561,1.4979310469444544,2.0,هرمزگان,جنوب,1261.0,1888.8910501969572
" TV(40""-50"")",241004,561,1.4979310469444544,2.0,همدان,مرکز,299.5,448.6303485598641
" TV(40""-50"")",241004,561,1.4979310469444544,2.0,چهار محال بختیاری,جنوب,531.5,796.1503514509775
" TV(40""-50"")",241004,561,1.4979310469444544,2.0,کردستان,غرب,485.0,726.4965577680604
" TV(40""-50"")",241004,561,1.4979310469444544,2.0,کرمان,شرق,968.0,1449.9972534422318
" TV(40""-50"")",241004,561,1.4979310469444544,2.0,کرمانشاه,غرب,479.0,717.5089714863936
" TV(40""-50"")",241004,561,1.4979310469444544,2.0,کهگیلویه و بویراحمد,جنوب,888.0,1330.1627696866756
" TV(40""-50"")",241004,561,1.4979310469444544,2.0,گلستان,شمال,521.0,780.4220754580608
" TV(40""-50"")",241004,561,1.4979310469444544,2.0,گیلان,شمال,392.5,587.9379359256984
" TV(40""-50"")",241004,561,1.4979310469444544,2.0,یزد,شرق,623.0,933.2110422463951
" TV(51""-65"")",241005,639,1.5239225130148384,2.0,آذربایجان شرقی,غرب,696.0,1060.6500690583275
" TV(51""-65"")",241005,639,1.5239225130148384,2.0,آذربایجان غربی,غرب,803.5,1224.4717392074226
" TV(51""-65"")",241005,639,1.5239225130148384,2.0,اردبیل,غرب,698.0,1063.6979140843573
" TV(51""-65"")",241005,639,1.5239225130148384,2.0,اصفهان,مرکز,430.0,655.2866805963805
" TV(51""-65"")",241005,639,1.5239225130148384,2.0,ایلام,غرب,644.0,981.4060983815559
" TV(51""-65"")",241005,639,1.5239225130148384,2.0,بوشهر,جنوب,1019.0,1552.8770407621203
" TV(51""-65"")",241005,639,1.5239225130148384,2.0,خراسان جنوبی,شرق,1033.0,1574.211955944328
" TV(51""-65"")",241005,639,1.5239225130148384,2.0,خراسان رضوی,شرق,894.0,1362.3867266352654
" TV(51""-65"")",241005,639,1.5239225130148384,2.0,خراسان شمالی,شرق,700.0,1066.7457591103869
" TV(51""-65"")",241005,639,1.5239225130148384,2.0,خوزستان,جنوب,774.0,1179.5160250734848
" TV(51""-65"")",241005,639,1.5239225130148384,2.0,زنجان,غرب,353.0,537.944647094238
" TV(51""-65"")",241005,639,1.5239225130148384,2.0,سمنان,شرق,282.0,429.7461486701844
" TV(51""-65"")",241005,639,1.5239225130148384,2.0,سیستان و بلوچستان,شرق,1647.5,2510.6623401919464
" TV(51""-65"")",241005,639,1.5239225130148384,2.0,فارس,جنوب,932.0,1420.2957821298294
" TV(51""-65"")",241005,639,1.5239225130148384,2.0,قزوین,شمال,199.0,303.26058008995284
" TV(51""-65"")",241005,639,1.5239225130148384,2.0,قم,مرکز,128.0,195.0620816658993
" TV(51""-65"")",241005,639,1.5239225130148384,2.0,لرستان,مرکز,414.5,631.6658816446505
" TV(51""-65"")",241005,639,1.5239225130148384,2.0,مازندران,شمال,231.0,352.02610050642767
" TV(51""-65"")",241005,639,1.5239225130148384,2.0,مرکزی,مرکز,249.0,379.45670574069476
" TV(51""-65"")",241005,639,1.5239225130148384,2.0,هرمزگان,جنوب,1261.0,1921.6662889117113
" TV(51""-65"")",241005,639,1.5239225130148384,2.0,همدان,مرکز,299.5,456.41479264794407
" TV(51""-65"")",241005,639,1.5239225130148384,2.0,چهار محال بختیاری,جنوب,531.5,809.9648156673866
" TV(51""-65"")",241005,639,1.5239225130148384,2.0,کردستان,غرب,485.0,739.1024188121967
" TV(51""-65"")",241005,639,1.5239225130148384,2.0,کرمان,شرق,968.0,1475.1569925983636
" TV(51""-65"")",241005,639,1.5239225130148384,2.0,کرمانشاه,غرب,479.0,729.9588837341075
" TV(51""-65"")",241005,639,1.5239225130148384,2.0,کهگیلویه و بویراحمد,جنوب,888.0,1353.2431915571765
" TV(51""-65"")",241005,639,1.5239225130148384,2.0,گلستان,شمال,521.0,793.9636292807309
" TV(51""-65"")",241005,639,1.5239225130148384,2.0,گیلان,شمال,392.5,598.1395863583241
" TV(51""-65"")",241005,639,1.5239225130148384,2.0,یزد,شرق,623.0,949.4037256082443
" TV(>65"")",241006,223,1.3542707369719396,2.0,آذربایجان شرقی,غرب,696.0,942.57243293247
" TV(>65"")",241006,223,1.3542707369719396,2.0,آذربایجان غربی,غرب,803.5,1088.1565371569534
" TV(>65"")",241006,223,1.3542707369719396,2.0,اردبیل,غرب,698.0,945.2809744064139
" TV(>65"")",241006,223,1.3542707369719396,2.0,اصفهان,مرکز,430.0,582.336416897934
" TV(>65"")",241006,223,1.3542707369719396,2.0,ایلام,غرب,644.0,872.1503546099291
" TV(>65"")",241006,223,1.3542707369719396,2.0,بوشهر,جنوب,1019.0,1380.0018809744065
" TV(>65"")",241006,223,1.3542707369719396,2.0,خراسان جنوبی,شرق,1033.0,1398.9616712920135
" TV(>65"")",241006,223,1.3542707369719396,2.0,خراسان رضوی,شرق,894.0,1210.7180388529139
" TV(>65"")",241006,223,1.3542707369719396,2.0,خراسان شمالی,شرق,700.0,947.9895158803577
" TV(>65"")",241006,223,1.3542707369719396,2.0,خوزستان,جنوب,774.0,1048.2055504162813
" TV(>65"")",241006,223,1.3542707369719396,2.0,زنجان,غرب,353.0,478.05757015109464
" TV(>65"")",241006,223,1.3542707369719396,2.0,سمنان,شرق,282.0,381.90434782608696
" TV(>65"")",241006,223,1.3542707369719396,2.0,سیستان و بلوچستان,شرق,1647.5,2231.1610391612703
" TV(>65"")",241006,223,1.3542707369719396,2.0,فارس,جنوب,932.0,1262.1803268578476
" TV(>65"")",241006,223,1.3542707369719396,2.0,قزوین,شمال,199.0,269.499876657416
" TV(>65"")",241006,223,1.3542707369719396,2.0,قم,مرکز,128.0,173.34665433240826
" TV(>65"")",241006,223,1.3542707369719396,2.0,لرستان,مرکز,414.5,561.3452204748689
" TV(>65"")",241006,223,1.3542707369719396,2.0,مازندران,شمال,231.0,312.83654024051805
" TV(>65"")",241006,223,1.3542707369719396,2.0,مرکزی,مرکز,249.0,337.21341350601296
" TV(>65"")",241006,223,1.3542707369719396,2.0,هرمزگان,جنوب,1261.0,1707.735399321616
" TV(>65"")",241006,223,1.3542707369719396,2.0,همدان,مرکز,299.5,405.6040857230959
" TV(>65"")",241006,223,1.3542707369719396,2.0,چهار محال بختیاری,جنوب,531.5,719.7948967005859
" TV(>65"")",241006,223,1.3542707369719396,2.0,کردستان,غرب,485.0,656.8213074313907
" TV(>65"")",241006,223,1.3542707369719396,2.0,کرمان,شرق,968.0,1310.9340733888375
" TV(>65"")",241006,223,1.3542707369719396,2.0,کرمانشاه,غرب,479.0,648.695683009559
" TV(>65"")",241006,223,1.3542707369719396,2.0,کهگیلویه و بویراحمد,جنوب,888.0,1202.5924144310823
" TV(>65"")",241006,223,1.3542707369719396,2.0,گلستان,شمال,521.0,705.5750539623805
" TV(>65"")",241006,223,1.3542707369719396,2.0,گیلان,شمال,392.5,531.5512642614863
" TV(>65"")",241006,223,1.3542707369719396,2.0,یزد,شرق,623.0,843.7106691335183
 استند,241219,8,0.33976124885215797,2.0,آذربایجان شرقی,غرب,696.0,236.47382920110195
 استند,241219,8,0.33976124885215797,2.0,آذربایجان غربی,غرب,803.5,272.9981634527089
 استند,241219,8,0.33976124885215797,2.0,اردبیل,غرب,698.0,237.15335169880626
 استند,241219,8,0.33976124885215797,2.0,اصفهان,مرکز,430.0,146.09733700642792
 استند,241219,8,0.33976124885215797,2.0,ایلام,غرب,644.0,218.80624426078973
 استند,241219,8,0.33976124885215797,2.0,بوشهر,جنوب,1019.0,346.216712580349
 استند,241219,8,0.33976124885215797,2.0,خراسان جنوبی,شرق,1033.0,350.9733700642792
 استند,241219,8,0.33976124885215797,2.0,خراسان رضوی,شرق,894.0,303.74655647382923
 استند,241219,8,0.33976124885215797,2.0,خراسان شمالی,شرق,700.0,237.83287419651057
 استند,241219,8,0.33976124885215797,2.0,خوزستان,جنوب,774.0,262.9752066115703
 استند,241219,8,0.33976124885215797,2.0,زنجان,غرب,353.0,119.93572084481177
 استند,241219,8,0.33976124885215797,2.0,سمنان,شرق,282.0,95.81267217630855
 استند,241219,8,0.33976124885215797,2.0,سیستان و بلوچستان,شرق,1647.5,559.7566574839302
 استند,241219,8,0.33976124885215797,2.0,فارس,جنوب,932.0,316.65748393021124
 استند,241219,8,0.33976124885215797,2.0,قزوین,شمال,199.0,67.61248852157944
 استند,241219,8,0.33976124885215797,2.0,قم,مرکز,128.0,43.48943985307622
 استند,241219,8,0.33976124885215797,2.0,لرستان,مرکز,414.5,140.83103764921947
 استند,241219,8,0.33976124885215797,2.0,مازندران,شمال,231.0,78.48484848484848
 استند,241219,8,0.33976124885215797,2.0,مرکزی,مرکز,249.0,84.60055096418733
 استند,241219,8,0.33976124885215797,2.0,هرمزگان,جنوب,1261.0,428.4389348025712
 استند,241219,8,0.33976124885215797,2.0,همدان,مرکز,299.5,101.75849403122132
 استند,241219,8,0.33976124885215797,2.0,چهار محال بختیاری,جنوب,531.5,180.58310376492196
 استند,241219,8,0.33976124885215797,2.0,کردستان,غرب,485.0,164.78420569329663
 استند,241219,8,0.33976124885215797,2.0,کرمان,شرق,968.0,328.8888888888889
 استند,241219,8,0.33976124885215797,2.0,کرمانشاه,غرب,479.0,162.74563820018366
 استند,241219,8,0.33976124885215797,2.0,کهگیلویه و بویراحمد,جنوب,888.0,301.70798898071627
 استند,241219,8,0.33976124885215797,2.0,گلستان,شمال,521.0,177.0156106519743
 استند,241219,8,0.33976124885215797,2.0,گیلان,شمال,392.5,133.356290174472
 استند,241219,8,0.33976124885215797,2.0,یزد,شرق,623.0,211.6712580348944
" اسمارت برد""65",241214,7,1.9999999999999998,2.0,آذربایجان شرقی,غرب,696.0,1391.9999999999998
" اسمارت برد""65",241214,7,1.9999999999999998,2.0,آذربایجان غربی,غرب,803.5,1606.9999999999998
" اسمارت برد""65",241214,7,1.9999999999999998,2.0,اردبیل,غرب,698.0,1395.9999999999998
" اسمارت برد""65",241214,7,1.9999999999999998,2.0,اصفهان,مرکز,430.0,859.9999999999999
" اسمارت برد""65",241214,7,1.9999999999999998,2.0,ایلام,غرب,644.0,1287.9999999999998
" اسمارت برد""65",241214,7,1.9999999999999998,2.0,بوشهر,جنوب,1019.0,2037.9999999999998
" اسمارت برد""65",241214,7,1.9999999999999998,2.0,خراسان جنوبی,شرق,1033.0,2065.9999999999995
" اسمارت برد""65",241214,7,1.9999999999999998,2.0,خراسان رضوی,شرق,894.0,1787.9999999999998
" اسمارت برد""65",241214,7,1.9999999999999998,2.0,خراسان شمالی,شرق,700.0,1399.9999999999998
" اسمارت برد""65",241214,7,1.9999999999999998,2.0,خوزستان,جنوب,774.0,1547.9999999999998
" اسمارت برد""65",241214,7,1.9999999999999998,2.0,زنجان,غرب,353.0,705.9999999999999
" اسمارت برد""65",241214,7,1.9999999999999998,2.0,سمنان,شرق,282.0,563.9999999999999
" اسمارت برد""65",241214,7,1.9999999999999998,2.0,سیستان و بلوچستان,شرق,1647.5,3294.9999999999995
" اسمارت برد""65",241214,7,1.9999999999999998,2.0,فارس,جنوب,932.0,1863.9999999999998
" اسمارت برد""65",241214,7,1.9999999999999998,2.0,قزوین,شمال,199.0,397.99999999999994
" اسمارت برد""65",241214,7,1.9999999999999998,2.0,قم,مرکز,128.0,255.99999999999997
" اسمارت برد""65",241214,7,1.9999999999999998,2.0,لرستان,مرکز,414.5,828.9999999999999
" اسمارت برد""65",241214,7,1.9999999999999998,2.0,مازندران,شمال,231.0,461.99999999999994
" اسمارت برد""65",241214,7,1.9999999999999998,2.0,مرکزی,مرکز,249.0,497.99999999999994
" اسمارت برد""65",241214,7,1.9999999999999998,2.0,هرمزگان,جنوب,1261.0,2521.9999999999995
" اسمارت برد""65",241214,7,1.9999999999999998,2.0,همدان,مرکز,299.5,598.9999999999999
" اسمارت برد""65",241214,7,1.9999999999999998,2.0,چهار محال بختیاری,جنوب,531.5,1062.9999999999998
" اسمارت برد""65",241214,7,1.9999999999999998,2.0,کردستان,غرب,485.0,969.9999999999999
" اسمارت برد""65",241214,7,1.9999999999999998,2.0,کرمان,شرق,968.0,1935.9999999999998
" اسمارت برد""65",241214,7,1.9999999999999998,2.0,کرمانشاه,غرب,479.0,957.9999999999999
" اسمارت برد""65",241214,7,1.9999999999999998,2.0,کهگیلویه و بویراحمد,جنوب,888.0,1775.9999999999998
" اسمارت برد""65",241214,7,1.9999999999999998,2.0,گلستان,شمال,521.0,1041.9999999999998
" اسمارت برد""65",241214,7,1.9999999999999998,2.0,گیلان,شمال,392.5,784.9999999999999
" اسمارت برد""65",241214,7,1.9999999999999998,2.0,یزد,شرق,623.0,1245.9999999999998
" اسمارت برد""65",241513,1,0.0,0.0,آذربایجان شرقی,غرب,696.0,0.0
" اسمارت برد""65",241513,1,0.0,0.0,آذربایجان غربی,غرب,803.5,0.0
" اسمارت برد""65",241513,1,0.0,0.0,اردبیل,غرب,698.0,0.0
" اسمارت برد""65",241513,1,0.0,0.0,اصفهان,مرکز,430.0,0.0
" اسمارت برد""65",241513,1,0.0,0.0,ایلام,غرب,644.0,0.0
" اسمارت برد""65",241513,1,0.0,0.0,بوشهر,جنوب,1019.0,0.0
" اسمارت برد""65",241513,1,0.0,0.0,خراسان جنوبی,شرق,1033.0,0.0
" اسمارت برد""65",241513,1,0.0,0.0,خراسان رضوی,شرق,894.0,0.0
" اسمارت برد""65",241513,1,0.0,0.0,خراسان شمالی,شرق,700.0,0.0
" اسمارت برد""65",241513,1,0.0,0.0,خوزستان,جنوب,774.0,0.0
" اسمارت برد""65",241513,1,0.0,0.0,زنجان,غرب,353.0,0.0
" اسمارت برد""65",241513,1,0.0,0.0,سمنان,شرق,282.0,0.0
" اسمارت برد""65",241513,1,0.0,0.0,سیستان و بلوچستان,شرق,1647.5,0.0
" اسمارت برد""65",241513,1,0.0,0.0,فارس,جنوب,932.0,0.0
" اسمارت برد""65",241513,1,0.0,0.0,قزوین,شمال,199.0,0.0
" اسمارت برد""65",241513,1,0.0,0.0,قم,مرکز,128.0,0.0
" اسمارت برد""65",241513,1,0.0,0.0,لرستان,مرکز,414.5,0.0
" اسمارت برد""65",241513,1,0.0,0.0,مازندران,شمال,231.0,0.0
" اسمارت برد""65",241513,1,0.0,0.0,مرکزی,مرکز,249.0,0.0
" اسمارت برد""65",241513,1,0.0,0.0,هرمزگان,جنوب,1261.0,0.0
" اسمارت برد""65",241513,1,0.0,0.0,همدان,مرکز,299.5,0.0
" اسمارت برد""65",241513,1,0.0,0.0,چهار محال بختیاری,جنوب,531.5,0.0
" اسمارت برد""65",241513,1,0.0,0.0,کردستان,غرب,485.0,0.0
" اسمارت برد""65",241513,1,0.0,0.0,کرمان,شرق,968.0,0.0
" اسمارت برد""65",241513,1,0.0,0.0,کرمانشاه,غرب,479.0,0.0
" اسمارت برد""65",241513,1,0.0,0.0,کهگیلویه و بویراحمد,جنوب,888.0,0.0
" اسمارت برد""65",241513,1,0.0,0.0,گلستان,شمال,521.0,0.0
" اسمارت برد""65",241513,1,0.0,0.0,گیلان,شمال,392.5,0.0
" اسمارت برد""65",241513,1,0.0,0.0,یزد,شرق,623.0,0.0
" اسمارت برد""75",241215,5,0.0,2.0,آذربایجان شرقی,غرب,696.0,0.0
" اسمارت برد""75",241215,5,0.0,2.0,آذربایجان غربی,غرب,803.5,0.0
" اسمارت برد""75",241215,5,0.0,2.0,اردبیل,غرب,698.0,0.0
" اسمارت برد""75",241215,5,0.0,2.0,اصفهان,مرکز,430.0,0.0
" اسمارت برد""75",241215,5,0.0,2.0,ایلام,غرب,644.0,0.0
" اسمارت برد""75",241215,5,0.0,2.0,بوشهر,جنوب,1019.0,0.0
" اسمارت برد""75",241215,5,0.0,2.0,خراسان جنوبی,شرق,1033.0,0.0
" اسمارت برد""75",241215,5,0.0,2.0,خراسان رضوی,شرق,894.0,0.0
" اسمارت برد""75",241215,5,0.0,2.0,خراسان شمالی,شرق,700.0,0.0
" اسمارت برد""75",241215,5,0.0,2.0,خوزستان,جنوب,774.0,0.0
" اسمارت برد""75",241215,5,0.0,2.0,زنجان,غرب,353.0,0.0
" اسمارت برد""75",241215,5,0.0,2.0,سمنان,شرق,282.0,0.0
" اسمارت برد""75",241215,5,0.0,2.0,سیستان و بلوچستان,شرق,1647.5,0.0
" اسمارت برد""75",241215,5,0.0,2.0,فارس,جنوب,932.0,0.0
" اسمارت برد""75",241215,5,0.0,2.0,قزوین,شمال,199.0,0.0
" اسمارت برد""75",241215,5,0.0,2.0,قم,مرکز,128.0,0.0
" اسمارت برد""75",241215,5,0.0,2.0,لرستان,مرکز,414.5,0.0
" اسمارت برد""75",241215,5,0.0,2.0,مازندران,شمال,231.0,0.0
" اسمارت برد""75",241215,5,0.0,2.0,مرکزی,مرکز,249.0,0.0
" اسمارت برد""75",241215,5,0.0,2.0,هرمزگان,جنوب,1261.0,0.0
" اسمارت برد""75",241215,5,0.0,2.0,همدان,مرکز,299.5,0.0
" اسمارت برد""75",241215,5,0.0,2.0,چهار محال بختیاری,جنوب,531.5,0.0
" اسمارت برد""75",241215,5,0.0,2.0,کردستان,غرب,485.0,0.0
" اسمارت برد""75",241215,5,0.0,2.0,کرمان,شرق,968.0,0.0
" اسمارت برد""75",241215,5,0.0,2.0,کرمانشاه,غرب,479.0,0.0
" اسمارت برد""75",241215,5,0.0,2.0,کهگیلویه و بویراحمد,جنوب,888.0,0.0
" اسمارت برد""75",241215,5,0.0,2.0,گلستان,شمال,521.0,0.0
" اسمارت برد""75",241215,5,0.0,2.0,گیلان,شمال,392.5,0.0
" اسمارت برد""75",241215,5,0.0,2.0,یزد,شرق,623.0,0.0
" اسمارت برد""75",241514,1,0.0,0.0,آذربایجان شرقی,غرب,696.0,0.0
" اسمارت برد""75",241514,1,0.0,0.0,آذربایجان غربی,غرب,803.5,0.0
" اسمارت برد""75",241514,1,0.0,0.0,اردبیل,غرب,698.0,0.0
" اسمارت برد""75",241514,1,0.0,0.0,اصفهان,مرکز,430.0,0.0
" اسمارت برد""75",241514,1,0.0,0.0,ایلام,غرب,644.0,0.0
" اسمارت برد""75",241514,1,0.0,0.0,بوشهر,جنوب,1019.0,0.0
" اسمارت برد""75",241514,1,0.0,0.0,خراسان جنوبی,شرق,1033.0,0.0
" اسمارت برد""75",241514,1,0.0,0.0,خراسان رضوی,شرق,894.0,0.0
" اسمارت برد""75",241514,1,0.0,0.0,خراسان شمالی,شرق,700.0,0.0
" اسمارت برد""75",241514,1,0.0,0.0,خوزستان,جنوب,774.0,0.0
" اسمارت برد""75",241514,1,0.0,0.0,زنجان,غرب,353.0,0.0
" اسمارت برد""75",241514,1,0.0,0.0,سمنان,شرق,282.0,0.0
" اسمارت برد""75",241514,1,0.0,0.0,سیستان و بلوچستان,شرق,1647.5,0.0
" اسمارت برد""75",241514,1,0.0,0.0,فارس,جنوب,932.0,0.0
" اسمارت برد""75",241514,1,0.0,0.0,قزوین,شمال,199.0,0.0
" اسمارت برد""75",241514,1,0.0,0.0,قم,مرکز,128.0,0.0
" اسمارت برد""75",241514,1,0.0,0.0,لرستان,مرکز,414.5,0.0
" اسمارت برد""75",241514,1,0.0,0.0,مازندران,شمال,231.0,0.0
" اسمارت برد""75",241514,1,0.0,0.0,مرکزی,مرکز,249.0,0.0
" اسمارت برد""75",241514,1,0.0,0.0,هرمزگان,جنوب,1261.0,0.0
" اسمارت برد""75",241514,1,0.0,0.0,همدان,مرکز,299.5,0.0
" اسمارت برد""75",241514,1,0.0,0.0,چهار محال بختیاری,جنوب,531.5,0.0
" اسمارت برد""75",241514,1,0.0,0.0,کردستان,غرب,485.0,0.0
" اسمارت برد""75",241514,1,0.0,0.0,کرمان,شرق,968.0,0.0
" اسمارت برد""75",241514,1,0.0,0.0,کرمانشاه,غرب,479.0,0.0
" اسمارت برد""75",241514,1,0.0,0.0,کهگیلویه و بویراحمد,جنوب,888.0,0.0
" اسمارت برد""75",241514,1,0.0,0.0,گلستان,شمال,521.0,0.0
" اسمارت برد""75",241514,1,0.0,0.0,گیلان,شمال,392.5,0.0
" اسمارت برد""75",241514,1,0.0,0.0,یزد,شرق,623.0,0.0
" اسمارت برد""86",241216,4,1.3984112409383278,1.5529533094694177,آذربایجان شرقی,غرب,696.0,973.2942236930761
" اسمارت برد""86",241216,4,1.3984112409383278,1.5529533094694177,آذربایجان غربی,غرب,803.5,1123.6234320939463
" اسمارت برد""86",241216,4,1.3984112409383278,1.5529533094694177,اردبیل,غرب,698.0,976.0910461749528
" اسمارت برد""86",241216,4,1.3984112409383278,1.5529533094694177,اصفهان,مرکز,430.0,601.316833603481
" اسمارت برد""86",241216,4,1.3984112409383278,1.5529533094694177,ایلام,غرب,644.0,900.5768391642831
" اسمارت برد""86",241216,4,1.3984112409383278,1.5529533094694177,بوشهر,جنوب,1019.0,1424.981054516156
" اسمارت برد""86",241216,4,1.3984112409383278,1.5529533094694177,خراسان جنوبی,شرق,1033.0,1444.5588118892927
" اسمارت برد""86",241216,4,1.3984112409383278,1.5529533094694177,خراسان رضوی,شرق,894.0,1250.179649398865
" اسمارت برد""86",241216,4,1.3984112409383278,1.5529533094694177,خراسان شمالی,شرق,700.0,978.8878686568295
" اسمارت برد""86",241216,4,1.3984112409383278,1.5529533094694177,خوزستان,جنوب,774.0,1082.3703004862657
" اسمارت برد""86",241216,4,1.3984112409383278,1.5529533094694177,زنجان,غرب,353.0,493.6391680512297
" اسمارت برد""86",241216,4,1.3984112409383278,1.5529533094694177,سمنان,شرق,282.0,394.3519699446084
" اسمارت برد""86",241216,4,1.3984112409383278,1.5529533094694177,سیستان و بلوچستان,شرق,1647.5,2303.882519445895
" اسمارت برد""86",241216,4,1.3984112409383278,1.5529533094694177,فارس,جنوب,932.0,1303.3192765545216
" اسمارت برد""86",241216,4,1.3984112409383278,1.5529533094694177,قزوین,شمال,199.0,278.2838369467272
" اسمارت برد""86",241216,4,1.3984112409383278,1.5529533094694177,قم,مرکز,128.0,178.99663884010596
" اسمارت برد""86",241216,4,1.3984112409383278,1.5529533094694177,لرستان,مرکز,414.5,579.6414593689369
" اسمارت برد""86",241216,4,1.3984112409383278,1.5529533094694177,مازندران,شمال,231.0,323.0329966567537
" اسمارت برد""86",241216,4,1.3984112409383278,1.5529533094694177,مرکزی,مرکز,249.0,348.2043989936436
" اسمارت برد""86",241216,4,1.3984112409383278,1.5529533094694177,هرمزگان,جنوب,1261.0,1763.3965748232313
" اسمارت برد""86",241216,4,1.3984112409383278,1.5529533094694177,همدان,مرکز,299.5,418.82416666102915
" اسمارت برد""86",241216,4,1.3984112409383278,1.5529533094694177,چهار محال بختیاری,جنوب,531.5,743.2555745587213
" اسمارت برد""86",241216,4,1.3984112409383278,1.5529533094694177,کردستان,غرب,485.0,678.229451855089
" اسمارت برد""86",241216,4,1.3984112409383278,1.5529533094694177,کرمان,شرق,968.0,1353.6620812283013
" اسمارت برد""86",241216,4,1.3984112409383278,1.5529533094694177,کرمانشاه,غرب,479.0,669.838984409459
" اسمارت برد""86",241216,4,1.3984112409383278,1.5529533094694177,کهگیلویه و بویراحمد,جنوب,888.0,1241.7891819532351
" اسمارت برد""86",241216,4,1.3984112409383278,1.5529533094694177,گلستان,شمال,521.0,728.5722565288688
" اسمارت برد""86",241216,4,1.3984112409383278,1.5529533094694177,گیلان,شمال,392.5,548.8764120682937
" اسمارت برد""86",241216,4,1.3984112409383278,1.5529533094694177,یزد,شرق,623.0,871.2102031045782
" اسمارت برد""86",241515,1,0.0,0.0,آذربایجان شرقی,غرب,696.0,0.0
" اسمارت برد""86",241515,1,0.0,0.0,آذربایجان غربی,غرب,803.5,0.0
" اسمارت برد""86",241515,1,0.0,0.0,اردبیل,غرب,698.0,0.0
" اسمارت برد""86",241515,1,0.0,0.0,اصفهان,مرکز,430.0,0.0
" اسمارت برد""86",241515,1,0.0,0.0,ایلام,غرب,644.0,0.0
" اسمارت برد""86",241515,1,0.0,0.0,بوشهر,جنوب,1019.0,0.0
" اسمارت برد""86",241515,1,0.0,0.0,خراسان جنوبی,شرق,1033.0,0.0
" اسمارت برد""86",241515,1,0.0,0.0,خراسان رضوی,شرق,894.0,0.0
" اسمارت برد""86",241515,1,0.0,0.0,خراسان شمالی,شرق,700.0,0.0
" اسمارت برد""86",241515,1,0.0,0.0,خوزستان,جنوب,774.0,0.0
" اسمارت برد""86",241515,1,0.0,0.0,زنجان,غرب,353.0,0.0
" اسمارت برد""86",241515,1,0.0,0.0,سمنان,شرق,282.0,0.0
" اسمارت برد""86",241515,1,0.0,0.0,سیستان و بلوچستان,شرق,1647.5,0.0
" اسمارت برد""86",241515,1,0.0,0.0,فارس,جنوب,932.0,0.0
" اسمارت برد""86",241515,1,0.0,0.0,قزوین,شمال,199.0,0.0
" اسمارت برد""86",241515,1,0.0,0.0,قم,مرکز,128.0,0.0
" اسمارت برد""86",241515,1,0.0,0.0,لرستان,مرکز,414.5,0.0
" اسمارت برد""86",241515,1,0.0,0.0,مازندران,شمال,231.0,0.0
" اسمارت برد""86",241515,1,0.0,0.0,مرکزی,مرکز,249.0,0.0
" اسمارت برد""86",241515,1,0.0,0.0,هرمزگان,جنوب,1261.0,0.0
" اسمارت برد""86",241515,1,0.0,0.0,همدان,مرکز,299.5,0.0
" اسمارت برد""86",241515,1,0.0,0.0,چهار محال بختیاری,جنوب,531.5,0.0
" اسمارت برد""86",241515,1,0.0,0.0,کردستان,غرب,485.0,0.0
" اسمارت برد""86",241515,1,0.0,0.0,کرمان,شرق,968.0,0.0
" اسمارت برد""86",241515,1,0.0,0.0,کرمانشاه,غرب,479.0,0.0
" اسمارت برد""86",241515,1,0.0,0.0,کهگیلویه و بویراحمد,جنوب,888.0,0.0
" اسمارت برد""86",241515,1,0.0,0.0,گلستان,شمال,521.0,0.0
" اسمارت برد""86",241515,1,0.0,0.0,گیلان,شمال,392.5,0.0
" اسمارت برد""86",241515,1,0.0,0.0,یزد,شرق,623.0,0.0
" اسمارت برد""98",241218,4,0.832208726945569,1.85,آذربایجان شرقی,غرب,696.0,579.2172739541161
" اسمارت برد""98",241218,4,0.832208726945569,1.85,آذربایجان غربی,غرب,803.5,668.6797121007647
" اسمارت برد""98",241218,4,0.832208726945569,1.85,اردبیل,غرب,698.0,580.8816914080072
" اسمارت برد""98",241218,4,0.832208726945569,1.85,اصفهان,مرکز,430.0,357.84975258659466
" اسمارت برد""98",241218,4,0.832208726945569,1.85,ایلام,غرب,644.0,535.9424201529464
" اسمارت برد""98",241218,4,0.832208726945569,1.85,بوشهر,جنوب,1019.0,848.0206927575348
" اسمارت برد""98",241218,4,0.832208726945569,1.85,خراسان جنوبی,شرق,1033.0,859.6716149347728
" اسمارت برد""98",241218,4,0.832208726945569,1.85,خراسان رضوی,شرق,894.0,743.9946018893387
" اسمارت برد""98",241218,4,0.832208726945569,1.85,خراسان شمالی,شرق,700.0,582.5461088618983
" اسمارت برد""98",241218,4,0.832208726945569,1.85,خوزستان,جنوب,774.0,644.1295546558704
" اسمارت برد""98",241218,4,0.832208726945569,1.85,زنجان,غرب,353.0,293.7696806117859
" اسمارت برد""98",241218,4,0.832208726945569,1.85,سمنان,شرق,282.0,234.68286099865045
" اسمارت برد""98",241218,4,0.832208726945569,1.85,سیستان و بلوچستان,شرق,1647.5,1371.063877642825
" اسمارت برد""98",241218,4,0.832208726945569,1.85,فارس,جنوب,932.0,775.6185335132703
" اسمارت برد""98",241218,4,0.832208726945569,1.85,قزوین,شمال,199.0,165.60953666216824
" اسمارت برد""98",241218,4,0.832208726945569,1.85,قم,مرکز,128.0,106.52271704903283
" اسمارت برد""98",241218,4,0.832208726945569,1.85,لرستان,مرکز,414.5,344.95051731893835
" اسمارت برد""98",241218,4,0.832208726945569,1.85,مازندران,شمال,231.0,192.24021592442645
" اسمارت برد""98",241218,4,0.832208726945569,1.85,مرکزی,مرکز,249.0,207.21997300944668
" اسمارت برد""98",241218,4,0.832208726945569,1.85,هرمزگان,جنوب,1261.0,1049.4152046783624
" اسمارت برد""98",241218,4,0.832208726945569,1.85,همدان,مرکز,299.5,249.24651372019792
" اسمارت برد""98",241218,4,0.832208726945569,1.85,چهار محال بختیاری,جنوب,531.5,442.3189383715699
" اسمارت برد""98",241218,4,0.832208726945569,1.85,کردستان,غرب,485.0,403.621232568601
" اسمارت برد""98",241218,4,0.832208726945569,1.85,کرمان,شرق,968.0,805.5780476833108
" اسمارت برد""98",241218,4,0.832208726945569,1.85,کرمانشاه,غرب,479.0,398.6279802069276
" اسمارت برد""98",241218,4,0.832208726945569,1.85,کهگیلویه و بویراحمد,جنوب,888.0,739.0013495276653
" اسمارت برد""98",241218,4,0.832208726945569,1.85,گلستان,شمال,521.0,433.58074673864144
" اسمارت برد""98",241218,4,0.832208726945569,1.85,گیلان,شمال,392.5,326.64192532613583
" اسمارت برد""98",241218,4,0.832208726945569,1.85,یزد,شرق,623.0,518.4660368870894
 رک / براکت,241208,11,2.0,2.0,آذربایجان شرقی,غرب,696.0,1392.0
 رک / براکت,241208,11,2.0,2.0,آذربایجان غربی,غرب,803.5,1607.0
 رک / براکت,241208,11,2.0,2.0,اردبیل,غرب,698.0,1396.0
 رک / براکت,241208,11,2.0,2.0,اصفهان,مرکز,430.0,860.0
 رک / براکت,241208,11,2.0,2.0,ایلام,غرب,644.0,1288.0
 رک / براکت,241208,11,2.0,2.0,بوشهر,جنوب,1019.0,2038.0
 رک / براکت,241208,11,2.0,2.0,خراسان جنوبی,شرق,1033.0,2066.0
 رک / براکت,241208,11,2.0,2.0,خراسان رضوی,شرق,894.0,1788.0
 رک / براکت,241208,11,2.0,2.0,خراسان شمالی,شرق,700.0,1400.0
 رک / براکت,241208,11,2.0,2.0,خوزستان,جنوب,774.0,1548.0
 رک / براکت,241208,11,2.0,2.0,زنجان,غرب,353.0,706.0
 رک / براکت,241208,11,2.0,2.0,سمنان,شرق,282.0,564.0
 رک / براکت,241208,11,2.0,2.0,سیستان و بلوچستان,شرق,1647.5,3295.0
 رک / براکت,241208,11,2.0,2.0,فارس,جنوب,932.0,1864.0
 رک / براکت,241208,11,2.0,2.0,قزوین,شمال,199.0,398.0
 رک / براکت,241208,11,2.0,2.0,قم,مرکز,128.0,256.0
 رک / براکت,241208,11,2.0,2.0,لرستان,مرکز,414.5,829.0
 رک / براکت,241208,11,2.0,2.0,مازندران,شمال,231.0,462.0
 رک / براکت,241208,11,2.0,2.0,مرکزی,مرکز,249.0,498.0
 رک / براکت,241208,11,2.0,2.0,هرمزگان,جنوب,1261.0,2522.0
 رک / براکت,241208,11,2.0,2.0,همدان,مرکز,299.5,599.0
 رک / براکت,241208,11,2.0,2.0,چهار محال بختیاری,جنوب,531.5,1063.0
 رک / براکت,241208,11,2.0,2.0,کردستان,غرب,485.0,970.0
 رک / براکت,241208,11,2.0,2.0,کرمان,شرق,968.0,1936.0
 رک / براکت,241208,11,2.0,2.0,کرمانشاه,غرب,479.0,958.0
 رک / براکت,241208,11,2.0,2.0,کهگیلویه و بویراحمد,جنوب,888.0,1776.0
 رک / براکت,241208,11,2.0,2.0,گلستان,شمال,521.0,1042.0
 رک / براکت,241208,11,2.0,2.0,گیلان,شمال,392.5,785.0
 رک / براکت,241208,11,2.0,2.0,یزد,شرق,623.0,1246.0
 سایر,241207,50,0.06607142857142857,2.0,آذربایجان شرقی,غرب,696.0,45.98571428571429
 سایر,241207,50,0.06607142857142857,2.0,آذربایجان غربی,غرب,803.5,53.08839285714286
 سایر,241207,50,0.06607142857142857,2.0,اردبیل,غرب,698.0,46.11785714285714
 سایر,241207,50,0.06607142857142857,2.0,اصفهان,مرکز,430.0,28.410714285714285
 سایر,241207,50,0.06607142857142857,2.0,ایلام,غرب,644.0,42.550000000000004
 سایر,241207,50,0.06607142857142857,2.0,بوشهر,جنوب,1019.0,67.32678571428572
 سایر,241207,50,0.06607142857142857,2.0,خراسان جنوبی,شرق,1033.0,68.25178571428572
 سایر,241207,50,0.06607142857142857,2.0,خراسان رضوی,شرق,894.0,59.06785714285714
 سایر,241207,50,0.06607142857142857,2.0,خراسان شمالی,شرق,700.0,46.25
 سایر,241207,50,0.06607142857142857,2.0,خوزستان,جنوب,774.0,51.13928571428571
 سایر,241207,50,0.06607142857142857,2.0,زنجان,غرب,353.0,23.323214285714286
 سایر,241207,50,0.06607142857142857,2.0,سمنان,شرق,282.0,18.632142857142856
 سایر,241207,50,0.06607142857142857,2.0,سیستان و بلوچستان,شرق,1647.5,108.85267857142857
 سایر,241207,50,0.06607142857142857,2.0,فارس,جنوب,932.0,61.57857142857143
 سایر,241207,50,0.06607142857142857,2.0,قزوین,شمال,199.0,13.148214285714285
 سایر,241207,50,0.06607142857142857,2.0,قم,مرکز,128.0,8.457142857142857
 سایر,241207,50,0.06607142857142857,2.0,لرستان,مرکز,414.5,27.386607142857144
 سایر,241207,50,0.06607142857142857,2.0,مازندران,شمال,231.0,15.262500000000001
 سایر,241207,50,0.06607142857142857,2.0,مرکزی,مرکز,249.0,16.451785714285716
 سایر,241207,50,0.06607142857142857,2.0,هرمزگان,جنوب,1261.0,83.31607142857143
 سایر,241207,50,0.06607142857142857,2.0,همدان,مرکز,299.5,19.788392857142856
 سایر,241207,50,0.06607142857142857,2.0,چهار محال بختیاری,جنوب,531.5,35.11696428571429
 سایر,241207,50,0.06607142857142857,2.0,کردستان,غرب,485.0,32.04464285714286
 سایر,241207,50,0.06607142857142857,2.0,کرمان,شرق,968.0,63.957142857142856
 سایر,241207,50,0.06607142857142857,2.0,کرمانشاه,غرب,479.0,31.648214285714285
 سایر,241207,50,0.06607142857142857,2.0,کهگیلویه و بویراحمد,جنوب,888.0,58.67142857142857
 سایر,241207,50,0.06607142857142857,2.0,گلستان,شمال,521.0,34.42321428571429
 سایر,241207,50,0.06607142857142857,2.0,گیلان,شمال,392.5,25.933035714285715
 سایر,241207,50,0.06607142857142857,2.0,یزد,شرق,623.0,41.1625
 پرینتر / کارتریج,241212,10,2.0,2.0,آذربایجان شرقی,غرب,696.0,1392.0
 پرینتر / کارتریج,241212,10,2.0,2.0,آذربایجان غربی,غرب,803.5,1607.0
 پرینتر / کارتریج,241212,10,2.0,2.0,اردبیل,غرب,698.0,1396.0
 پرینتر / کارتریج,241212,10,2.0,2.0,اصفهان,مرکز,430.0,860.0
 پرینتر / کارتریج,241212,10,2.0,2.0,ایلام,غرب,644.0,1288.0
 پرینتر / کارتریج,241212,10,2.0,2.0,بوشهر,جنوب,1019.0,2038.0
 پرینتر / کارتریج,241212,10,2.0,2.0,خراسان جنوبی,شرق,1033.0,2066.0
 پرینتر / کارتریج,241212,10,2.0,2.0,خراسان رضوی,شرق,894.0,1788.0
 پرینتر / کارتریج,241212,10,2.0,2.0,خراسان شمالی,شرق,700.0,1400.0
 پرینتر / کارتریج,241212,10,2.0,2.0,خوزستان,جنوب,774.0,1548.0
 پرینتر / کارتریج,241212,10,2.0,2.0,زنجان,غرب,353.0,706.0
 پرینتر / کارتریج,241212,10,2.0,2.0,سمنان,شرق,282.0,564.0
 پرینتر / کارتریج,241212,10,2.0,2.0,سیستان و بلوچستان,شرق,1647.5,3295.0
 پرینتر / کارتریج,241212,10,2.0,2.0,فارس,جنوب,932.0,1864.0
 پرینتر / کارتریج,241212,10,2.0,2.0,قزوین,شمال,199.0,398.0
 پرینتر / کارتریج,241212,10,2.0,2.0,قم,مرکز,128.0,256.0
 پرینتر / کارتریج,241212,10,2.0,2.0,لرستان,مرکز,414.5,829.0
 پرینتر / کارتریج,241212,10,2.0,2.0,مازندران,شمال,231.0,462.0
 پرینتر / کارتریج,241212,10,2.0,2.0,مرکزی,مرکز,249.0,498.0
 پرینتر / کارتریج,241212,10,2.0,2.0,هرمزگان,جنوب,1261.0,2522.0
 پرینتر / کارتریج,241212,10,2.0,2.0,همدان,مرکز,299.5,599.0
 پرینتر / کارتریج,241212,10,2.0,2.0,چهار محال بختیاری,جنوب,531.5,1063.0
 پرینتر / کارتریج,241212,10,2.0,2.0,کردستان,غرب,485.0,970.0
 پرینتر / کارتریج,241212,10,2.0,2.0,کرمان,شرق,968.0,1936.0
 پرینتر / کارتریج,241212,10,2.0,2.0,کرمانشاه,غرب,479.0,958.0
 پرینتر / کارتریج,241212,10,2.0,2.0,کهگیلویه و بویراحمد,جنوب,888.0,1776.0
 پرینتر / کارتریج,241212,10,2.0,2.0,گلستان,شمال,521.0,1042.0
 پرینتر / کارتریج,241212,10,2.0,2.0,گیلان,شمال,392.5,785.0
 پرینتر / کارتریج,241212,10,2.0,2.0,یزد,شرق,623.0,1246.0
 کیبورد ، موس,241206,4,2.0,2.0,آذربایجان شرقی,غرب,696.0,1392.0
 کیبورد ، موس,241206,4,2.0,2.0,آذربایجان غربی,غرب,803.5,1607.0
 کیبورد ، موس,241206,4,2.0,2.0,اردبیل,غرب,698.0,1396.0
 کیبورد ، موس,241206,4,2.0,2.0,اصفهان,مرکز,430.0,860.0
 کیبورد ، موس,241206,4,2.0,2.0,ایلام,غرب,644.0,1288.0
 کیبورد ، موس,241206,4,2.0,2.0,بوشهر,جنوب,1019.0,2038.0
 کیبورد ، موس,241206,4,2.0,2.0,خراسان جنوبی,شرق,1033.0,2066.0
 کیبورد ، موس,241206,4,2.0,2.0,خراسان رضوی,شرق,894.0,1788.0
 کیبورد ، موس,241206,4,2.0,2.0,خراسان شمالی,شرق,700.0,1400.0
 کیبورد ، موس,241206,4,2.0,2.0,خوزستان,جنوب,774.0,1548.0
 کیبورد ، موس,241206,4,2.0,2.0,زنجان,غرب,353.0,706.0
 کیبورد ، موس,241206,4,2.0,2.0,سمنان,شرق,282.0,564.0
 کیبورد ، موس,241206,4,2.0,2.0,سیستان و بلوچستان,شرق,1647.5,3295.0
 کیبورد ، موس,241206,4,2.0,2.0,فارس,جنوب,932.0,1864.0
 کیبورد ، موس,241206,4,2.0,2.0,قزوین,شمال,199.0,398.0
 کیبورد ، موس,241206,4,2.0,2.0,قم,مرکز,128.0,256.0
 کیبورد ، موس,241206,4,2.0,2.0,لرستان,مرکز,414.5,829.0
 کیبورد ، موس,241206,4,2.0,2.0,مازندران,شمال,231.0,462.0
 کیبورد ، موس,241206,4,2.0,2.0,مرکزی,مرکز,249.0,498.0
 کیبورد ، موس,241206,4,2.0,2.0,هرمزگان,جنوب,1261.0,2522.0
 کیبورد ، موس,241206,4,2.0,2.0,همدان,مرکز,299.5,599.0
 کیبورد ، موس,241206,4,2.0,2.0,چهار محال بختیاری,جنوب,531.5,1063.0
 کیبورد ، موس,241206,4,2.0,2.0,کردستان,غرب,485.0,970.0
 کیبورد ، موس,241206,4,2.0,2.0,کرمان,شرق,968.0,1936.0
 کیبورد ، موس,241206,4,2.0,2.0,کرمانشاه,غرب,479.0,958.0
 کیبورد ، موس,241206,4,2.0,2.0,کهگیلویه و بویراحمد,جنوب,888.0,1776.0
 کیبورد ، موس,241206,4,2.0,2.0,گلستان,شمال,521.0,1042.0
 کیبورد ، موس,241206,4,2.0,2.0,گیلان,شمال,392.5,785.0
 کیبورد ، موس,241206,4,2.0,2.0,یزد,شرق,623.0,1246.0
"(140/160/180/200/220) LTE4,5",241123,35,2.0,2.0,آذربایجان شرقی,غرب,696.0,1392.0
"(140/160/180/200/220) LTE4,5",241123,35,2.0,2.0,آذربایجان غربی,غرب,803.5,1607.0
"(140/160/180/200/220) LTE4,5",241123,35,2.0,2.0,اردبیل,غرب,698.0,1396.0
"(140/160/180/200/220) LTE4,5",241123,35,2.0,2.0,اصفهان,مرکز,430.0,860.0
"(140/160/180/200/220) LTE4,5",241123,35,2.0,2.0,ایلام,غرب,644.0,1288.0
"(140/160/180/200/220) LTE4,5",241123,35,2.0,2.0,بوشهر,جنوب,1019.0,2038.0
"(140/160/180/200/220) LTE4,5",241123,35,2.0,2.0,خراسان جنوبی,شرق,1033.0,2066.0
"(140/160/180/200/220) LTE4,5",241123,35,2.0,2.0,خراسان رضوی,شرق,894.0,1788.0
"(140/160/180/200/220) LTE4,5",241123,35,2.0,2.0,خراسان شمالی,شرق,700.0,1400.0
"(140/160/180/200/220) LTE4,5",241123,35,2.0,2.0,خوزستان,جنوب,774.0,1548.0
"(140/160/180/200/220) LTE4,5",241123,35,2.0,2.0,زنجان,غرب,353.0,706.0
"(140/160/180/200/220) LTE4,5",241123,35,2.0,2.0,سمنان,شرق,282.0,564.0
"(140/160/180/200/220) LTE4,5",241123,35,2.0,2.0,سیستان و بلوچستان,شرق,1647.5,3295.0
"(140/160/180/200/220) LTE4,5",241123,35,2.0,2.0,فارس,جنوب,932.0,1864.0
"(140/160/180/200/220) LTE4,5",241123,35,2.0,2.0,قزوین,شمال,199.0,398.0
"(140/160/180/200/220) LTE4,5",241123,35,2.0,2.0,قم,مرکز,128.0,256.0
"(140/160/180/200/220) LTE4,5",241123,35,2.0,2.0,لرستان,مرکز,414.5,829.0
"(140/160/180/200/220) LTE4,5",241123,35,2.0,2.0,مازندران,شمال,231.0,462.0
"(140/160/180/200/220) LTE4,5",241123,35,2.0,2.0,مرکزی,مرکز,249.0,498.0
"(140/160/180/200/220) LTE4,5",241123,35,2.0,2.0,هرمزگان,جنوب,1261.0,2522.0
"(140/160/180/200/220) LTE4,5",241123,35,2.0,2.0,همدان,مرکز,299.5,599.0
"(140/160/180/200/220) LTE4,5",241123,35,2.0,2.0,چهار محال بختیاری,جنوب,531.5,1063.0
"(140/160/180/200/220) LTE4,5",241123,35,2.0,2.0,کردستان,غرب,485.0,970.0
"(140/160/180/200/220) LTE4,5",241123,35,2.0,2.0,کرمان,شرق,968.0,1936.0
"(140/160/180/200/220) LTE4,5",241123,35,2.0,2.0,کرمانشاه,غرب,479.0,958.0
"(140/160/180/200/220) LTE4,5",241123,35,2.0,2.0,کهگیلویه و بویراحمد,جنوب,888.0,1776.0
"(140/160/180/200/220) LTE4,5",241123,35,2.0,2.0,گلستان,شمال,521.0,1042.0
"(140/160/180/200/220) LTE4,5",241123,35,2.0,2.0,گیلان,شمال,392.5,785.0
"(140/160/180/200/220) LTE4,5",241123,35,2.0,2.0,یزد,شرق,623.0,1246.0
"(80/100/120)LTE4,5",241122,13,2.0,2.0,آذربایجان شرقی,غرب,696.0,1392.0
"(80/100/120)LTE4,5",241122,13,2.0,2.0,آذربایجان غربی,غرب,803.5,1607.0
"(80/100/120)LTE4,5",241122,13,2.0,2.0,اردبیل,غرب,698.0,1396.0
"(80/100/120)LTE4,5",241122,13,2.0,2.0,اصفهان,مرکز,430.0,860.0
"(80/100/120)LTE4,5",241122,13,2.0,2.0,ایلام,غرب,644.0,1288.0
"(80/100/120)LTE4,5",241122,13,2.0,2.0,بوشهر,جنوب,1019.0,2038.0
"(80/100/120)LTE4,5",241122,13,2.0,2.0,خراسان جنوبی,شرق,1033.0,2066.0
"(80/100/120)LTE4,5",241122,13,2.0,2.0,خراسان رضوی,شرق,894.0,1788.0
"(80/100/120)LTE4,5",241122,13,2.0,2.0,خراسان شمالی,شرق,700.0,1400.0
"(80/100/120)LTE4,5",241122,13,2.0,2.0,خوزستان,جنوب,774.0,1548.0
"(80/100/120)LTE4,5",241122,13,2.0,2.0,زنجان,غرب,353.0,706.0
"(80/100/120)LTE4,5",241122,13,2.0,2.0,سمنان,شرق,282.0,564.0
"(80/100/120)LTE4,5",241122,13,2.0,2.0,سیستان و بلوچستان,شرق,1647.5,3295.0
"(80/100/120)LTE4,5",241122,13,2.0,2.0,فارس,جنوب,932.0,1864.0
"(80/100/120)LTE4,5",241122,13,2.0,2.0,قزوین,شمال,199.0,398.0
"(80/100/120)LTE4,5",241122,13,2.0,2.0,قم,مرکز,128.0,256.0
"(80/100/120)LTE4,5",241122,13,2.0,2.0,لرستان,مرکز,414.5,829.0
"(80/100/120)LTE4,5",241122,13,2.0,2.0,مازندران,شمال,231.0,462.0
"(80/100/120)LTE4,5",241122,13,2.0,2.0,مرکزی,مرکز,249.0,498.0
"(80/100/120)LTE4,5",241122,13,2.0,2.0,هرمزگان,جنوب,1261.0,2522.0
"(80/100/120)LTE4,5",241122,13,2.0,2.0,همدان,مرکز,299.5,599.0
"(80/100/120)LTE4,5",241122,13,2.0,2.0,چهار محال بختیاری,جنوب,531.5,1063.0
"(80/100/120)LTE4,5",241122,13,2.0,2.0,کردستان,غرب,485.0,970.0
"(80/100/120)LTE4,5",241122,13,2.0,2.0,کرمان,شرق,968.0,1936.0
"(80/100/120)LTE4,5",241122,13,2.0,2.0,کرمانشاه,غرب,479.0,958.0
"(80/100/120)LTE4,5",241122,13,2.0,2.0,کهگیلویه و بویراحمد,جنوب,888.0,1776.0
"(80/100/120)LTE4,5",241122,13,2.0,2.0,گلستان,شمال,521.0,1042.0
"(80/100/120)LTE4,5",241122,13,2.0,2.0,گیلان,شمال,392.5,785.0
"(80/100/120)LTE4,5",241122,13,2.0,2.0,یزد,شرق,623.0,1246.0
12000 IN & OD,241102,95,1.9999999999999998,2.0,آذربایجان شرقی,غرب,696.0,1391.9999999999998
12000 IN & OD,241102,95,1.9999999999999998,2.0,آذربایجان غربی,غرب,803.5,1606.9999999999998
12000 IN & OD,241102,95,1.9999999999999998,2.0,اردبیل,غرب,698.0,1395.9999999999998
12000 IN & OD,241102,95,1.9999999999999998,2.0,اصفهان,مرکز,430.0,859.9999999999999
12000 IN & OD,241102,95,1.9999999999999998,2.0,ایلام,غرب,644.0,1287.9999999999998
12000 IN & OD,241102,95,1.9999999999999998,2.0,بوشهر,جنوب,1019.0,2037.9999999999998
12000 IN & OD,241102,95,1.9999999999999998,2.0,خراسان جنوبی,شرق,1033.0,2065.9999999999995
12000 IN & OD,241102,95,1.9999999999999998,2.0,خراسان رضوی,شرق,894.0,1787.9999999999998
12000 IN & OD,241102,95,1.9999999999999998,2.0,خراسان شمالی,شرق,700.0,1399.9999999999998
12000 IN & OD,241102,95,1.9999999999999998,2.0,خوزستان,جنوب,774.0,1547.9999999999998
12000 IN & OD,241102,95,1.9999999999999998,2.0,زنجان,غرب,353.0,705.9999999999999
12000 IN & OD,241102,95,1.9999999999999998,2.0,سمنان,شرق,282.0,563.9999999999999
12000 IN & OD,241102,95,1.9999999999999998,2.0,سیستان و بلوچستان,شرق,1647.5,3294.9999999999995
12000 IN & OD,241102,95,1.9999999999999998,2.0,فارس,جنوب,932.0,1863.9999999999998
12000 IN & OD,241102,95,1.9999999999999998,2.0,قزوین,شمال,199.0,397.99999999999994
12000 IN & OD,241102,95,1.9999999999999998,2.0,قم,مرکز,128.0,255.99999999999997
12000 IN & OD,241102,95,1.9999999999999998,2.0,لرستان,مرکز,414.5,828.9999999999999
12000 IN & OD,241102,95,1.9999999999999998,2.0,مازندران,شمال,231.0,461.99999999999994
12000 IN & OD,241102,95,1.9999999999999998,2.0,مرکزی,مرکز,249.0,497.99999999999994
12000 IN & OD,241102,95,1.9999999999999998,2.0,هرمزگان,جنوب,1261.0,2521.9999999999995
12000 IN & OD,241102,95,1.9999999999999998,2.0,همدان,مرکز,299.5,598.9999999999999
12000 IN & OD,241102,95,1.9999999999999998,2.0,چهار محال بختیاری,جنوب,531.5,1062.9999999999998
12000 IN & OD,241102,95,1.9999999999999998,2.0,کردستان,غرب,485.0,969.9999999999999
12000 IN & OD,241102,95,1.9999999999999998,2.0,کرمان,شرق,968.0,1935.9999999999998
12000 IN & OD,241102,95,1.9999999999999998,2.0,کرمانشاه,غرب,479.0,957.9999999999999
12000 IN & OD,241102,95,1.9999999999999998,2.0,کهگیلویه و بویراحمد,جنوب,888.0,1775.9999999999998
12000 IN & OD,241102,95,1.9999999999999998,2.0,گلستان,شمال,521.0,1041.9999999999998
12000 IN & OD,241102,95,1.9999999999999998,2.0,گیلان,شمال,392.5,784.9999999999999
12000 IN & OD,241102,95,1.9999999999999998,2.0,یزد,شرق,623.0,1245.9999999999998
18000 IN & OD,241103,103,1.9999999999999998,2.0,آذربایجان شرقی,غرب,696.0,1391.9999999999998
18000 IN & OD,241103,103,1.9999999999999998,2.0,آذربایجان غربی,غرب,803.5,1606.9999999999998
18000 IN & OD,241103,103,1.9999999999999998,2.0,اردبیل,غرب,698.0,1395.9999999999998
18000 IN & OD,241103,103,1.9999999999999998,2.0,اصفهان,مرکز,430.0,859.9999999999999
18000 IN & OD,241103,103,1.9999999999999998,2.0,ایلام,غرب,644.0,1287.9999999999998
18000 IN & OD,241103,103,1.9999999999999998,2.0,بوشهر,جنوب,1019.0,2037.9999999999998
18000 IN & OD,241103,103,1.9999999999999998,2.0,خراسان جنوبی,شرق,1033.0,2065.9999999999995
18000 IN & OD,241103,103,1.9999999999999998,2.0,خراسان رضوی,شرق,894.0,1787.9999999999998
18000 IN & OD,241103,103,1.9999999999999998,2.0,خراسان شمالی,شرق,700.0,1399.9999999999998
18000 IN & OD,241103,103,1.9999999999999998,2.0,خوزستان,جنوب,774.0,1547.9999999999998
18000 IN & OD,241103,103,1.9999999999999998,2.0,زنجان,غرب,353.0,705.9999999999999
18000 IN & OD,241103,103,1.9999999999999998,2.0,سمنان,شرق,282.0,563.9999999999999
18000 IN & OD,241103,103,1.9999999999999998,2.0,سیستان و بلوچستان,شرق,1647.5,3294.9999999999995
18000 IN & OD,241103,103,1.9999999999999998,2.0,فارس,جنوب,932.0,1863.9999999999998
18000 IN & OD,241103,103,1.9999999999999998,2.0,قزوین,شمال,199.0,397.99999999999994
18000 IN & OD,241103,103,1.9999999999999998,2.0,قم,مرکز,128.0,255.99999999999997
18000 IN & OD,241103,103,1.9999999999999998,2.0,لرستان,مرکز,414.5,828.9999999999999
18000 IN & OD,241103,103,1.9999999999999998,2.0,مازندران,شمال,231.0,461.99999999999994
18000 IN & OD,241103,103,1.9999999999999998,2.0,مرکزی,مرکز,249.0,497.99999999999994
18000 IN & OD,241103,103,1.9999999999999998,2.0,هرمزگان,جنوب,1261.0,2521.9999999999995
18000 IN & OD,241103,103,1.9999999999999998,2.0,همدان,مرکز,299.5,598.9999999999999
18000 IN & OD,241103,103,1.9999999999999998,2.0,چهار محال بختیاری,جنوب,531.5,1062.9999999999998
18000 IN & OD,241103,103,1.9999999999999998,2.0,کردستان,غرب,485.0,969.9999999999999
18000 IN & OD,241103,103,1.9999999999999998,2.0,کرمان,شرق,968.0,1935.9999999999998
18000 IN & OD,241103,103,1.9999999999999998,2.0,کرمانشاه,غرب,479.0,957.9999999999999
18000 IN & OD,241103,103,1.9999999999999998,2.0,کهگیلویه و بویراحمد,جنوب,888.0,1775.9999999999998
18000 IN & OD,241103,103,1.9999999999999998,2.0,گلستان,شمال,521.0,1041.9999999999998
18000 IN & OD,241103,103,1.9999999999999998,2.0,گیلان,شمال,392.5,784.9999999999999
18000 IN & OD,241103,103,1.9999999999999998,2.0,یزد,شرق,623.0,1245.9999999999998
24000 IN & OD,241104,157,1.9713619713619712,2.0,آذربایجان شرقی,غرب,696.0,1372.067932067932
24000 IN & OD,241104,157,1.9713619713619712,2.0,آذربایجان غربی,غرب,803.5,1583.989343989344
24000 IN & OD,241104,157,1.9713619713619712,2.0,اردبیل,غرب,698.0,1376.010656010656
24000 IN & OD,241104,157,1.9713619713619712,2.0,اصفهان,مرکز,430.0,847.6856476856476
24000 IN & OD,241104,157,1.9713619713619712,2.0,ایلام,غرب,644.0,1269.5571095571095
24000 IN & OD,241104,157,1.9713619713619712,2.0,بوشهر,جنوب,1019.0,2008.8178488178487
24000 IN & OD,241104,157,1.9713619713619712,2.0,خراسان جنوبی,شرق,1033.0,2036.4169164169164
24000 IN & OD,241104,157,1.9713619713619712,2.0,خراسان رضوی,شرق,894.0,1762.3976023976022
24000 IN & OD,241104,157,1.9713619713619712,2.0,خراسان شمالی,شرق,700.0,1379.95337995338
24000 IN & OD,241104,157,1.9713619713619712,2.0,خوزستان,جنوب,774.0,1525.8341658341658
24000 IN & OD,241104,157,1.9713619713619712,2.0,زنجان,غرب,353.0,695.8907758907758
24000 IN & OD,241104,157,1.9713619713619712,2.0,سمنان,شرق,282.0,555.9240759240759
24000 IN & OD,241104,157,1.9713619713619712,2.0,سیستان و بلوچستان,شرق,1647.5,3247.8188478188476
24000 IN & OD,241104,157,1.9713619713619712,2.0,فارس,جنوب,932.0,1837.3093573093572
24000 IN & OD,241104,157,1.9713619713619712,2.0,قزوین,شمال,199.0,392.30103230103225
24000 IN & OD,241104,157,1.9713619713619712,2.0,قم,مرکز,128.0,252.33433233433232
24000 IN & OD,241104,157,1.9713619713619712,2.0,لرستان,مرکز,414.5,817.1295371295371
24000 IN & OD,241104,157,1.9713619713619712,2.0,مازندران,شمال,231.0,455.38461538461536
24000 IN & OD,241104,157,1.9713619713619712,2.0,مرکزی,مرکز,249.0,490.86913086913086
24000 IN & OD,241104,157,1.9713619713619712,2.0,هرمزگان,جنوب,1261.0,2485.8874458874457
24000 IN & OD,241104,157,1.9713619713619712,2.0,همدان,مرکز,299.5,590.4229104229104
24000 IN & OD,241104,157,1.9713619713619712,2.0,چهار محال بختیاری,جنوب,531.5,1047.7788877788878
24000 IN & OD,241104,157,1.9713619713619712,2.0,کردستان,غرب,485.0,956.110556110556
24000 IN & OD,241104,157,1.9713619713619712,2.0,کرمان,شرق,968.0,1908.278388278388
24000 IN & OD,241104,157,1.9713619713619712,2.0,کرمانشاه,غرب,479.0,944.2823842823842
24000 IN & OD,241104,157,1.9713619713619712,2.0,کهگیلویه و بویراحمد,جنوب,888.0,1750.5694305694306
24000 IN & OD,241104,157,1.9713619713619712,2.0,گلستان,شمال,521.0,1027.079587079587
24000 IN & OD,241104,157,1.9713619713619712,2.0,گیلان,شمال,392.5,773.7595737595738
24000 IN & OD,241104,157,1.9713619713619712,2.0,یزد,شرق,623.0,1228.158508158508
27000 IN & OD,241105,10,0.0,2.0,آذربایجان شرقی,غرب,696.0,0.0
27000 IN & OD,241105,10,0.0,2.0,آذربایجان غربی,غرب,803.5,0.0
27000 IN & OD,241105,10,0.0,2.0,اردبیل,غرب,698.0,0.0
27000 IN & OD,241105,10,0.0,2.0,اصفهان,مرکز,430.0,0.0
27000 IN & OD,241105,10,0.0,2.0,ایلام,غرب,644.0,0.0
27000 IN & OD,241105,10,0.0,2.0,بوشهر,جنوب,1019.0,0.0
27000 IN & OD,241105,10,0.0,2.0,خراسان جنوبی,شرق,1033.0,0.0
27000 IN & OD,241105,10,0.0,2.0,خراسان رضوی,شرق,894.0,0.0
27000 IN & OD,241105,10,0.0,2.0,خراسان شمالی,شرق,700.0,0.0
27000 IN & OD,241105,10,0.0,2.0,خوزستان,جنوب,774.0,0.0
27000 IN & OD,241105,10,0.0,2.0,زنجان,غرب,353.0,0.0
27000 IN & OD,241105,10,0.0,2.0,سمنان,شرق,282.0,0.0
27000 IN & OD,241105,10,0.0,2.0,سیستان و بلوچستان,شرق,1647.5,0.0
27000 IN & OD,241105,10,0.0,2.0,فارس,جنوب,932.0,0.0
27000 IN & OD,241105,10,0.0,2.0,قزوین,شمال,199.0,0.0
27000 IN & OD,241105,10,0.0,2.0,قم,مرکز,128.0,0.0
27000 IN & OD,241105,10,0.0,2.0,لرستان,مرکز,414.5,0.0
27000 IN & OD,241105,10,0.0,2.0,مازندران,شمال,231.0,0.0
27000 IN & OD,241105,10,0.0,2.0,مرکزی,مرکز,249.0,0.0
27000 IN & OD,241105,10,0.0,2.0,هرمزگان,جنوب,1261.0,0.0
27000 IN & OD,241105,10,0.0,2.0,همدان,مرکز,299.5,0.0
27000 IN & OD,241105,10,0.0,2.0,چهار محال بختیاری,جنوب,531.5,0.0
27000 IN & OD,241105,10,0.0,2.0,کردستان,غرب,485.0,0.0
27000 IN & OD,241105,10,0.0,2.0,کرمان,شرق,968.0,0.0
27000 IN & OD,241105,10,0.0,2.0,کرمانشاه,غرب,479.0,0.0
27000 IN & OD,241105,10,0.0,2.0,کهگیلویه و بویراحمد,جنوب,888.0,0.0
27000 IN & OD,241105,10,0.0,2.0,گلستان,شمال,521.0,0.0
27000 IN & OD,241105,10,0.0,2.0,گیلان,شمال,392.5,0.0
27000 IN & OD,241105,10,0.0,2.0,یزد,شرق,623.0,0.0
30000 IN & OD,241106,102,2.0,2.0,آذربایجان شرقی,غرب,696.0,1392.0
30000 IN & OD,241106,102,2.0,2.0,آذربایجان غربی,غرب,803.5,1607.0
30000 IN & OD,241106,102,2.0,2.0,اردبیل,غرب,698.0,1396.0
30000 IN & OD,241106,102,2.0,2.0,اصفهان,مرکز,430.0,860.0
30000 IN & OD,241106,102,2.0,2.0,ایلام,غرب,644.0,1288.0
30000 IN & OD,241106,102,2.0,2.0,بوشهر,جنوب,1019.0,2038.0
30000 IN & OD,241106,102,2.0,2.0,خراسان جنوبی,شرق,1033.0,2066.0
30000 IN & OD,241106,102,2.0,2.0,خراسان رضوی,شرق,894.0,1788.0
30000 IN & OD,241106,102,2.0,2.0,خراسان شمالی,شرق,700.0,1400.0
30000 IN & OD,241106,102,2.0,2.0,خوزستان,جنوب,774.0,1548.0
30000 IN & OD,241106,102,2.0,2.0,زنجان,غرب,353.0,706.0
30000 IN & OD,241106,102,2.0,2.0,سمنان,شرق,282.0,564.0
30000 IN & OD,241106,102,2.0,2.0,سیستان و بلوچستان,شرق,1647.5,3295.0
30000 IN & OD,241106,102,2.0,2.0,فارس,جنوب,932.0,1864.0
30000 IN & OD,241106,102,2.0,2.0,قزوین,شمال,199.0,398.0
30000 IN & OD,241106,102,2.0,2.0,قم,مرکز,128.0,256.0
30000 IN & OD,241106,102,2.0,2.0,لرستان,مرکز,414.5,829.0
30000 IN & OD,241106,102,2.0,2.0,مازندران,شمال,231.0,462.0
30000 IN & OD,241106,102,2.0,2.0,مرکزی,مرکز,249.0,498.0
30000 IN & OD,241106,102,2.0,2.0,هرمزگان,جنوب,1261.0,2522.0
30000 IN & OD,241106,102,2.0,2.0,همدان,مرکز,299.5,599.0
30000 IN & OD,241106,102,2.0,2.0,چهار محال بختیاری,جنوب,531.5,1063.0
30000 IN & OD,241106,102,2.0,2.0,کردستان,غرب,485.0,970.0
30000 IN & OD,241106,102,2.0,2.0,کرمان,شرق,968.0,1936.0
30000 IN & OD,241106,102,2.0,2.0,کرمانشاه,غرب,479.0,958.0
30000 IN & OD,241106,102,2.0,2.0,کهگیلویه و بویراحمد,جنوب,888.0,1776.0
30000 IN & OD,241106,102,2.0,2.0,گلستان,شمال,521.0,1042.0
30000 IN & OD,241106,102,2.0,2.0,گیلان,شمال,392.5,785.0
30000 IN & OD,241106,102,2.0,2.0,یزد,شرق,623.0,1246.0
36000 IN & OD,241107,63,1.6767097785616303,2.0,آذربایجان شرقی,غرب,696.0,1166.9900058788946
36000 IN & OD,241107,63,1.6767097785616303,2.0,آذربایجان غربی,غرب,803.5,1347.23630707427
36000 IN & OD,241107,63,1.6767097785616303,2.0,اردبیل,غرب,698.0,1170.343425436018
36000 IN & OD,241107,63,1.6767097785616303,2.0,اصفهان,مرکز,430.0,720.985204781501
36000 IN & OD,241107,63,1.6767097785616303,2.0,ایلام,غرب,644.0,1079.8010973936898
36000 IN & OD,241107,63,1.6767097785616303,2.0,بوشهر,جنوب,1019.0,1708.5672643543012
36000 IN & OD,241107,63,1.6767097785616303,2.0,خراسان جنوبی,شرق,1033.0,1732.041201254164
36000 IN & OD,241107,63,1.6767097785616303,2.0,خراسان رضوی,شرق,894.0,1498.9785420340975
36000 IN & OD,241107,63,1.6767097785616303,2.0,خراسان شمالی,شرق,700.0,1173.6968449931412
36000 IN & OD,241107,63,1.6767097785616303,2.0,خوزستان,جنوب,774.0,1297.7733686067018
36000 IN & OD,241107,63,1.6767097785616303,2.0,زنجان,غرب,353.0,591.8785518322555
36000 IN & OD,241107,63,1.6767097785616303,2.0,سمنان,شرق,282.0,472.83215755437976
36000 IN & OD,241107,63,1.6767097785616303,2.0,سیستان و بلوچستان,شرق,1647.5,2762.379360180286
36000 IN & OD,241107,63,1.6767097785616303,2.0,فارس,جنوب,932.0,1562.6935136194395
36000 IN & OD,241107,63,1.6767097785616303,2.0,قزوین,شمال,199.0,333.6652459337644
36000 IN & OD,241107,63,1.6767097785616303,2.0,قم,مرکز,128.0,214.61885165588868
36000 IN & OD,241107,63,1.6767097785616303,2.0,لرستان,مرکز,414.5,694.9962032137958
36000 IN & OD,241107,63,1.6767097785616303,2.0,مازندران,شمال,231.0,387.3199588477366
36000 IN & OD,241107,63,1.6767097785616303,2.0,مرکزی,مرکز,249.0,417.50073486184596
36000 IN & OD,241107,63,1.6767097785616303,2.0,هرمزگان,جنوب,1261.0,2114.331030766216
36000 IN & OD,241107,63,1.6767097785616303,2.0,همدان,مرکز,299.5,502.17457867920825
36000 IN & OD,241107,63,1.6767097785616303,2.0,چهار محال بختیاری,جنوب,531.5,891.1712473055065
36000 IN & OD,241107,63,1.6767097785616303,2.0,کردستان,غرب,485.0,813.2042426023907
36000 IN & OD,241107,63,1.6767097785616303,2.0,کرمان,شرق,968.0,1623.055065647658
36000 IN & OD,241107,63,1.6767097785616303,2.0,کرمانشاه,غرب,479.0,803.1439839310209
36000 IN & OD,241107,63,1.6767097785616303,2.0,کهگیلویه و بویراحمد,جنوب,888.0,1488.9182833627276
36000 IN & OD,241107,63,1.6767097785616303,2.0,گلستان,شمال,521.0,873.5657946306094
36000 IN & OD,241107,63,1.6767097785616303,2.0,گیلان,شمال,392.5,658.1085880854399
36000 IN & OD,241107,63,1.6767097785616303,2.0,یزد,شرق,623.0,1044.5901920438957
48000 IN & OD,241108,79,1.6614445087512721,2.0,آذربایجان شرقی,غرب,696.0,1156.3653780908853
48000 IN & OD,241108,79,1.6614445087512721,2.0,آذربایجان غربی,غرب,803.5,1334.9706627816472
48000 IN & OD,241108,79,1.6614445087512721,2.0,اردبیل,غرب,698.0,1159.688267108388
48000 IN & OD,241108,79,1.6614445087512721,2.0,اصفهان,مرکز,430.0,714.421138763047
48000 IN & OD,241108,79,1.6614445087512721,2.0,ایلام,غرب,644.0,1069.9702636358193
48000 IN & OD,241108,79,1.6614445087512721,2.0,بوشهر,جنوب,1019.0,1693.0119544175463
48000 IN & OD,241108,79,1.6614445087512721,2.0,خراسان جنوبی,شرق,1033.0,1716.2721775400641
48000 IN & OD,241108,79,1.6614445087512721,2.0,خراسان رضوی,شرق,894.0,1485.3313908236373
48000 IN & OD,241108,79,1.6614445087512721,2.0,خراسان شمالی,شرق,700.0,1163.0111561258905
48000 IN & OD,241108,79,1.6614445087512721,2.0,خوزستان,جنوب,774.0,1285.9580497734846
48000 IN & OD,241108,79,1.6614445087512721,2.0,زنجان,غرب,353.0,586.4899115891991
48000 IN & OD,241108,79,1.6614445087512721,2.0,سمنان,شرق,282.0,468.52735146785875
48000 IN & OD,241108,79,1.6614445087512721,2.0,سیستان و بلوچستان,شرق,1647.5,2737.229828167721
48000 IN & OD,241108,79,1.6614445087512721,2.0,فارس,جنوب,932.0,1548.4662821561856
48000 IN & OD,241108,79,1.6614445087512721,2.0,قزوین,شمال,199.0,330.6274572415032
48000 IN & OD,241108,79,1.6614445087512721,2.0,قم,مرکز,128.0,212.66489712016283
48000 IN & OD,241108,79,1.6614445087512721,2.0,لرستان,مرکز,414.5,688.6687488774023
48000 IN & OD,241108,79,1.6614445087512721,2.0,مازندران,شمال,231.0,383.7936815215439
48000 IN & OD,241108,79,1.6614445087512721,2.0,مرکزی,مرکز,249.0,413.69968267906677
48000 IN & OD,241108,79,1.6614445087512721,2.0,هرمزگان,جنوب,1261.0,2095.081525535354
48000 IN & OD,241108,79,1.6614445087512721,2.0,همدان,مرکز,299.5,497.602630371006
48000 IN & OD,241108,79,1.6614445087512721,2.0,چهار محال بختیاری,جنوب,531.5,883.0577564013012
48000 IN & OD,241108,79,1.6614445087512721,2.0,کردستان,غرب,485.0,805.800586744367
48000 IN & OD,241108,79,1.6614445087512721,2.0,کرمان,شرق,968.0,1608.2782844712315
48000 IN & OD,241108,79,1.6614445087512721,2.0,کرمانشاه,غرب,479.0,795.8319196918594
48000 IN & OD,241108,79,1.6614445087512721,2.0,کهگیلویه و بویراحمد,جنوب,888.0,1475.3627237711296
48000 IN & OD,241108,79,1.6614445087512721,2.0,گلستان,شمال,521.0,865.6125890594128
48000 IN & OD,241108,79,1.6614445087512721,2.0,گیلان,شمال,392.5,652.1169696848743
48000 IN & OD,241108,79,1.6614445087512721,2.0,یزد,شرق,623.0,1035.0799289520426
50000 IN & OD,241109,2,1.0,2.0,آذربایجان شرقی,غرب,696.0,696.0
50000 IN & OD,241109,2,1.0,2.0,آذربایجان غربی,غرب,803.5,803.5
50000 IN & OD,241109,2,1.0,2.0,اردبیل,غرب,698.0,698.0
50000 IN & OD,241109,2,1.0,2.0,اصفهان,مرکز,430.0,430.0
50000 IN & OD,241109,2,1.0,2.0,ایلام,غرب,644.0,644.0
50000 IN & OD,241109,2,1.0,2.0,بوشهر,جنوب,1019.0,1019.0
50000 IN & OD,241109,2,1.0,2.0,خراسان جنوبی,شرق,1033.0,1033.0
50000 IN & OD,241109,2,1.0,2.0,خراسان رضوی,شرق,894.0,894.0
50000 IN & OD,241109,2,1.0,2.0,خراسان شمالی,شرق,700.0,700.0
50000 IN & OD,241109,2,1.0,2.0,خوزستان,جنوب,774.0,774.0
50000 IN & OD,241109,2,1.0,2.0,زنجان,غرب,353.0,353.0
50000 IN & OD,241109,2,1.0,2.0,سمنان,شرق,282.0,282.0
50000 IN & OD,241109,2,1.0,2.0,سیستان و بلوچستان,شرق,1647.5,1647.5
50000 IN & OD,241109,2,1.0,2.0,فارس,جنوب,932.0,932.0
50000 IN & OD,241109,2,1.0,2.0,قزوین,شمال,199.0,199.0
50000 IN & OD,241109,2,1.0,2.0,قم,مرکز,128.0,128.0
50000 IN & OD,241109,2,1.0,2.0,لرستان,مرکز,414.5,414.5
50000 IN & OD,241109,2,1.0,2.0,مازندران,شمال,231.0,231.0
50000 IN & OD,241109,2,1.0,2.0,مرکزی,مرکز,249.0,249.0
50000 IN & OD,241109,2,1.0,2.0,هرمزگان,جنوب,1261.0,1261.0
50000 IN & OD,241109,2,1.0,2.0,همدان,مرکز,299.5,299.5
50000 IN & OD,241109,2,1.0,2.0,چهار محال بختیاری,جنوب,531.5,531.5
50000 IN & OD,241109,2,1.0,2.0,کردستان,غرب,485.0,485.0
50000 IN & OD,241109,2,1.0,2.0,کرمان,شرق,968.0,968.0
50000 IN & OD,241109,2,1.0,2.0,کرمانشاه,غرب,479.0,479.0
50000 IN & OD,241109,2,1.0,2.0,کهگیلویه و بویراحمد,جنوب,888.0,888.0
50000 IN & OD,241109,2,1.0,2.0,گلستان,شمال,521.0,521.0
50000 IN & OD,241109,2,1.0,2.0,گیلان,شمال,392.5,392.5
50000 IN & OD,241109,2,1.0,2.0,یزد,شرق,623.0,623.0
55000 IN & OD,241110,17,0.0,2.0,آذربایجان شرقی,غرب,696.0,0.0
55000 IN & OD,241110,17,0.0,2.0,آذربایجان غربی,غرب,803.5,0.0
55000 IN & OD,241110,17,0.0,2.0,اردبیل,غرب,698.0,0.0
55000 IN & OD,241110,17,0.0,2.0,اصفهان,مرکز,430.0,0.0
55000 IN & OD,241110,17,0.0,2.0,ایلام,غرب,644.0,0.0
55000 IN & OD,241110,17,0.0,2.0,بوشهر,جنوب,1019.0,0.0
55000 IN & OD,241110,17,0.0,2.0,خراسان جنوبی,شرق,1033.0,0.0
55000 IN & OD,241110,17,0.0,2.0,خراسان رضوی,شرق,894.0,0.0
55000 IN & OD,241110,17,0.0,2.0,خراسان شمالی,شرق,700.0,0.0
55000 IN & OD,241110,17,0.0,2.0,خوزستان,جنوب,774.0,0.0
55000 IN & OD,241110,17,0.0,2.0,زنجان,غرب,353.0,0.0
55000 IN & OD,241110,17,0.0,2.0,سمنان,شرق,282.0,0.0
55000 IN & OD,241110,17,0.0,2.0,سیستان و بلوچستان,شرق,1647.5,0.0
55000 IN & OD,241110,17,0.0,2.0,فارس,جنوب,932.0,0.0
55000 IN & OD,241110,17,0.0,2.0,قزوین,شمال,199.0,0.0
55000 IN & OD,241110,17,0.0,2.0,قم,مرکز,128.0,0.0
55000 IN & OD,241110,17,0.0,2.0,لرستان,مرکز,414.5,0.0
55000 IN & OD,241110,17,0.0,2.0,مازندران,شمال,231.0,0.0
55000 IN & OD,241110,17,0.0,2.0,مرکزی,مرکز,249.0,0.0
55000 IN & OD,241110,17,0.0,2.0,هرمزگان,جنوب,1261.0,0.0
55000 IN & OD,241110,17,0.0,2.0,همدان,مرکز,299.5,0.0
55000 IN & OD,241110,17,0.0,2.0,چهار محال بختیاری,جنوب,531.5,0.0
55000 IN & OD,241110,17,0.0,2.0,کردستان,غرب,485.0,0.0
55000 IN & OD,241110,17,0.0,2.0,کرمان,شرق,968.0,0.0
55000 IN & OD,241110,17,0.0,2.0,کرمانشاه,غرب,479.0,0.0
55000 IN & OD,241110,17,0.0,2.0,کهگیلویه و بویراحمد,جنوب,888.0,0.0
55000 IN & OD,241110,17,0.0,2.0,گلستان,شمال,521.0,0.0
55000 IN & OD,241110,17,0.0,2.0,گیلان,شمال,392.5,0.0
55000 IN & OD,241110,17,0.0,2.0,یزد,شرق,623.0,0.0
60000 IN & OD,241111,50,1.1859117011539766,2.0,آذربایجان شرقی,غرب,696.0,825.3945440031678
60000 IN & OD,241111,50,1.1859117011539766,2.0,آذربایجان غربی,غرب,803.5,952.8800518772202
60000 IN & OD,241111,50,1.1859117011539766,2.0,اردبیل,غرب,698.0,827.7663674054756
60000 IN & OD,241111,50,1.1859117011539766,2.0,اصفهان,مرکز,430.0,509.94203149620995
60000 IN & OD,241111,50,1.1859117011539766,2.0,ایلام,غرب,644.0,763.7271355431609
60000 IN & OD,241111,50,1.1859117011539766,2.0,بوشهر,جنوب,1019.0,1208.4440234759022
60000 IN & OD,241111,50,1.1859117011539766,2.0,خراسان جنوبی,شرق,1033.0,1225.0467872920578
60000 IN & OD,241111,50,1.1859117011539766,2.0,خراسان رضوی,شرق,894.0,1060.2050608316551
60000 IN & OD,241111,50,1.1859117011539766,2.0,خراسان شمالی,شرق,700.0,830.1381908077836
60000 IN & OD,241111,50,1.1859117011539766,2.0,خوزستان,جنوب,774.0,917.8956566931779
60000 IN & OD,241111,50,1.1859117011539766,2.0,زنجان,غرب,353.0,418.62683050735376
60000 IN & OD,241111,50,1.1859117011539766,2.0,سمنان,شرق,282.0,334.4270997254214
60000 IN & OD,241111,50,1.1859117011539766,2.0,سیستان و بلوچستان,شرق,1647.5,1953.7895276511765
60000 IN & OD,241111,50,1.1859117011539766,2.0,فارس,جنوب,932.0,1105.2697054755063
60000 IN & OD,241111,50,1.1859117011539766,2.0,قزوین,شمال,199.0,235.99642852964135
60000 IN & OD,241111,50,1.1859117011539766,2.0,قم,مرکز,128.0,151.796697747709
60000 IN & OD,241111,50,1.1859117011539766,2.0,لرستان,مرکز,414.5,491.5604001283233
60000 IN & OD,241111,50,1.1859117011539766,2.0,مازندران,شمال,231.0,273.9456029665686
60000 IN & OD,241111,50,1.1859117011539766,2.0,مرکزی,مرکز,249.0,295.2920135873402
60000 IN & OD,241111,50,1.1859117011539766,2.0,هرمزگان,جنوب,1261.0,1495.4346551551646
60000 IN & OD,241111,50,1.1859117011539766,2.0,همدان,مرکز,299.5,355.180554495616
60000 IN & OD,241111,50,1.1859117011539766,2.0,چهار محال بختیاری,جنوب,531.5,630.3120691633386
60000 IN & OD,241111,50,1.1859117011539766,2.0,کردستان,غرب,485.0,575.1671750596787
60000 IN & OD,241111,50,1.1859117011539766,2.0,کرمان,شرق,968.0,1147.9625267170493
60000 IN & OD,241111,50,1.1859117011539766,2.0,کرمانشاه,غرب,479.0,568.0517048527548
60000 IN & OD,241111,50,1.1859117011539766,2.0,کهگیلویه و بویراحمد,جنوب,888.0,1053.0895906247313
60000 IN & OD,241111,50,1.1859117011539766,2.0,گلستان,شمال,521.0,617.8599963012218
60000 IN & OD,241111,50,1.1859117011539766,2.0,گیلان,شمال,392.5,465.4703427029358
60000 IN & OD,241111,50,1.1859117011539766,2.0,یزد,شرق,623.0,738.8229898189275
AC 12000 IN & OD,241021,9,0.0,0.0,آذربایجان شرقی,غرب,696.0,0.0
AC 12000 IN & OD,241021,9,0.0,0.0,آذربایجان غربی,غرب,803.5,0.0
AC 12000 IN & OD,241021,9,0.0,0.0,اردبیل,غرب,698.0,0.0
AC 12000 IN & OD,241021,9,0.0,0.0,اصفهان,مرکز,430.0,0.0
AC 12000 IN & OD,241021,9,0.0,0.0,ایلام,غرب,644.0,0.0
AC 12000 IN & OD,241021,9,0.0,0.0,بوشهر,جنوب,1019.0,0.0
AC 12000 IN & OD,241021,9,0.0,0.0,خراسان جنوبی,شرق,1033.0,0.0
AC 12000 IN & OD,241021,9,0.0,0.0,خراسان رضوی,شرق,894.0,0.0
AC 12000 IN & OD,241021,9,0.0,0.0,خراسان شمالی,شرق,700.0,0.0
AC 12000 IN & OD,241021,9,0.0,0.0,خوزستان,جنوب,774.0,0.0
AC 12000 IN & OD,241021,9,0.0,0.0,زنجان,غرب,353.0,0.0
AC 12000 IN & OD,241021,9,0.0,0.0,سمنان,شرق,282.0,0.0
AC 12000 IN & OD,241021,9,0.0,0.0,سیستان و بلوچستان,شرق,1647.5,0.0
AC 12000 IN & OD,241021,9,0.0,0.0,فارس,جنوب,932.0,0.0
AC 12000 IN & OD,241021,9,0.0,0.0,قزوین,شمال,199.0,0.0
AC 12000 IN & OD,241021,9,0.0,0.0,قم,مرکز,128.0,0.0
AC 12000 IN & OD,241021,9,0.0,0.0,لرستان,مرکز,414.5,0.0
AC 12000 IN & OD,241021,9,0.0,0.0,مازندران,شمال,231.0,0.0
AC 12000 IN & OD,241021,9,0.0,0.0,مرکزی,مرکز,249.0,0.0
AC 12000 IN & OD,241021,9,0.0,0.0,هرمزگان,جنوب,1261.0,0.0
AC 12000 IN & OD,241021,9,0.0,0.0,همدان,مرکز,299.5,0.0
AC 12000 IN & OD,241021,9,0.0,0.0,چهار محال بختیاری,جنوب,531.5,0.0
AC 12000 IN & OD,241021,9,0.0,0.0,کردستان,غرب,485.0,0.0
AC 12000 IN & OD,241021,9,0.0,0.0,کرمان,شرق,968.0,0.0
AC 12000 IN & OD,241021,9,0.0,0.0,کرمانشاه,غرب,479.0,0.0
AC 12000 IN & OD,241021,9,0.0,0.0,کهگیلویه و بویراحمد,جنوب,888.0,0.0
AC 12000 IN & OD,241021,9,0.0,0.0,گلستان,شمال,521.0,0.0
AC 12000 IN & OD,241021,9,0.0,0.0,گیلان,شمال,392.5,0.0
AC 12000 IN & OD,241021,9,0.0,0.0,یزد,شرق,623.0,0.0
AC 12000 IN & OD,241421,51,2.0,2.0,آذربایجان شرقی,غرب,696.0,1392.0
AC 12000 IN & OD,241421,51,2.0,2.0,آذربایجان غربی,غرب,803.5,1607.0
AC 12000 IN & OD,241421,51,2.0,2.0,اردبیل,غرب,698.0,1396.0
AC 12000 IN & OD,241421,51,2.0,2.0,اصفهان,مرکز,430.0,860.0
AC 12000 IN & OD,241421,51,2.0,2.0,ایلام,غرب,644.0,1288.0
AC 12000 IN & OD,241421,51,2.0,2.0,بوشهر,جنوب,1019.0,2038.0
AC 12000 IN & OD,241421,51,2.0,2.0,خراسان جنوبی,شرق,1033.0,2066.0
AC 12000 IN & OD,241421,51,2.0,2.0,خراسان رضوی,شرق,894.0,1788.0
AC 12000 IN & OD,241421,51,2.0,2.0,خراسان شمالی,شرق,700.0,1400.0
AC 12000 IN & OD,241421,51,2.0,2.0,خوزستان,جنوب,774.0,1548.0
AC 12000 IN & OD,241421,51,2.0,2.0,زنجان,غرب,353.0,706.0
AC 12000 IN & OD,241421,51,2.0,2.0,سمنان,شرق,282.0,564.0
AC 12000 IN & OD,241421,51,2.0,2.0,سیستان و بلوچستان,شرق,1647.5,3295.0
AC 12000 IN & OD,241421,51,2.0,2.0,فارس,جنوب,932.0,1864.0
AC 12000 IN & OD,241421,51,2.0,2.0,قزوین,شمال,199.0,398.0
AC 12000 IN & OD,241421,51,2.0,2.0,قم,مرکز,128.0,256.0
AC 12000 IN & OD,241421,51,2.0,2.0,لرستان,مرکز,414.5,829.0
AC 12000 IN & OD,241421,51,2.0,2.0,مازندران,شمال,231.0,462.0
AC 12000 IN & OD,241421,51,2.0,2.0,مرکزی,مرکز,249.0,498.0
AC 12000 IN & OD,241421,51,2.0,2.0,هرمزگان,جنوب,1261.0,2522.0
AC 12000 IN & OD,241421,51,2.0,2.0,همدان,مرکز,299.5,599.0
AC 12000 IN & OD,241421,51,2.0,2.0,چهار محال بختیاری,جنوب,531.5,1063.0
AC 12000 IN & OD,241421,51,2.0,2.0,کردستان,غرب,485.0,970.0
AC 12000 IN & OD,241421,51,2.0,2.0,کرمان,شرق,968.0,1936.0
AC 12000 IN & OD,241421,51,2.0,2.0,کرمانشاه,غرب,479.0,958.0
AC 12000 IN & OD,241421,51,2.0,2.0,کهگیلویه و بویراحمد,جنوب,888.0,1776.0
AC 12000 IN & OD,241421,51,2.0,2.0,گلستان,شمال,521.0,1042.0
AC 12000 IN & OD,241421,51,2.0,2.0,گیلان,شمال,392.5,785.0
AC 12000 IN & OD,241421,51,2.0,2.0,یزد,شرق,623.0,1246.0
AC 18000 IN & OD,241022,11,0.0,0.0,آذربایجان شرقی,غرب,696.0,0.0
AC 18000 IN & OD,241022,11,0.0,0.0,آذربایجان غربی,غرب,803.5,0.0
AC 18000 IN & OD,241022,11,0.0,0.0,اردبیل,غرب,698.0,0.0
AC 18000 IN & OD,241022,11,0.0,0.0,اصفهان,مرکز,430.0,0.0
AC 18000 IN & OD,241022,11,0.0,0.0,ایلام,غرب,644.0,0.0
AC 18000 IN & OD,241022,11,0.0,0.0,بوشهر,جنوب,1019.0,0.0
AC 18000 IN & OD,241022,11,0.0,0.0,خراسان جنوبی,شرق,1033.0,0.0
AC 18000 IN & OD,241022,11,0.0,0.0,خراسان رضوی,شرق,894.0,0.0
AC 18000 IN & OD,241022,11,0.0,0.0,خراسان شمالی,شرق,700.0,0.0
AC 18000 IN & OD,241022,11,0.0,0.0,خوزستان,جنوب,774.0,0.0
AC 18000 IN & OD,241022,11,0.0,0.0,زنجان,غرب,353.0,0.0
AC 18000 IN & OD,241022,11,0.0,0.0,سمنان,شرق,282.0,0.0
AC 18000 IN & OD,241022,11,0.0,0.0,سیستان و بلوچستان,شرق,1647.5,0.0
AC 18000 IN & OD,241022,11,0.0,0.0,فارس,جنوب,932.0,0.0
AC 18000 IN & OD,241022,11,0.0,0.0,قزوین,شمال,199.0,0.0
AC 18000 IN & OD,241022,11,0.0,0.0,قم,مرکز,128.0,0.0
AC 18000 IN & OD,241022,11,0.0,0.0,لرستان,مرکز,414.5,0.0
AC 18000 IN & OD,241022,11,0.0,0.0,مازندران,شمال,231.0,0.0
AC 18000 IN & OD,241022,11,0.0,0.0,مرکزی,مرکز,249.0,0.0
AC 18000 IN & OD,241022,11,0.0,0.0,هرمزگان,جنوب,1261.0,0.0
AC 18000 IN & OD,241022,11,0.0,0.0,همدان,مرکز,299.5,0.0
AC 18000 IN & OD,241022,11,0.0,0.0,چهار محال بختیاری,جنوب,531.5,0.0
AC 18000 IN & OD,241022,11,0.0,0.0,کردستان,غرب,485.0,0.0
AC 18000 IN & OD,241022,11,0.0,0.0,کرمان,شرق,968.0,0.0
AC 18000 IN & OD,241022,11,0.0,0.0,کرمانشاه,غرب,479.0,0.0
AC 18000 IN & OD,241022,11,0.0,0.0,کهگیلویه و بویراحمد,جنوب,888.0,0.0
AC 18000 IN & OD,241022,11,0.0,0.0,گلستان,شمال,521.0,0.0
AC 18000 IN & OD,241022,11,0.0,0.0,گیلان,شمال,392.5,0.0
AC 18000 IN & OD,241022,11,0.0,0.0,یزد,شرق,623.0,0.0
AC 18000 IN & OD,241422,52,2.0,2.0,آذربایجان شرقی,غرب,696.0,1392.0
AC 18000 IN & OD,241422,52,2.0,2.0,آذربایجان غربی,غرب,803.5,1607.0
AC 18000 IN & OD,241422,52,2.0,2.0,اردبیل,غرب,698.0,1396.0
AC 18000 IN & OD,241422,52,2.0,2.0,اصفهان,مرکز,430.0,860.0
AC 18000 IN & OD,241422,52,2.0,2.0,ایلام,غرب,644.0,1288.0
AC 18000 IN & OD,241422,52,2.0,2.0,بوشهر,جنوب,1019.0,2038.0
AC 18000 IN & OD,241422,52,2.0,2.0,خراسان جنوبی,شرق,1033.0,2066.0
AC 18000 IN & OD,241422,52,2.0,2.0,خراسان رضوی,شرق,894.0,1788.0
AC 18000 IN & OD,241422,52,2.0,2.0,خراسان شمالی,شرق,700.0,1400.0
AC 18000 IN & OD,241422,52,2.0,2.0,خوزستان,جنوب,774.0,1548.0
AC 18000 IN & OD,241422,52,2.0,2.0,زنجان,غرب,353.0,706.0
AC 18000 IN & OD,241422,52,2.0,2.0,سمنان,شرق,282.0,564.0
AC 18000 IN & OD,241422,52,2.0,2.0,سیستان و بلوچستان,شرق,1647.5,3295.0
AC 18000 IN & OD,241422,52,2.0,2.0,فارس,جنوب,932.0,1864.0
AC 18000 IN & OD,241422,52,2.0,2.0,قزوین,شمال,199.0,398.0
AC 18000 IN & OD,241422,52,2.0,2.0,قم,مرکز,128.0,256.0
AC 18000 IN & OD,241422,52,2.0,2.0,لرستان,مرکز,414.5,829.0
AC 18000 IN & OD,241422,52,2.0,2.0,مازندران,شمال,231.0,462.0
AC 18000 IN & OD,241422,52,2.0,2.0,مرکزی,مرکز,249.0,498.0
AC 18000 IN & OD,241422,52,2.0,2.0,هرمزگان,جنوب,1261.0,2522.0
AC 18000 IN & OD,241422,52,2.0,2.0,همدان,مرکز,299.5,599.0
AC 18000 IN & OD,241422,52,2.0,2.0,چهار محال بختیاری,جنوب,531.5,1063.0
AC 18000 IN & OD,241422,52,2.0,2.0,کردستان,غرب,485.0,970.0
AC 18000 IN & OD,241422,52,2.0,2.0,کرمان,شرق,968.0,1936.0
AC 18000 IN & OD,241422,52,2.0,2.0,کرمانشاه,غرب,479.0,958.0
AC 18000 IN & OD,241422,52,2.0,2.0,کهگیلویه و بویراحمد,جنوب,888.0,1776.0
AC 18000 IN & OD,241422,52,2.0,2.0,گلستان,شمال,521.0,1042.0
AC 18000 IN & OD,241422,52,2.0,2.0,گیلان,شمال,392.5,785.0
AC 18000 IN & OD,241422,52,2.0,2.0,یزد,شرق,623.0,1246.0
AC 24000 IN & OD,241023,18,0.0,1.9999999999999998,آذربایجان شرقی,غرب,696.0,0.0
AC 24000 IN & OD,241023,18,0.0,1.9999999999999998,آذربایجان غربی,غرب,803.5,0.0
AC 24000 IN & OD,241023,18,0.0,1.9999999999999998,اردبیل,غرب,698.0,0.0
AC 24000 IN & OD,241023,18,0.0,1.9999999999999998,اصفهان,مرکز,430.0,0.0
AC 24000 IN & OD,241023,18,0.0,1.9999999999999998,ایلام,غرب,644.0,0.0
AC 24000 IN & OD,241023,18,0.0,1.9999999999999998,بوشهر,جنوب,1019.0,0.0
AC 24000 IN & OD,241023,18,0.0,1.9999999999999998,خراسان جنوبی,شرق,1033.0,0.0
AC 24000 IN & OD,241023,18,0.0,1.9999999999999998,خراسان رضوی,شرق,894.0,0.0
AC 24000 IN & OD,241023,18,0.0,1.9999999999999998,خراسان شمالی,شرق,700.0,0.0
AC 24000 IN & OD,241023,18,0.0,1.9999999999999998,خوزستان,جنوب,774.0,0.0
AC 24000 IN & OD,241023,18,0.0,1.9999999999999998,زنجان,غرب,353.0,0.0
AC 24000 IN & OD,241023,18,0.0,1.9999999999999998,سمنان,شرق,282.0,0.0
AC 24000 IN & OD,241023,18,0.0,1.9999999999999998,سیستان و بلوچستان,شرق,1647.5,0.0
AC 24000 IN & OD,241023,18,0.0,1.9999999999999998,فارس,جنوب,932.0,0.0
AC 24000 IN & OD,241023,18,0.0,1.9999999999999998,قزوین,شمال,199.0,0.0
AC 24000 IN & OD,241023,18,0.0,1.9999999999999998,قم,مرکز,128.0,0.0
AC 24000 IN & OD,241023,18,0.0,1.9999999999999998,لرستان,مرکز,414.5,0.0
AC 24000 IN & OD,241023,18,0.0,1.9999999999999998,مازندران,شمال,231.0,0.0
AC 24000 IN & OD,241023,18,0.0,1.9999999999999998,مرکزی,مرکز,249.0,0.0
AC 24000 IN & OD,241023,18,0.0,1.9999999999999998,هرمزگان,جنوب,1261.0,0.0
AC 24000 IN & OD,241023,18,0.0,1.9999999999999998,همدان,مرکز,299.5,0.0
AC 24000 IN & OD,241023,18,0.0,1.9999999999999998,چهار محال بختیاری,جنوب,531.5,0.0
AC 24000 IN & OD,241023,18,0.0,1.9999999999999998,کردستان,غرب,485.0,0.0
AC 24000 IN & OD,241023,18,0.0,1.9999999999999998,کرمان,شرق,968.0,0.0
AC 24000 IN & OD,241023,18,0.0,1.9999999999999998,کرمانشاه,غرب,479.0,0.0
AC 24000 IN & OD,241023,18,0.0,1.9999999999999998,کهگیلویه و بویراحمد,جنوب,888.0,0.0
AC 24000 IN & OD,241023,18,0.0,1.9999999999999998,گلستان,شمال,521.0,0.0
AC 24000 IN & OD,241023,18,0.0,1.9999999999999998,گیلان,شمال,392.5,0.0
AC 24000 IN & OD,241023,18,0.0,1.9999999999999998,یزد,شرق,623.0,0.0
AC 24000 IN & OD,241423,54,2.0,2.0,آذربایجان شرقی,غرب,696.0,1392.0
AC 24000 IN & OD,241423,54,2.0,2.0,آذربایجان غربی,غرب,803.5,1607.0
AC 24000 IN & OD,241423,54,2.0,2.0,اردبیل,غرب,698.0,1396.0
AC 24000 IN & OD,241423,54,2.0,2.0,اصفهان,مرکز,430.0,860.0
AC 24000 IN & OD,241423,54,2.0,2.0,ایلام,غرب,644.0,1288.0
AC 24000 IN & OD,241423,54,2.0,2.0,بوشهر,جنوب,1019.0,2038.0
AC 24000 IN & OD,241423,54,2.0,2.0,خراسان جنوبی,شرق,1033.0,2066.0
AC 24000 IN & OD,241423,54,2.0,2.0,خراسان رضوی,شرق,894.0,1788.0
AC 24000 IN & OD,241423,54,2.0,2.0,خراسان شمالی,شرق,700.0,1400.0
AC 24000 IN & OD,241423,54,2.0,2.0,خوزستان,جنوب,774.0,1548.0
AC 24000 IN & OD,241423,54,2.0,2.0,زنجان,غرب,353.0,706.0
AC 24000 IN & OD,241423,54,2.0,2.0,سمنان,شرق,282.0,564.0
AC 24000 IN & OD,241423,54,2.0,2.0,سیستان و بلوچستان,شرق,1647.5,3295.0
AC 24000 IN & OD,241423,54,2.0,2.0,فارس,جنوب,932.0,1864.0
AC 24000 IN & OD,241423,54,2.0,2.0,قزوین,شمال,199.0,398.0
AC 24000 IN & OD,241423,54,2.0,2.0,قم,مرکز,128.0,256.0
AC 24000 IN & OD,241423,54,2.0,2.0,لرستان,مرکز,414.5,829.0
AC 24000 IN & OD,241423,54,2.0,2.0,مازندران,شمال,231.0,462.0
AC 24000 IN & OD,241423,54,2.0,2.0,مرکزی,مرکز,249.0,498.0
AC 24000 IN & OD,241423,54,2.0,2.0,هرمزگان,جنوب,1261.0,2522.0
AC 24000 IN & OD,241423,54,2.0,2.0,همدان,مرکز,299.5,599.0
AC 24000 IN & OD,241423,54,2.0,2.0,چهار محال بختیاری,جنوب,531.5,1063.0
AC 24000 IN & OD,241423,54,2.0,2.0,کردستان,غرب,485.0,970.0
AC 24000 IN & OD,241423,54,2.0,2.0,کرمان,شرق,968.0,1936.0
AC 24000 IN & OD,241423,54,2.0,2.0,کرمانشاه,غرب,479.0,958.0
AC 24000 IN & OD,241423,54,2.0,2.0,کهگیلویه و بویراحمد,جنوب,888.0,1776.0
AC 24000 IN & OD,241423,54,2.0,2.0,گلستان,شمال,521.0,1042.0
AC 24000 IN & OD,241423,54,2.0,2.0,گیلان,شمال,392.5,785.0
AC 24000 IN & OD,241423,54,2.0,2.0,یزد,شرق,623.0,1246.0
AC 27000 IN & OD,241024,1,0.0,0.0,آذربایجان شرقی,غرب,696.0,0.0
AC 27000 IN & OD,241024,1,0.0,0.0,آذربایجان غربی,غرب,803.5,0.0
AC 27000 IN & OD,241024,1,0.0,0.0,اردبیل,غرب,698.0,0.0
AC 27000 IN & OD,241024,1,0.0,0.0,اصفهان,مرکز,430.0,0.0
AC 27000 IN & OD,241024,1,0.0,0.0,ایلام,غرب,644.0,0.0
AC 27000 IN & OD,241024,1,0.0,0.0,بوشهر,جنوب,1019.0,0.0
AC 27000 IN & OD,241024,1,0.0,0.0,خراسان جنوبی,شرق,1033.0,0.0
AC 27000 IN & OD,241024,1,0.0,0.0,خراسان رضوی,شرق,894.0,0.0
AC 27000 IN & OD,241024,1,0.0,0.0,خراسان شمالی,شرق,700.0,0.0
AC 27000 IN & OD,241024,1,0.0,0.0,خوزستان,جنوب,774.0,0.0
AC 27000 IN & OD,241024,1,0.0,0.0,زنجان,غرب,353.0,0.0
AC 27000 IN & OD,241024,1,0.0,0.0,سمنان,شرق,282.0,0.0
AC 27000 IN & OD,241024,1,0.0,0.0,سیستان و بلوچستان,شرق,1647.5,0.0
AC 27000 IN & OD,241024,1,0.0,0.0,فارس,جنوب,932.0,0.0
AC 27000 IN & OD,241024,1,0.0,0.0,قزوین,شمال,199.0,0.0
AC 27000 IN & OD,241024,1,0.0,0.0,قم,مرکز,128.0,0.0
AC 27000 IN & OD,241024,1,0.0,0.0,لرستان,مرکز,414.5,0.0
AC 27000 IN & OD,241024,1,0.0,0.0,مازندران,شمال,231.0,0.0
AC 27000 IN & OD,241024,1,0.0,0.0,مرکزی,مرکز,249.0,0.0
AC 27000 IN & OD,241024,1,0.0,0.0,هرمزگان,جنوب,1261.0,0.0
AC 27000 IN & OD,241024,1,0.0,0.0,همدان,مرکز,299.5,0.0
AC 27000 IN & OD,241024,1,0.0,0.0,چهار محال بختیاری,جنوب,531.5,0.0
AC 27000 IN & OD,241024,1,0.0,0.0,کردستان,غرب,485.0,0.0
AC 27000 IN & OD,241024,1,0.0,0.0,کرمان,شرق,968.0,0.0
AC 27000 IN & OD,241024,1,0.0,0.0,کرمانشاه,غرب,479.0,0.0
AC 27000 IN & OD,241024,1,0.0,0.0,کهگیلویه و بویراحمد,جنوب,888.0,0.0
AC 27000 IN & OD,241024,1,0.0,0.0,گلستان,شمال,521.0,0.0
AC 27000 IN & OD,241024,1,0.0,0.0,گیلان,شمال,392.5,0.0
AC 27000 IN & OD,241024,1,0.0,0.0,یزد,شرق,623.0,0.0
AC 30000 IN & OD,241025,1,0.0,0.0,آذربایجان شرقی,غرب,696.0,0.0
AC 30000 IN & OD,241025,1,0.0,0.0,آذربایجان غربی,غرب,803.5,0.0
AC 30000 IN & OD,241025,1,0.0,0.0,اردبیل,غرب,698.0,0.0
AC 30000 IN & OD,241025,1,0.0,0.0,اصفهان,مرکز,430.0,0.0
AC 30000 IN & OD,241025,1,0.0,0.0,ایلام,غرب,644.0,0.0
AC 30000 IN & OD,241025,1,0.0,0.0,بوشهر,جنوب,1019.0,0.0
AC 30000 IN & OD,241025,1,0.0,0.0,خراسان جنوبی,شرق,1033.0,0.0
AC 30000 IN & OD,241025,1,0.0,0.0,خراسان رضوی,شرق,894.0,0.0
AC 30000 IN & OD,241025,1,0.0,0.0,خراسان شمالی,شرق,700.0,0.0
AC 30000 IN & OD,241025,1,0.0,0.0,خوزستان,جنوب,774.0,0.0
AC 30000 IN & OD,241025,1,0.0,0.0,زنجان,غرب,353.0,0.0
AC 30000 IN & OD,241025,1,0.0,0.0,سمنان,شرق,282.0,0.0
AC 30000 IN & OD,241025,1,0.0,0.0,سیستان و بلوچستان,شرق,1647.5,0.0
AC 30000 IN & OD,241025,1,0.0,0.0,فارس,جنوب,932.0,0.0
AC 30000 IN & OD,241025,1,0.0,0.0,قزوین,شمال,199.0,0.0
AC 30000 IN & OD,241025,1,0.0,0.0,قم,مرکز,128.0,0.0
AC 30000 IN & OD,241025,1,0.0,0.0,لرستان,مرکز,414.5,0.0
AC 30000 IN & OD,241025,1,0.0,0.0,مازندران,شمال,231.0,0.0
AC 30000 IN & OD,241025,1,0.0,0.0,مرکزی,مرکز,249.0,0.0
AC 30000 IN & OD,241025,1,0.0,0.0,هرمزگان,جنوب,1261.0,0.0
AC 30000 IN & OD,241025,1,0.0,0.0,همدان,مرکز,299.5,0.0
AC 30000 IN & OD,241025,1,0.0,0.0,چهار محال بختیاری,جنوب,531.5,0.0
AC 30000 IN & OD,241025,1,0.0,0.0,کردستان,غرب,485.0,0.0
AC 30000 IN & OD,241025,1,0.0,0.0,کرمان,شرق,968.0,0.0
AC 30000 IN & OD,241025,1,0.0,0.0,کرمانشاه,غرب,479.0,0.0
AC 30000 IN & OD,241025,1,0.0,0.0,کهگیلویه و بویراحمد,جنوب,888.0,0.0
AC 30000 IN & OD,241025,1,0.0,0.0,گلستان,شمال,521.0,0.0
AC 30000 IN & OD,241025,1,0.0,0.0,گیلان,شمال,392.5,0.0
AC 30000 IN & OD,241025,1,0.0,0.0,یزد,شرق,623.0,0.0
AC 30000 IN & OD,241425,38,2.0,2.0,آذربایجان شرقی,غرب,696.0,1392.0
AC 30000 IN & OD,241425,38,2.0,2.0,آذربایجان غربی,غرب,803.5,1607.0
AC 30000 IN & OD,241425,38,2.0,2.0,اردبیل,غرب,698.0,1396.0
AC 30000 IN & OD,241425,38,2.0,2.0,اصفهان,مرکز,430.0,860.0
AC 30000 IN & OD,241425,38,2.0,2.0,ایلام,غرب,644.0,1288.0
AC 30000 IN & OD,241425,38,2.0,2.0,بوشهر,جنوب,1019.0,2038.0
AC 30000 IN & OD,241425,38,2.0,2.0,خراسان جنوبی,شرق,1033.0,2066.0
AC 30000 IN & OD,241425,38,2.0,2.0,خراسان رضوی,شرق,894.0,1788.0
AC 30000 IN & OD,241425,38,2.0,2.0,خراسان شمالی,شرق,700.0,1400.0
AC 30000 IN & OD,241425,38,2.0,2.0,خوزستان,جنوب,774.0,1548.0
AC 30000 IN & OD,241425,38,2.0,2.0,زنجان,غرب,353.0,706.0
AC 30000 IN & OD,241425,38,2.0,2.0,سمنان,شرق,282.0,564.0
AC 30000 IN & OD,241425,38,2.0,2.0,سیستان و بلوچستان,شرق,1647.5,3295.0
AC 30000 IN & OD,241425,38,2.0,2.0,فارس,جنوب,932.0,1864.0
AC 30000 IN & OD,241425,38,2.0,2.0,قزوین,شمال,199.0,398.0
AC 30000 IN & OD,241425,38,2.0,2.0,قم,مرکز,128.0,256.0
AC 30000 IN & OD,241425,38,2.0,2.0,لرستان,مرکز,414.5,829.0
AC 30000 IN & OD,241425,38,2.0,2.0,مازندران,شمال,231.0,462.0
AC 30000 IN & OD,241425,38,2.0,2.0,مرکزی,مرکز,249.0,498.0
AC 30000 IN & OD,241425,38,2.0,2.0,هرمزگان,جنوب,1261.0,2522.0
AC 30000 IN & OD,241425,38,2.0,2.0,همدان,مرکز,299.5,599.0
AC 30000 IN & OD,241425,38,2.0,2.0,چهار محال بختیاری,جنوب,531.5,1063.0
AC 30000 IN & OD,241425,38,2.0,2.0,کردستان,غرب,485.0,970.0
AC 30000 IN & OD,241425,38,2.0,2.0,کرمان,شرق,968.0,1936.0
AC 30000 IN & OD,241425,38,2.0,2.0,کرمانشاه,غرب,479.0,958.0
AC 30000 IN & OD,241425,38,2.0,2.0,کهگیلویه و بویراحمد,جنوب,888.0,1776.0
AC 30000 IN & OD,241425,38,2.0,2.0,گلستان,شمال,521.0,1042.0
AC 30000 IN & OD,241425,38,2.0,2.0,گیلان,شمال,392.5,785.0
AC 30000 IN & OD,241425,38,2.0,2.0,یزد,شرق,623.0,1246.0
AC 36000 IN & OD,241026,5,0.0,0.0,آذربایجان شرقی,غرب,696.0,0.0
AC 36000 IN & OD,241026,5,0.0,0.0,آذربایجان غربی,غرب,803.5,0.0
AC 36000 IN & OD,241026,5,0.0,0.0,اردبیل,غرب,698.0,0.0
AC 36000 IN & OD,241026,5,0.0,0.0,اصفهان,مرکز,430.0,0.0
AC 36000 IN & OD,241026,5,0.0,0.0,ایلام,غرب,644.0,0.0
AC 36000 IN & OD,241026,5,0.0,0.0,بوشهر,جنوب,1019.0,0.0
AC 36000 IN & OD,241026,5,0.0,0.0,خراسان جنوبی,شرق,1033.0,0.0
AC 36000 IN & OD,241026,5,0.0,0.0,خراسان رضوی,شرق,894.0,0.0
AC 36000 IN & OD,241026,5,0.0,0.0,خراسان شمالی,شرق,700.0,0.0
AC 36000 IN & OD,241026,5,0.0,0.0,خوزستان,جنوب,774.0,0.0
AC 36000 IN & OD,241026,5,0.0,0.0,زنجان,غرب,353.0,0.0
AC 36000 IN & OD,241026,5,0.0,0.0,سمنان,شرق,282.0,0.0
AC 36000 IN & OD,241026,5,0.0,0.0,سیستان و بلوچستان,شرق,1647.5,0.0
AC 36000 IN & OD,241026,5,0.0,0.0,فارس,جنوب,932.0,0.0
AC 36000 IN & OD,241026,5,0.0,0.0,قزوین,شمال,199.0,0.0
AC 36000 IN & OD,241026,5,0.0,0.0,قم,مرکز,128.0,0.0
AC 36000 IN & OD,241026,5,0.0,0.0,لرستان,مرکز,414.5,0.0
AC 36000 IN & OD,241026,5,0.0,0.0,مازندران,شمال,231.0,0.0
AC 36000 IN & OD,241026,5,0.0,0.0,مرکزی,مرکز,249.0,0.0
AC 36000 IN & OD,241026,5,0.0,0.0,هرمزگان,جنوب,1261.0,0.0
AC 36000 IN & OD,241026,5,0.0,0.0,همدان,مرکز,299.5,0.0
AC 36000 IN & OD,241026,5,0.0,0.0,چهار محال بختیاری,جنوب,531.5,0.0
AC 36000 IN & OD,241026,5,0.0,0.0,کردستان,غرب,485.0,0.0
AC 36000 IN & OD,241026,5,0.0,0.0,کرمان,شرق,968.0,0.0
AC 36000 IN & OD,241026,5,0.0,0.0,کرمانشاه,غرب,479.0,0.0
AC 36000 IN & OD,241026,5,0.0,0.0,کهگیلویه و بویراحمد,جنوب,888.0,0.0
AC 36000 IN & OD,241026,5,0.0,0.0,گلستان,شمال,521.0,0.0
AC 36000 IN & OD,241026,5,0.0,0.0,گیلان,شمال,392.5,0.0
AC 36000 IN & OD,241026,5,0.0,0.0,یزد,شرق,623.0,0.0
AC 36000 IN & OD,241426,10,0.0,2.0,آذربایجان شرقی,غرب,696.0,0.0
AC 36000 IN & OD,241426,10,0.0,2.0,آذربایجان غربی,غرب,803.5,0.0
AC 36000 IN & OD,241426,10,0.0,2.0,اردبیل,غرب,698.0,0.0
AC 36000 IN & OD,241426,10,0.0,2.0,اصفهان,مرکز,430.0,0.0
AC 36000 IN & OD,241426,10,0.0,2.0,ایلام,غرب,644.0,0.0
AC 36000 IN & OD,241426,10,0.0,2.0,بوشهر,جنوب,1019.0,0.0
AC 36000 IN & OD,241426,10,0.0,2.0,خراسان جنوبی,شرق,1033.0,0.0
AC 36000 IN & OD,241426,10,0.0,2.0,خراسان رضوی,شرق,894.0,0.0
AC 36000 IN & OD,241426,10,0.0,2.0,خراسان شمالی,شرق,700.0,0.0
AC 36000 IN & OD,241426,10,0.0,2.0,خوزستان,جنوب,774.0,0.0
AC 36000 IN & OD,241426,10,0.0,2.0,زنجان,غرب,353.0,0.0
AC 36000 IN & OD,241426,10,0.0,2.0,سمنان,شرق,282.0,0.0
AC 36000 IN & OD,241426,10,0.0,2.0,سیستان و بلوچستان,شرق,1647.5,0.0
AC 36000 IN & OD,241426,10,0.0,2.0,فارس,جنوب,932.0,0.0
AC 36000 IN & OD,241426,10,0.0,2.0,قزوین,شمال,199.0,0.0
AC 36000 IN & OD,241426,10,0.0,2.0,قم,مرکز,128.0,0.0
AC 36000 IN & OD,241426,10,0.0,2.0,لرستان,مرکز,414.5,0.0
AC 36000 IN & OD,241426,10,0.0,2.0,مازندران,شمال,231.0,0.0
AC 36000 IN & OD,241426,10,0.0,2.0,مرکزی,مرکز,249.0,0.0
AC 36000 IN & OD,241426,10,0.0,2.0,هرمزگان,جنوب,1261.0,0.0
AC 36000 IN & OD,241426,10,0.0,2.0,همدان,مرکز,299.5,0.0
AC 36000 IN & OD,241426,10,0.0,2.0,چهار محال بختیاری,جنوب,531.5,0.0
AC 36000 IN & OD,241426,10,0.0,2.0,کردستان,غرب,485.0,0.0
AC 36000 IN & OD,241426,10,0.0,2.0,کرمان,شرق,968.0,0.0
AC 36000 IN & OD,241426,10,0.0,2.0,کرمانشاه,غرب,479.0,0.0
AC 36000 IN & OD,241426,10,0.0,2.0,کهگیلویه و بویراحمد,جنوب,888.0,0.0
AC 36000 IN & OD,241426,10,0.0,2.0,گلستان,شمال,521.0,0.0
AC 36000 IN & OD,241426,10,0.0,2.0,گیلان,شمال,392.5,0.0
AC 36000 IN & OD,241426,10,0.0,2.0,یزد,شرق,623.0,0.0
AC 48000 IN & OD,241027,2,0.0,0.0,آذربایجان شرقی,غرب,696.0,0.0
AC 48000 IN & OD,241027,2,0.0,0.0,آذربایجان غربی,غرب,803.5,0.0
AC 48000 IN & OD,241027,2,0.0,0.0,اردبیل,غرب,698.0,0.0
AC 48000 IN & OD,241027,2,0.0,0.0,اصفهان,مرکز,430.0,0.0
AC 48000 IN & OD,241027,2,0.0,0.0,ایلام,غرب,644.0,0.0
AC 48000 IN & OD,241027,2,0.0,0.0,بوشهر,جنوب,1019.0,0.0
AC 48000 IN & OD,241027,2,0.0,0.0,خراسان جنوبی,شرق,1033.0,0.0
AC 48000 IN & OD,241027,2,0.0,0.0,خراسان رضوی,شرق,894.0,0.0
AC 48000 IN & OD,241027,2,0.0,0.0,خراسان شمالی,شرق,700.0,0.0
AC 48000 IN & OD,241027,2,0.0,0.0,خوزستان,جنوب,774.0,0.0
AC 48000 IN & OD,241027,2,0.0,0.0,زنجان,غرب,353.0,0.0
AC 48000 IN & OD,241027,2,0.0,0.0,سمنان,شرق,282.0,0.0
AC 48000 IN & OD,241027,2,0.0,0.0,سیستان و بلوچستان,شرق,1647.5,0.0
AC 48000 IN & OD,241027,2,0.0,0.0,فارس,جنوب,932.0,0.0
AC 48000 IN & OD,241027,2,0.0,0.0,قزوین,شمال,199.0,0.0
AC 48000 IN & OD,241027,2,0.0,0.0,قم,مرکز,128.0,0.0
AC 48000 IN & OD,241027,2,0.0,0.0,لرستان,مرکز,414.5,0.0
AC 48000 IN & OD,241027,2,0.0,0.0,مازندران,شمال,231.0,0.0
AC 48000 IN & OD,241027,2,0.0,0.0,مرکزی,مرکز,249.0,0.0
AC 48000 IN & OD,241027,2,0.0,0.0,هرمزگان,جنوب,1261.0,0.0
AC 48000 IN & OD,241027,2,0.0,0.0,همدان,مرکز,299.5,0.0
AC 48000 IN & OD,241027,2,0.0,0.0,چهار محال بختیاری,جنوب,531.5,0.0
AC 48000 IN & OD,241027,2,0.0,0.0,کردستان,غرب,485.0,0.0
AC 48000 IN & OD,241027,2,0.0,0.0,کرمان,شرق,968.0,0.0
AC 48000 IN & OD,241027,2,0.0,0.0,کرمانشاه,غرب,479.0,0.0
AC 48000 IN & OD,241027,2,0.0,0.0,کهگیلویه و بویراحمد,جنوب,888.0,0.0
AC 48000 IN & OD,241027,2,0.0,0.0,گلستان,شمال,521.0,0.0
AC 48000 IN & OD,241027,2,0.0,0.0,گیلان,شمال,392.5,0.0
AC 48000 IN & OD,241027,2,0.0,0.0,یزد,شرق,623.0,0.0
AC 48000 IN & OD,241427,16,1.671069406591477,2.0,آذربایجان شرقی,غرب,696.0,1163.064306987668
AC 48000 IN & OD,241427,16,1.671069406591477,2.0,آذربایجان غربی,غرب,803.5,1342.7042681962519
AC 48000 IN & OD,241427,16,1.671069406591477,2.0,اردبیل,غرب,698.0,1166.406445800851
AC 48000 IN & OD,241427,16,1.671069406591477,2.0,اصفهان,مرکز,430.0,718.5598448343352
AC 48000 IN & OD,241427,16,1.671069406591477,2.0,ایلام,غرب,644.0,1076.1686978449113
AC 48000 IN & OD,241427,16,1.671069406591477,2.0,بوشهر,جنوب,1019.0,1702.8197253167152
AC 48000 IN & OD,241427,16,1.671069406591477,2.0,خراسان جنوبی,شرق,1033.0,1726.2146970089957
AC 48000 IN & OD,241427,16,1.671069406591477,2.0,خراسان رضوی,شرق,894.0,1493.9360494927805
AC 48000 IN & OD,241427,16,1.671069406591477,2.0,خراسان شمالی,شرق,700.0,1169.748584614034
AC 48000 IN & OD,241427,16,1.671069406591477,2.0,خوزستان,جنوب,774.0,1293.4077207018033
AC 48000 IN & OD,241427,16,1.671069406591477,2.0,زنجان,غرب,353.0,589.8875005267914
AC 48000 IN & OD,241427,16,1.671069406591477,2.0,سمنان,شرق,282.0,471.24157265879654
AC 48000 IN & OD,241427,16,1.671069406591477,2.0,سیستان و بلوچستان,شرق,1647.5,2753.0868473594583
AC 48000 IN & OD,241427,16,1.671069406591477,2.0,فارس,جنوب,932.0,1557.4366869432565
AC 48000 IN & OD,241427,16,1.671069406591477,2.0,قزوین,شمال,199.0,332.54281191170395
AC 48000 IN & OD,241427,16,1.671069406591477,2.0,قم,مرکز,128.0,213.89688404370906
AC 48000 IN & OD,241427,16,1.671069406591477,2.0,لرستان,مرکز,414.5,692.6582690321673
AC 48000 IN & OD,241427,16,1.671069406591477,2.0,مازندران,شمال,231.0,386.0170329226312
AC 48000 IN & OD,241427,16,1.671069406591477,2.0,مرکزی,مرکز,249.0,416.0962822412778
AC 48000 IN & OD,241427,16,1.671069406591477,2.0,هرمزگان,جنوب,1261.0,2107.2185217118526
AC 48000 IN & OD,241427,16,1.671069406591477,2.0,همدان,مرکز,299.5,500.48528727414737
AC 48000 IN & OD,241427,16,1.671069406591477,2.0,چهار محال بختیاری,جنوب,531.5,888.1733896033701
AC 48000 IN & OD,241427,16,1.671069406591477,2.0,کردستان,غرب,485.0,810.4686621968664
AC 48000 IN & OD,241427,16,1.671069406591477,2.0,کرمان,شرق,968.0,1617.5951855805497
AC 48000 IN & OD,241427,16,1.671069406591477,2.0,کرمانشاه,غرب,479.0,800.4422457573176
AC 48000 IN & OD,241427,16,1.671069406591477,2.0,کهگیلویه و بویراحمد,جنوب,888.0,1483.9096330532316
AC 48000 IN & OD,241427,16,1.671069406591477,2.0,گلستان,شمال,521.0,870.6271608341596
AC 48000 IN & OD,241427,16,1.671069406591477,2.0,گیلان,شمال,392.5,655.8947420871548
AC 48000 IN & OD,241427,16,1.671069406591477,2.0,یزد,شرق,623.0,1041.0762403064903
AC 50000 IN & OD,241028,2,0.0,0.0,آذربایجان شرقی,غرب,696.0,0.0
AC 50000 IN & OD,241028,2,0.0,0.0,آذربایجان غربی,غرب,803.5,0.0
AC 50000 IN & OD,241028,2,0.0,0.0,اردبیل,غرب,698.0,0.0
AC 50000 IN & OD,241028,2,0.0,0.0,اصفهان,مرکز,430.0,0.0
AC 50000 IN & OD,241028,2,0.0,0.0,ایلام,غرب,644.0,0.0
AC 50000 IN & OD,241028,2,0.0,0.0,بوشهر,جنوب,1019.0,0.0
AC 50000 IN & OD,241028,2,0.0,0.0,خراسان جنوبی,شرق,1033.0,0.0
AC 50000 IN & OD,241028,2,0.0,0.0,خراسان رضوی,شرق,894.0,0.0
AC 50000 IN & OD,241028,2,0.0,0.0,خراسان شمالی,شرق,700.0,0.0
AC 50000 IN & OD,241028,2,0.0,0.0,خوزستان,جنوب,774.0,0.0
AC 50000 IN & OD,241028,2,0.0,0.0,زنجان,غرب,353.0,0.0
AC 50000 IN & OD,241028,2,0.0,0.0,سمنان,شرق,282.0,0.0
AC 50000 IN & OD,241028,2,0.0,0.0,سیستان و بلوچستان,شرق,1647.5,0.0
AC 50000 IN & OD,241028,2,0.0,0.0,فارس,جنوب,932.0,0.0
AC 50000 IN & OD,241028,2,0.0,0.0,قزوین,شمال,199.0,0.0
AC 50000 IN & OD,241028,2,0.0,0.0,قم,مرکز,128.0,0.0
AC 50000 IN & OD,241028,2,0.0,0.0,لرستان,مرکز,414.5,0.0
AC 50000 IN & OD,241028,2,0.0,0.0,مازندران,شمال,231.0,0.0
AC 50000 IN & OD,241028,2,0.0,0.0,مرکزی,مرکز,249.0,0.0
AC 50000 IN & OD,241028,2,0.0,0.0,هرمزگان,جنوب,1261.0,0.0
AC 50000 IN & OD,241028,2,0.0,0.0,همدان,مرکز,299.5,0.0
AC 50000 IN & OD,241028,2,0.0,0.0,چهار محال بختیاری,جنوب,531.5,0.0
AC 50000 IN & OD,241028,2,0.0,0.0,کردستان,غرب,485.0,0.0
AC 50000 IN & OD,241028,2,0.0,0.0,کرمان,شرق,968.0,0.0
AC 50000 IN & OD,241028,2,0.0,0.0,کرمانشاه,غرب,479.0,0.0
AC 50000 IN & OD,241028,2,0.0,0.0,کهگیلویه و بویراحمد,جنوب,888.0,0.0
AC 50000 IN & OD,241028,2,0.0,0.0,گلستان,شمال,521.0,0.0
AC 50000 IN & OD,241028,2,0.0,0.0,گیلان,شمال,392.5,0.0
AC 50000 IN & OD,241028,2,0.0,0.0,یزد,شرق,623.0,0.0
AC 55000 IN & OD,241429,2,0.0,0.0,آذربایجان شرقی,غرب,696.0,0.0
AC 55000 IN & OD,241429,2,0.0,0.0,آذربایجان غربی,غرب,803.5,0.0
AC 55000 IN & OD,241429,2,0.0,0.0,اردبیل,غرب,698.0,0.0
AC 55000 IN & OD,241429,2,0.0,0.0,اصفهان,مرکز,430.0,0.0
AC 55000 IN & OD,241429,2,0.0,0.0,ایلام,غرب,644.0,0.0
AC 55000 IN & OD,241429,2,0.0,0.0,بوشهر,جنوب,1019.0,0.0
AC 55000 IN & OD,241429,2,0.0,0.0,خراسان جنوبی,شرق,1033.0,0.0
AC 55000 IN & OD,241429,2,0.0,0.0,خراسان رضوی,شرق,894.0,0.0
AC 55000 IN & OD,241429,2,0.0,0.0,خراسان شمالی,شرق,700.0,0.0
AC 55000 IN & OD,241429,2,0.0,0.0,خوزستان,جنوب,774.0,0.0
AC 55000 IN & OD,241429,2,0.0,0.0,زنجان,غرب,353.0,0.0
AC 55000 IN & OD,241429,2,0.0,0.0,سمنان,شرق,282.0,0.0
AC 55000 IN & OD,241429,2,0.0,0.0,سیستان و بلوچستان,شرق,1647.5,0.0
AC 55000 IN & OD,241429,2,0.0,0.0,فارس,جنوب,932.0,0.0
AC 55000 IN & OD,241429,2,0.0,0.0,قزوین,شمال,199.0,0.0
AC 55000 IN & OD,241429,2,0.0,0.0,قم,مرکز,128.0,0.0
AC 55000 IN & OD,241429,2,0.0,0.0,لرستان,مرکز,414.5,0.0
AC 55000 IN & OD,241429,2,0.0,0.0,مازندران,شمال,231.0,0.0
AC 55000 IN & OD,241429,2,0.0,0.0,مرکزی,مرکز,249.0,0.0
AC 55000 IN & OD,241429,2,0.0,0.0,هرمزگان,جنوب,1261.0,0.0
AC 55000 IN & OD,241429,2,0.0,0.0,همدان,مرکز,299.5,0.0
AC 55000 IN & OD,241429,2,0.0,0.0,چهار محال بختیاری,جنوب,531.5,0.0
AC 55000 IN & OD,241429,2,0.0,0.0,کردستان,غرب,485.0,0.0
AC 55000 IN & OD,241429,2,0.0,0.0,کرمان,شرق,968.0,0.0
AC 55000 IN & OD,241429,2,0.0,0.0,کرمانشاه,غرب,479.0,0.0
AC 55000 IN & OD,241429,2,0.0,0.0,کهگیلویه و بویراحمد,جنوب,888.0,0.0
AC 55000 IN & OD,241429,2,0.0,0.0,گلستان,شمال,521.0,0.0
AC 55000 IN & OD,241429,2,0.0,0.0,گیلان,شمال,392.5,0.0
AC 55000 IN & OD,241429,2,0.0,0.0,یزد,شرق,623.0,0.0
AC 60000 IN & OD,241030,2,0.0,0.0,آذربایجان شرقی,غرب,696.0,0.0
AC 60000 IN & OD,241030,2,0.0,0.0,آذربایجان غربی,غرب,803.5,0.0
AC 60000 IN & OD,241030,2,0.0,0.0,اردبیل,غرب,698.0,0.0
AC 60000 IN & OD,241030,2,0.0,0.0,اصفهان,مرکز,430.0,0.0
AC 60000 IN & OD,241030,2,0.0,0.0,ایلام,غرب,644.0,0.0
AC 60000 IN & OD,241030,2,0.0,0.0,بوشهر,جنوب,1019.0,0.0
AC 60000 IN & OD,241030,2,0.0,0.0,خراسان جنوبی,شرق,1033.0,0.0
AC 60000 IN & OD,241030,2,0.0,0.0,خراسان رضوی,شرق,894.0,0.0
AC 60000 IN & OD,241030,2,0.0,0.0,خراسان شمالی,شرق,700.0,0.0
AC 60000 IN & OD,241030,2,0.0,0.0,خوزستان,جنوب,774.0,0.0
AC 60000 IN & OD,241030,2,0.0,0.0,زنجان,غرب,353.0,0.0
AC 60000 IN & OD,241030,2,0.0,0.0,سمنان,شرق,282.0,0.0
AC 60000 IN & OD,241030,2,0.0,0.0,سیستان و بلوچستان,شرق,1647.5,0.0
AC 60000 IN & OD,241030,2,0.0,0.0,فارس,جنوب,932.0,0.0
AC 60000 IN & OD,241030,2,0.0,0.0,قزوین,شمال,199.0,0.0
AC 60000 IN & OD,241030,2,0.0,0.0,قم,مرکز,128.0,0.0
AC 60000 IN & OD,241030,2,0.0,0.0,لرستان,مرکز,414.5,0.0
AC 60000 IN & OD,241030,2,0.0,0.0,مازندران,شمال,231.0,0.0
AC 60000 IN & OD,241030,2,0.0,0.0,مرکزی,مرکز,249.0,0.0
AC 60000 IN & OD,241030,2,0.0,0.0,هرمزگان,جنوب,1261.0,0.0
AC 60000 IN & OD,241030,2,0.0,0.0,همدان,مرکز,299.5,0.0
AC 60000 IN & OD,241030,2,0.0,0.0,چهار محال بختیاری,جنوب,531.5,0.0
AC 60000 IN & OD,241030,2,0.0,0.0,کردستان,غرب,485.0,0.0
AC 60000 IN & OD,241030,2,0.0,0.0,کرمان,شرق,968.0,0.0
AC 60000 IN & OD,241030,2,0.0,0.0,کرمانشاه,غرب,479.0,0.0
AC 60000 IN & OD,241030,2,0.0,0.0,کهگیلویه و بویراحمد,جنوب,888.0,0.0
AC 60000 IN & OD,241030,2,0.0,0.0,گلستان,شمال,521.0,0.0
AC 60000 IN & OD,241030,2,0.0,0.0,گیلان,شمال,392.5,0.0
AC 60000 IN & OD,241030,2,0.0,0.0,یزد,شرق,623.0,0.0
AC 60000 IN & OD,241430,10,1.600162954329621,2.0,آذربایجان شرقی,غرب,696.0,1113.7134162134162
AC 60000 IN & OD,241430,10,1.600162954329621,2.0,آذربایجان غربی,غرب,803.5,1285.7309338038503
AC 60000 IN & OD,241430,10,1.600162954329621,2.0,اردبیل,غرب,698.0,1116.9137421220755
AC 60000 IN & OD,241430,10,1.600162954329621,2.0,اصفهان,مرکز,430.0,688.0700703617371
AC 60000 IN & OD,241430,10,1.600162954329621,2.0,ایلام,غرب,644.0,1030.504942588276
AC 60000 IN & OD,241430,10,1.600162954329621,2.0,بوشهر,جنوب,1019.0,1630.5660504618838
AC 60000 IN & OD,241430,10,1.600162954329621,2.0,خراسان جنوبی,شرق,1033.0,1652.9683318224984
AC 60000 IN & OD,241430,10,1.600162954329621,2.0,خراسان رضوی,شرق,894.0,1430.545681170681
AC 60000 IN & OD,241430,10,1.600162954329621,2.0,خراسان شمالی,شرق,700.0,1120.1140680307346
AC 60000 IN & OD,241430,10,1.600162954329621,2.0,خوزستان,جنوب,774.0,1238.5261266511266
AC 60000 IN & OD,241430,10,1.600162954329621,2.0,زنجان,غرب,353.0,564.8575228783562
AC 60000 IN & OD,241430,10,1.600162954329621,2.0,سمنان,شرق,282.0,451.2459531209531
AC 60000 IN & OD,241430,10,1.600162954329621,2.0,سیستان و بلوچستان,شرق,1647.5,2636.2684672580504
AC 60000 IN & OD,241430,10,1.600162954329621,2.0,فارس,جنوب,932.0,1491.3518734352067
AC 60000 IN & OD,241430,10,1.600162954329621,2.0,قزوین,شمال,199.0,318.4324279115946
AC 60000 IN & OD,241430,10,1.600162954329621,2.0,قم,مرکز,128.0,204.82085815419148
AC 60000 IN & OD,241430,10,1.600162954329621,2.0,لرستان,مرکز,414.5,663.267544569628
AC 60000 IN & OD,241430,10,1.600162954329621,2.0,مازندران,شمال,231.0,369.63764245014244
AC 60000 IN & OD,241430,10,1.600162954329621,2.0,مرکزی,مرکز,249.0,398.44057562807563
AC 60000 IN & OD,241430,10,1.600162954329621,2.0,هرمزگان,جنوب,1261.0,2017.805485409652
AC 60000 IN & OD,241430,10,1.600162954329621,2.0,همدان,مرکز,299.5,479.2488048217215
AC 60000 IN & OD,241430,10,1.600162954329621,2.0,چهار محال بختیاری,جنوب,531.5,850.4866102261935
AC 60000 IN & OD,241430,10,1.600162954329621,2.0,کردستان,غرب,485.0,776.0790328498662
AC 60000 IN & OD,241430,10,1.600162954329621,2.0,کرمان,شرق,968.0,1548.9577397910732
AC 60000 IN & OD,241430,10,1.600162954329621,2.0,کرمانشاه,غرب,479.0,766.4780551238885
AC 60000 IN & OD,241430,10,1.600162954329621,2.0,کهگیلویه و بویراحمد,جنوب,888.0,1420.9447034447035
AC 60000 IN & OD,241430,10,1.600162954329621,2.0,گلستان,شمال,521.0,833.6848992057326
AC 60000 IN & OD,241430,10,1.600162954329621,2.0,گیلان,شمال,392.5,628.0639595743762
AC 60000 IN & OD,241430,10,1.600162954329621,2.0,یزد,شرق,623.0,996.9015205473538
AC 9000  IN & OD,241020,6,0.0,0.0,آذربایجان شرقی,غرب,696.0,0.0
AC 9000  IN & OD,241020,6,0.0,0.0,آذربایجان غربی,غرب,803.5,0.0
AC 9000  IN & OD,241020,6,0.0,0.0,اردبیل,غرب,698.0,0.0
AC 9000  IN & OD,241020,6,0.0,0.0,اصفهان,مرکز,430.0,0.0
AC 9000  IN & OD,241020,6,0.0,0.0,ایلام,غرب,644.0,0.0
AC 9000  IN & OD,241020,6,0.0,0.0,بوشهر,جنوب,1019.0,0.0
AC 9000  IN & OD,241020,6,0.0,0.0,خراسان جنوبی,شرق,1033.0,0.0
AC 9000  IN & OD,241020,6,0.0,0.0,خراسان رضوی,شرق,894.0,0.0
AC 9000  IN & OD,241020,6,0.0,0.0,خراسان شمالی,شرق,700.0,0.0
AC 9000  IN & OD,241020,6,0.0,0.0,خوزستان,جنوب,774.0,0.0
AC 9000  IN & OD,241020,6,0.0,0.0,زنجان,غرب,353.0,0.0
AC 9000  IN & OD,241020,6,0.0,0.0,سمنان,شرق,282.0,0.0
AC 9000  IN & OD,241020,6,0.0,0.0,سیستان و بلوچستان,شرق,1647.5,0.0
AC 9000  IN & OD,241020,6,0.0,0.0,فارس,جنوب,932.0,0.0
AC 9000  IN & OD,241020,6,0.0,0.0,قزوین,شمال,199.0,0.0
AC 9000  IN & OD,241020,6,0.0,0.0,قم,مرکز,128.0,0.0
AC 9000  IN & OD,241020,6,0.0,0.0,لرستان,مرکز,414.5,0.0
AC 9000  IN & OD,241020,6,0.0,0.0,مازندران,شمال,231.0,0.0
AC 9000  IN & OD,241020,6,0.0,0.0,مرکزی,مرکز,249.0,0.0
AC 9000  IN & OD,241020,6,0.0,0.0,هرمزگان,جنوب,1261.0,0.0
AC 9000  IN & OD,241020,6,0.0,0.0,همدان,مرکز,299.5,0.0
AC 9000  IN & OD,241020,6,0.0,0.0,چهار محال بختیاری,جنوب,531.5,0.0
AC 9000  IN & OD,241020,6,0.0,0.0,کردستان,غرب,485.0,0.0
AC 9000  IN & OD,241020,6,0.0,0.0,کرمان,شرق,968.0,0.0
AC 9000  IN & OD,241020,6,0.0,0.0,کرمانشاه,غرب,479.0,0.0
AC 9000  IN & OD,241020,6,0.0,0.0,کهگیلویه و بویراحمد,جنوب,888.0,0.0
AC 9000  IN & OD,241020,6,0.0,0.0,گلستان,شمال,521.0,0.0
AC 9000  IN & OD,241020,6,0.0,0.0,گیلان,شمال,392.5,0.0
AC 9000  IN & OD,241020,6,0.0,0.0,یزد,شرق,623.0,0.0
AC 9000  IN & OD,241420,24,2.0,2.0,آذربایجان شرقی,غرب,696.0,1392.0
AC 9000  IN & OD,241420,24,2.0,2.0,آذربایجان غربی,غرب,803.5,1607.0
AC 9000  IN & OD,241420,24,2.0,2.0,اردبیل,غرب,698.0,1396.0
AC 9000  IN & OD,241420,24,2.0,2.0,اصفهان,مرکز,430.0,860.0
AC 9000  IN & OD,241420,24,2.0,2.0,ایلام,غرب,644.0,1288.0
AC 9000  IN & OD,241420,24,2.0,2.0,بوشهر,جنوب,1019.0,2038.0
AC 9000  IN & OD,241420,24,2.0,2.0,خراسان جنوبی,شرق,1033.0,2066.0
AC 9000  IN & OD,241420,24,2.0,2.0,خراسان رضوی,شرق,894.0,1788.0
AC 9000  IN & OD,241420,24,2.0,2.0,خراسان شمالی,شرق,700.0,1400.0
AC 9000  IN & OD,241420,24,2.0,2.0,خوزستان,جنوب,774.0,1548.0
AC 9000  IN & OD,241420,24,2.0,2.0,زنجان,غرب,353.0,706.0
AC 9000  IN & OD,241420,24,2.0,2.0,سمنان,شرق,282.0,564.0
AC 9000  IN & OD,241420,24,2.0,2.0,سیستان و بلوچستان,شرق,1647.5,3295.0
AC 9000  IN & OD,241420,24,2.0,2.0,فارس,جنوب,932.0,1864.0
AC 9000  IN & OD,241420,24,2.0,2.0,قزوین,شمال,199.0,398.0
AC 9000  IN & OD,241420,24,2.0,2.0,قم,مرکز,128.0,256.0
AC 9000  IN & OD,241420,24,2.0,2.0,لرستان,مرکز,414.5,829.0
AC 9000  IN & OD,241420,24,2.0,2.0,مازندران,شمال,231.0,462.0
AC 9000  IN & OD,241420,24,2.0,2.0,مرکزی,مرکز,249.0,498.0
AC 9000  IN & OD,241420,24,2.0,2.0,هرمزگان,جنوب,1261.0,2522.0
AC 9000  IN & OD,241420,24,2.0,2.0,همدان,مرکز,299.5,599.0
AC 9000  IN & OD,241420,24,2.0,2.0,چهار محال بختیاری,جنوب,531.5,1063.0
AC 9000  IN & OD,241420,24,2.0,2.0,کردستان,غرب,485.0,970.0
AC 9000  IN & OD,241420,24,2.0,2.0,کرمان,شرق,968.0,1936.0
AC 9000  IN & OD,241420,24,2.0,2.0,کرمانشاه,غرب,479.0,958.0
AC 9000  IN & OD,241420,24,2.0,2.0,کهگیلویه و بویراحمد,جنوب,888.0,1776.0
AC 9000  IN & OD,241420,24,2.0,2.0,گلستان,شمال,521.0,1042.0
AC 9000  IN & OD,241420,24,2.0,2.0,گیلان,شمال,392.5,785.0
AC 9000  IN & OD,241420,24,2.0,2.0,یزد,شرق,623.0,1246.0
AP,241009,4,0.0,0.0,آذربایجان شرقی,غرب,696.0,0.0
AP,241009,4,0.0,0.0,آذربایجان غربی,غرب,803.5,0.0
AP,241009,4,0.0,0.0,اردبیل,غرب,698.0,0.0
AP,241009,4,0.0,0.0,اصفهان,مرکز,430.0,0.0
AP,241009,4,0.0,0.0,ایلام,غرب,644.0,0.0
AP,241009,4,0.0,0.0,بوشهر,جنوب,1019.0,0.0
AP,241009,4,0.0,0.0,خراسان جنوبی,شرق,1033.0,0.0
AP,241009,4,0.0,0.0,خراسان رضوی,شرق,894.0,0.0
AP,241009,4,0.0,0.0,خراسان شمالی,شرق,700.0,0.0
AP,241009,4,0.0,0.0,خوزستان,جنوب,774.0,0.0
AP,241009,4,0.0,0.0,زنجان,غرب,353.0,0.0
AP,241009,4,0.0,0.0,سمنان,شرق,282.0,0.0
AP,241009,4,0.0,0.0,سیستان و بلوچستان,شرق,1647.5,0.0
AP,241009,4,0.0,0.0,فارس,جنوب,932.0,0.0
AP,241009,4,0.0,0.0,قزوین,شمال,199.0,0.0
AP,241009,4,0.0,0.0,قم,مرکز,128.0,0.0
AP,241009,4,0.0,0.0,لرستان,مرکز,414.5,0.0
AP,241009,4,0.0,0.0,مازندران,شمال,231.0,0.0
AP,241009,4,0.0,0.0,مرکزی,مرکز,249.0,0.0
AP,241009,4,0.0,0.0,هرمزگان,جنوب,1261.0,0.0
AP,241009,4,0.0,0.0,همدان,مرکز,299.5,0.0
AP,241009,4,0.0,0.0,چهار محال بختیاری,جنوب,531.5,0.0
AP,241009,4,0.0,0.0,کردستان,غرب,485.0,0.0
AP,241009,4,0.0,0.0,کرمان,شرق,968.0,0.0
AP,241009,4,0.0,0.0,کرمانشاه,غرب,479.0,0.0
AP,241009,4,0.0,0.0,کهگیلویه و بویراحمد,جنوب,888.0,0.0
AP,241009,4,0.0,0.0,گلستان,شمال,521.0,0.0
AP,241009,4,0.0,0.0,گیلان,شمال,392.5,0.0
AP,241009,4,0.0,0.0,یزد,شرق,623.0,0.0
AP,241409,2,0.0,0.0,آذربایجان شرقی,غرب,696.0,0.0
AP,241409,2,0.0,0.0,آذربایجان غربی,غرب,803.5,0.0
AP,241409,2,0.0,0.0,اردبیل,غرب,698.0,0.0
AP,241409,2,0.0,0.0,اصفهان,مرکز,430.0,0.0
AP,241409,2,0.0,0.0,ایلام,غرب,644.0,0.0
AP,241409,2,0.0,0.0,بوشهر,جنوب,1019.0,0.0
AP,241409,2,0.0,0.0,خراسان جنوبی,شرق,1033.0,0.0
AP,241409,2,0.0,0.0,خراسان رضوی,شرق,894.0,0.0
AP,241409,2,0.0,0.0,خراسان شمالی,شرق,700.0,0.0
AP,241409,2,0.0,0.0,خوزستان,جنوب,774.0,0.0
AP,241409,2,0.0,0.0,زنجان,غرب,353.0,0.0
AP,241409,2,0.0,0.0,سمنان,شرق,282.0,0.0
AP,241409,2,0.0,0.0,سیستان و بلوچستان,شرق,1647.5,0.0
AP,241409,2,0.0,0.0,فارس,جنوب,932.0,0.0
AP,241409,2,0.0,0.0,قزوین,شمال,199.0,0.0
AP,241409,2,0.0,0.0,قم,مرکز,128.0,0.0
AP,241409,2,0.0,0.0,لرستان,مرکز,414.5,0.0
AP,241409,2,0.0,0.0,مازندران,شمال,231.0,0.0
AP,241409,2,0.0,0.0,مرکزی,مرکز,249.0,0.0
AP,241409,2,0.0,0.0,هرمزگان,جنوب,1261.0,0.0
AP,241409,2,0.0,0.0,همدان,مرکز,299.5,0.0
AP,241409,2,0.0,0.0,چهار محال بختیاری,جنوب,531.5,0.0
AP,241409,2,0.0,0.0,کردستان,غرب,485.0,0.0
AP,241409,2,0.0,0.0,کرمان,شرق,968.0,0.0
AP,241409,2,0.0,0.0,کرمانشاه,غرب,479.0,0.0
AP,241409,2,0.0,0.0,کهگیلویه و بویراحمد,جنوب,888.0,0.0
AP,241409,2,0.0,0.0,گلستان,شمال,521.0,0.0
AP,241409,2,0.0,0.0,گیلان,شمال,392.5,0.0
AP,241409,2,0.0,0.0,یزد,شرق,623.0,0.0
ARNU…(in)-MDV,241124,118,1.9999999999999998,2.0,آذربایجان شرقی,غرب,696.0,1391.9999999999998
ARNU…(in)-MDV,241124,118,1.9999999999999998,2.0,آذربایجان غربی,غرب,803.5,1606.9999999999998
ARNU…(in)-MDV,241124,118,1.9999999999999998,2.0,اردبیل,غرب,698.0,1395.9999999999998
ARNU…(in)-MDV,241124,118,1.9999999999999998,2.0,اصفهان,مرکز,430.0,859.9999999999999
ARNU…(in)-MDV,241124,118,1.9999999999999998,2.0,ایلام,غرب,644.0,1287.9999999999998
ARNU…(in)-MDV,241124,118,1.9999999999999998,2.0,بوشهر,جنوب,1019.0,2037.9999999999998
ARNU…(in)-MDV,241124,118,1.9999999999999998,2.0,خراسان جنوبی,شرق,1033.0,2065.9999999999995
ARNU…(in)-MDV,241124,118,1.9999999999999998,2.0,خراسان رضوی,شرق,894.0,1787.9999999999998
ARNU…(in)-MDV,241124,118,1.9999999999999998,2.0,خراسان شمالی,شرق,700.0,1399.9999999999998
ARNU…(in)-MDV,241124,118,1.9999999999999998,2.0,خوزستان,جنوب,774.0,1547.9999999999998
ARNU…(in)-MDV,241124,118,1.9999999999999998,2.0,زنجان,غرب,353.0,705.9999999999999
ARNU…(in)-MDV,241124,118,1.9999999999999998,2.0,سمنان,شرق,282.0,563.9999999999999
ARNU…(in)-MDV,241124,118,1.9999999999999998,2.0,سیستان و بلوچستان,شرق,1647.5,3294.9999999999995
ARNU…(in)-MDV,241124,118,1.9999999999999998,2.0,فارس,جنوب,932.0,1863.9999999999998
ARNU…(in)-MDV,241124,118,1.9999999999999998,2.0,قزوین,شمال,199.0,397.99999999999994
ARNU…(in)-MDV,241124,118,1.9999999999999998,2.0,قم,مرکز,128.0,255.99999999999997
ARNU…(in)-MDV,241124,118,1.9999999999999998,2.0,لرستان,مرکز,414.5,828.9999999999999
ARNU…(in)-MDV,241124,118,1.9999999999999998,2.0,مازندران,شمال,231.0,461.99999999999994
ARNU…(in)-MDV,241124,118,1.9999999999999998,2.0,مرکزی,مرکز,249.0,497.99999999999994
ARNU…(in)-MDV,241124,118,1.9999999999999998,2.0,هرمزگان,جنوب,1261.0,2521.9999999999995
ARNU…(in)-MDV,241124,118,1.9999999999999998,2.0,همدان,مرکز,299.5,598.9999999999999
ARNU…(in)-MDV,241124,118,1.9999999999999998,2.0,چهار محال بختیاری,جنوب,531.5,1062.9999999999998
ARNU…(in)-MDV,241124,118,1.9999999999999998,2.0,کردستان,غرب,485.0,969.9999999999999
ARNU…(in)-MDV,241124,118,1.9999999999999998,2.0,کرمان,شرق,968.0,1935.9999999999998
ARNU…(in)-MDV,241124,118,1.9999999999999998,2.0,کرمانشاه,غرب,479.0,957.9999999999999
ARNU…(in)-MDV,241124,118,1.9999999999999998,2.0,کهگیلویه و بویراحمد,جنوب,888.0,1775.9999999999998
ARNU…(in)-MDV,241124,118,1.9999999999999998,2.0,گلستان,شمال,521.0,1041.9999999999998
ARNU…(in)-MDV,241124,118,1.9999999999999998,2.0,گیلان,شمال,392.5,784.9999999999999
ARNU…(in)-MDV,241124,118,1.9999999999999998,2.0,یزد,شرق,623.0,1245.9999999999998
ARNU…(od)-MDV,241125,53,2.0,2.0,آذربایجان شرقی,غرب,696.0,1392.0
ARNU…(od)-MDV,241125,53,2.0,2.0,آذربایجان غربی,غرب,803.5,1607.0
ARNU…(od)-MDV,241125,53,2.0,2.0,اردبیل,غرب,698.0,1396.0
ARNU…(od)-MDV,241125,53,2.0,2.0,اصفهان,مرکز,430.0,860.0
ARNU…(od)-MDV,241125,53,2.0,2.0,ایلام,غرب,644.0,1288.0
ARNU…(od)-MDV,241125,53,2.0,2.0,بوشهر,جنوب,1019.0,2038.0
ARNU…(od)-MDV,241125,53,2.0,2.0,خراسان جنوبی,شرق,1033.0,2066.0
ARNU…(od)-MDV,241125,53,2.0,2.0,خراسان رضوی,شرق,894.0,1788.0
ARNU…(od)-MDV,241125,53,2.0,2.0,خراسان شمالی,شرق,700.0,1400.0
ARNU…(od)-MDV,241125,53,2.0,2.0,خوزستان,جنوب,774.0,1548.0
ARNU…(od)-MDV,241125,53,2.0,2.0,زنجان,غرب,353.0,706.0
ARNU…(od)-MDV,241125,53,2.0,2.0,سمنان,شرق,282.0,564.0
ARNU…(od)-MDV,241125,53,2.0,2.0,سیستان و بلوچستان,شرق,1647.5,3295.0
ARNU…(od)-MDV,241125,53,2.0,2.0,فارس,جنوب,932.0,1864.0
ARNU…(od)-MDV,241125,53,2.0,2.0,قزوین,شمال,199.0,398.0
ARNU…(od)-MDV,241125,53,2.0,2.0,قم,مرکز,128.0,256.0
ARNU…(od)-MDV,241125,53,2.0,2.0,لرستان,مرکز,414.5,829.0
ARNU…(od)-MDV,241125,53,2.0,2.0,مازندران,شمال,231.0,462.0
ARNU…(od)-MDV,241125,53,2.0,2.0,مرکزی,مرکز,249.0,498.0
ARNU…(od)-MDV,241125,53,2.0,2.0,هرمزگان,جنوب,1261.0,2522.0
ARNU…(od)-MDV,241125,53,2.0,2.0,همدان,مرکز,299.5,599.0
ARNU…(od)-MDV,241125,53,2.0,2.0,چهار محال بختیاری,جنوب,531.5,1063.0
ARNU…(od)-MDV,241125,53,2.0,2.0,کردستان,غرب,485.0,970.0
ARNU…(od)-MDV,241125,53,2.0,2.0,کرمان,شرق,968.0,1936.0
ARNU…(od)-MDV,241125,53,2.0,2.0,کرمانشاه,غرب,479.0,958.0
ARNU…(od)-MDV,241125,53,2.0,2.0,کهگیلویه و بویراحمد,جنوب,888.0,1776.0
ARNU…(od)-MDV,241125,53,2.0,2.0,گلستان,شمال,521.0,1042.0
ARNU…(od)-MDV,241125,53,2.0,2.0,گیلان,شمال,392.5,785.0
ARNU…(od)-MDV,241125,53,2.0,2.0,یزد,شرق,623.0,1246.0
ATUW…(in),241126,4,2.0,2.0,آذربایجان شرقی,غرب,696.0,1392.0
ATUW…(in),241126,4,2.0,2.0,آذربایجان غربی,غرب,803.5,1607.0
ATUW…(in),241126,4,2.0,2.0,اردبیل,غرب,698.0,1396.0
ATUW…(in),241126,4,2.0,2.0,اصفهان,مرکز,430.0,860.0
ATUW…(in),241126,4,2.0,2.0,ایلام,غرب,644.0,1288.0
ATUW…(in),241126,4,2.0,2.0,بوشهر,جنوب,1019.0,2038.0
ATUW…(in),241126,4,2.0,2.0,خراسان جنوبی,شرق,1033.0,2066.0
ATUW…(in),241126,4,2.0,2.0,خراسان رضوی,شرق,894.0,1788.0
ATUW…(in),241126,4,2.0,2.0,خراسان شمالی,شرق,700.0,1400.0
ATUW…(in),241126,4,2.0,2.0,خوزستان,جنوب,774.0,1548.0
ATUW…(in),241126,4,2.0,2.0,زنجان,غرب,353.0,706.0
ATUW…(in),241126,4,2.0,2.0,سمنان,شرق,282.0,564.0
ATUW…(in),241126,4,2.0,2.0,سیستان و بلوچستان,شرق,1647.5,3295.0
ATUW…(in),241126,4,2.0,2.0,فارس,جنوب,932.0,1864.0
ATUW…(in),241126,4,2.0,2.0,قزوین,شمال,199.0,398.0
ATUW…(in),241126,4,2.0,2.0,قم,مرکز,128.0,256.0
ATUW…(in),241126,4,2.0,2.0,لرستان,مرکز,414.5,829.0
ATUW…(in),241126,4,2.0,2.0,مازندران,شمال,231.0,462.0
ATUW…(in),241126,4,2.0,2.0,مرکزی,مرکز,249.0,498.0
ATUW…(in),241126,4,2.0,2.0,هرمزگان,جنوب,1261.0,2522.0
ATUW…(in),241126,4,2.0,2.0,همدان,مرکز,299.5,599.0
ATUW…(in),241126,4,2.0,2.0,چهار محال بختیاری,جنوب,531.5,1063.0
ATUW…(in),241126,4,2.0,2.0,کردستان,غرب,485.0,970.0
ATUW…(in),241126,4,2.0,2.0,کرمان,شرق,968.0,1936.0
ATUW…(in),241126,4,2.0,2.0,کرمانشاه,غرب,479.0,958.0
ATUW…(in),241126,4,2.0,2.0,کهگیلویه و بویراحمد,جنوب,888.0,1776.0
ATUW…(in),241126,4,2.0,2.0,گلستان,شمال,521.0,1042.0
ATUW…(in),241126,4,2.0,2.0,گیلان,شمال,392.5,785.0
ATUW…(in),241126,4,2.0,2.0,یزد,شرق,623.0,1246.0
ATUW…(od),241127,3,0.0,2.0,آذربایجان شرقی,غرب,696.0,0.0
ATUW…(od),241127,3,0.0,2.0,آذربایجان غربی,غرب,803.5,0.0
ATUW…(od),241127,3,0.0,2.0,اردبیل,غرب,698.0,0.0
ATUW…(od),241127,3,0.0,2.0,اصفهان,مرکز,430.0,0.0
ATUW…(od),241127,3,0.0,2.0,ایلام,غرب,644.0,0.0
ATUW…(od),241127,3,0.0,2.0,بوشهر,جنوب,1019.0,0.0
ATUW…(od),241127,3,0.0,2.0,خراسان جنوبی,شرق,1033.0,0.0
ATUW…(od),241127,3,0.0,2.0,خراسان رضوی,شرق,894.0,0.0
ATUW…(od),241127,3,0.0,2.0,خراسان شمالی,شرق,700.0,0.0
ATUW…(od),241127,3,0.0,2.0,خوزستان,جنوب,774.0,0.0
ATUW…(od),241127,3,0.0,2.0,زنجان,غرب,353.0,0.0
ATUW…(od),241127,3,0.0,2.0,سمنان,شرق,282.0,0.0
ATUW…(od),241127,3,0.0,2.0,سیستان و بلوچستان,شرق,1647.5,0.0
ATUW…(od),241127,3,0.0,2.0,فارس,جنوب,932.0,0.0
ATUW…(od),241127,3,0.0,2.0,قزوین,شمال,199.0,0.0
ATUW…(od),241127,3,0.0,2.0,قم,مرکز,128.0,0.0
ATUW…(od),241127,3,0.0,2.0,لرستان,مرکز,414.5,0.0
ATUW…(od),241127,3,0.0,2.0,مازندران,شمال,231.0,0.0
ATUW…(od),241127,3,0.0,2.0,مرکزی,مرکز,249.0,0.0
ATUW…(od),241127,3,0.0,2.0,هرمزگان,جنوب,1261.0,0.0
ATUW…(od),241127,3,0.0,2.0,همدان,مرکز,299.5,0.0
ATUW…(od),241127,3,0.0,2.0,چهار محال بختیاری,جنوب,531.5,0.0
ATUW…(od),241127,3,0.0,2.0,کردستان,غرب,485.0,0.0
ATUW…(od),241127,3,0.0,2.0,کرمان,شرق,968.0,0.0
ATUW…(od),241127,3,0.0,2.0,کرمانشاه,غرب,479.0,0.0
ATUW…(od),241127,3,0.0,2.0,کهگیلویه و بویراحمد,جنوب,888.0,0.0
ATUW…(od),241127,3,0.0,2.0,گلستان,شمال,521.0,0.0
ATUW…(od),241127,3,0.0,2.0,گیلان,شمال,392.5,0.0
ATUW…(od),241127,3,0.0,2.0,یزد,شرق,623.0,0.0
All In one-laptop Mini-PC,241509,7,0.0,0.0,آذربایجان شرقی,غرب,696.0,0.0
All In one-laptop Mini-PC,241509,7,0.0,0.0,آذربایجان غربی,غرب,803.5,0.0
All In one-laptop Mini-PC,241509,7,0.0,0.0,اردبیل,غرب,698.0,0.0
All In one-laptop Mini-PC,241509,7,0.0,0.0,اصفهان,مرکز,430.0,0.0
All In one-laptop Mini-PC,241509,7,0.0,0.0,ایلام,غرب,644.0,0.0
All In one-laptop Mini-PC,241509,7,0.0,0.0,بوشهر,جنوب,1019.0,0.0
All In one-laptop Mini-PC,241509,7,0.0,0.0,خراسان جنوبی,شرق,1033.0,0.0
All In one-laptop Mini-PC,241509,7,0.0,0.0,خراسان رضوی,شرق,894.0,0.0
All In one-laptop Mini-PC,241509,7,0.0,0.0,خراسان شمالی,شرق,700.0,0.0
All In one-laptop Mini-PC,241509,7,0.0,0.0,خوزستان,جنوب,774.0,0.0
All In one-laptop Mini-PC,241509,7,0.0,0.0,زنجان,غرب,353.0,0.0
All In one-laptop Mini-PC,241509,7,0.0,0.0,سمنان,شرق,282.0,0.0
All In one-laptop Mini-PC,241509,7,0.0,0.0,سیستان و بلوچستان,شرق,1647.5,0.0
All In one-laptop Mini-PC,241509,7,0.0,0.0,فارس,جنوب,932.0,0.0
All In one-laptop Mini-PC,241509,7,0.0,0.0,قزوین,شمال,199.0,0.0
All In one-laptop Mini-PC,241509,7,0.0,0.0,قم,مرکز,128.0,0.0
All In one-laptop Mini-PC,241509,7,0.0,0.0,لرستان,مرکز,414.5,0.0
All In one-laptop Mini-PC,241509,7,0.0,0.0,مازندران,شمال,231.0,0.0
All In one-laptop Mini-PC,241509,7,0.0,0.0,مرکزی,مرکز,249.0,0.0
All In one-laptop Mini-PC,241509,7,0.0,0.0,هرمزگان,جنوب,1261.0,0.0
All In one-laptop Mini-PC,241509,7,0.0,0.0,همدان,مرکز,299.5,0.0
All In one-laptop Mini-PC,241509,7,0.0,0.0,چهار محال بختیاری,جنوب,531.5,0.0
All In one-laptop Mini-PC,241509,7,0.0,0.0,کردستان,غرب,485.0,0.0
All In one-laptop Mini-PC,241509,7,0.0,0.0,کرمان,شرق,968.0,0.0
All In one-laptop Mini-PC,241509,7,0.0,0.0,کرمانشاه,غرب,479.0,0.0
All In one-laptop Mini-PC,241509,7,0.0,0.0,کهگیلویه و بویراحمد,جنوب,888.0,0.0
All In one-laptop Mini-PC,241509,7,0.0,0.0,گلستان,شمال,521.0,0.0
All In one-laptop Mini-PC,241509,7,0.0,0.0,گیلان,شمال,392.5,0.0
All In one-laptop Mini-PC,241509,7,0.0,0.0,یزد,شرق,623.0,0.0
All In one-laptop Mini-PC-Android box,241209,38,0.0,2.0,آذربایجان شرقی,غرب,696.0,0.0
All In one-laptop Mini-PC-Android box,241209,38,0.0,2.0,آذربایجان غربی,غرب,803.5,0.0
All In one-laptop Mini-PC-Android box,241209,38,0.0,2.0,اردبیل,غرب,698.0,0.0
All In one-laptop Mini-PC-Android box,241209,38,0.0,2.0,اصفهان,مرکز,430.0,0.0
All In one-laptop Mini-PC-Android box,241209,38,0.0,2.0,ایلام,غرب,644.0,0.0
All In one-laptop Mini-PC-Android box,241209,38,0.0,2.0,بوشهر,جنوب,1019.0,0.0
All In one-laptop Mini-PC-Android box,241209,38,0.0,2.0,خراسان جنوبی,شرق,1033.0,0.0
All In one-laptop Mini-PC-Android box,241209,38,0.0,2.0,خراسان رضوی,شرق,894.0,0.0
All In one-laptop Mini-PC-Android box,241209,38,0.0,2.0,خراسان شمالی,شرق,700.0,0.0
All In one-laptop Mini-PC-Android box,241209,38,0.0,2.0,خوزستان,جنوب,774.0,0.0
All In one-laptop Mini-PC-Android box,241209,38,0.0,2.0,زنجان,غرب,353.0,0.0
All In one-laptop Mini-PC-Android box,241209,38,0.0,2.0,سمنان,شرق,282.0,0.0
All In one-laptop Mini-PC-Android box,241209,38,0.0,2.0,سیستان و بلوچستان,شرق,1647.5,0.0
All In one-laptop Mini-PC-Android box,241209,38,0.0,2.0,فارس,جنوب,932.0,0.0
All In one-laptop Mini-PC-Android box,241209,38,0.0,2.0,قزوین,شمال,199.0,0.0
All In one-laptop Mini-PC-Android box,241209,38,0.0,2.0,قم,مرکز,128.0,0.0
All In one-laptop Mini-PC-Android box,241209,38,0.0,2.0,لرستان,مرکز,414.5,0.0
All In one-laptop Mini-PC-Android box,241209,38,0.0,2.0,مازندران,شمال,231.0,0.0
All In one-laptop Mini-PC-Android box,241209,38,0.0,2.0,مرکزی,مرکز,249.0,0.0
All In one-laptop Mini-PC-Android box,241209,38,0.0,2.0,هرمزگان,جنوب,1261.0,0.0
All In one-laptop Mini-PC-Android box,241209,38,0.0,2.0,همدان,مرکز,299.5,0.0
All In one-laptop Mini-PC-Android box,241209,38,0.0,2.0,چهار محال بختیاری,جنوب,531.5,0.0
All In one-laptop Mini-PC-Android box,241209,38,0.0,2.0,کردستان,غرب,485.0,0.0
All In one-laptop Mini-PC-Android box,241209,38,0.0,2.0,کرمان,شرق,968.0,0.0
All In one-laptop Mini-PC-Android box,241209,38,0.0,2.0,کرمانشاه,غرب,479.0,0.0
All In one-laptop Mini-PC-Android box,241209,38,0.0,2.0,کهگیلویه و بویراحمد,جنوب,888.0,0.0
All In one-laptop Mini-PC-Android box,241209,38,0.0,2.0,گلستان,شمال,521.0,0.0
All In one-laptop Mini-PC-Android box,241209,38,0.0,2.0,گیلان,شمال,392.5,0.0
All In one-laptop Mini-PC-Android box,241209,38,0.0,2.0,یزد,شرق,623.0,0.0
COIL,241115,33,1.9999999999999998,2.0,آذربایجان شرقی,غرب,696.0,1391.9999999999998
COIL,241115,33,1.9999999999999998,2.0,آذربایجان غربی,غرب,803.5,1606.9999999999998
COIL,241115,33,1.9999999999999998,2.0,اردبیل,غرب,698.0,1395.9999999999998
COIL,241115,33,1.9999999999999998,2.0,اصفهان,مرکز,430.0,859.9999999999999
COIL,241115,33,1.9999999999999998,2.0,ایلام,غرب,644.0,1287.9999999999998
COIL,241115,33,1.9999999999999998,2.0,بوشهر,جنوب,1019.0,2037.9999999999998
COIL,241115,33,1.9999999999999998,2.0,خراسان جنوبی,شرق,1033.0,2065.9999999999995
COIL,241115,33,1.9999999999999998,2.0,خراسان رضوی,شرق,894.0,1787.9999999999998
COIL,241115,33,1.9999999999999998,2.0,خراسان شمالی,شرق,700.0,1399.9999999999998
COIL,241115,33,1.9999999999999998,2.0,خوزستان,جنوب,774.0,1547.9999999999998
COIL,241115,33,1.9999999999999998,2.0,زنجان,غرب,353.0,705.9999999999999
COIL,241115,33,1.9999999999999998,2.0,سمنان,شرق,282.0,563.9999999999999
COIL,241115,33,1.9999999999999998,2.0,سیستان و بلوچستان,شرق,1647.5,3294.9999999999995
COIL,241115,33,1.9999999999999998,2.0,فارس,جنوب,932.0,1863.9999999999998
COIL,241115,33,1.9999999999999998,2.0,قزوین,شمال,199.0,397.99999999999994
COIL,241115,33,1.9999999999999998,2.0,قم,مرکز,128.0,255.99999999999997
COIL,241115,33,1.9999999999999998,2.0,لرستان,مرکز,414.5,828.9999999999999
COIL,241115,33,1.9999999999999998,2.0,مازندران,شمال,231.0,461.99999999999994
COIL,241115,33,1.9999999999999998,2.0,مرکزی,مرکز,249.0,497.99999999999994
COIL,241115,33,1.9999999999999998,2.0,هرمزگان,جنوب,1261.0,2521.9999999999995
COIL,241115,33,1.9999999999999998,2.0,همدان,مرکز,299.5,598.9999999999999
COIL,241115,33,1.9999999999999998,2.0,چهار محال بختیاری,جنوب,531.5,1062.9999999999998
COIL,241115,33,1.9999999999999998,2.0,کردستان,غرب,485.0,969.9999999999999
COIL,241115,33,1.9999999999999998,2.0,کرمان,شرق,968.0,1935.9999999999998
COIL,241115,33,1.9999999999999998,2.0,کرمانشاه,غرب,479.0,957.9999999999999
COIL,241115,33,1.9999999999999998,2.0,کهگیلویه و بویراحمد,جنوب,888.0,1775.9999999999998
COIL,241115,33,1.9999999999999998,2.0,گلستان,شمال,521.0,1041.9999999999998
COIL,241115,33,1.9999999999999998,2.0,گیلان,شمال,392.5,784.9999999999999
COIL,241115,33,1.9999999999999998,2.0,یزد,شرق,623.0,1245.9999999999998
Copper Pipe/Remote control/accessory,241135,90,1.1434128307193323,2.0,آذربایجان شرقی,غرب,696.0,795.8153301806553
Copper Pipe/Remote control/accessory,241135,90,1.1434128307193323,2.0,آذربایجان غربی,غرب,803.5,918.7322094829835
Copper Pipe/Remote control/accessory,241135,90,1.1434128307193323,2.0,اردبیل,غرب,698.0,798.1021558420939
Copper Pipe/Remote control/accessory,241135,90,1.1434128307193323,2.0,اصفهان,مرکز,430.0,491.6675172093129
Copper Pipe/Remote control/accessory,241135,90,1.1434128307193323,2.0,ایلام,غرب,644.0,736.35786298325
Copper Pipe/Remote control/accessory,241135,90,1.1434128307193323,2.0,بوشهر,جنوب,1019.0,1165.1376745029995
Copper Pipe/Remote control/accessory,241135,90,1.1434128307193323,2.0,خراسان جنوبی,شرق,1033.0,1181.1454541330702
Copper Pipe/Remote control/accessory,241135,90,1.1434128307193323,2.0,خراسان رضوی,شرق,894.0,1022.2110706630831
Copper Pipe/Remote control/accessory,241135,90,1.1434128307193323,2.0,خراسان شمالی,شرق,700.0,800.3889815035326
Copper Pipe/Remote control/accessory,241135,90,1.1434128307193323,2.0,خوزستان,جنوب,774.0,885.0015309767632
Copper Pipe/Remote control/accessory,241135,90,1.1434128307193323,2.0,زنجان,غرب,353.0,403.6247292439243
Copper Pipe/Remote control/accessory,241135,90,1.1434128307193323,2.0,سمنان,شرق,282.0,322.44241826285173
Copper Pipe/Remote control/accessory,241135,90,1.1434128307193323,2.0,سیستان و بلوچستان,شرق,1647.5,1883.7726386100999
Copper Pipe/Remote control/accessory,241135,90,1.1434128307193323,2.0,فارس,جنوب,932.0,1065.6607582304177
Copper Pipe/Remote control/accessory,241135,90,1.1434128307193323,2.0,قزوین,شمال,199.0,227.53915331314712
Copper Pipe/Remote control/accessory,241135,90,1.1434128307193323,2.0,قم,مرکز,128.0,146.35684233207454
Copper Pipe/Remote control/accessory,241135,90,1.1434128307193323,2.0,لرستان,مرکز,414.5,473.94461833316325
Copper Pipe/Remote control/accessory,241135,90,1.1434128307193323,2.0,مازندران,شمال,231.0,264.12836389616575
Copper Pipe/Remote control/accessory,241135,90,1.1434128307193323,2.0,مرکزی,مرکز,249.0,284.70979484911373
Copper Pipe/Remote control/accessory,241135,90,1.1434128307193323,2.0,هرمزگان,جنوب,1261.0,1441.843579537078
Copper Pipe/Remote control/accessory,241135,90,1.1434128307193323,2.0,همدان,مرکز,299.5,342.45214280044
Copper Pipe/Remote control/accessory,241135,90,1.1434128307193323,2.0,چهار محال بختیاری,جنوب,531.5,607.7239195273252
Copper Pipe/Remote control/accessory,241135,90,1.1434128307193323,2.0,کردستان,غرب,485.0,554.5552228988762
Copper Pipe/Remote control/accessory,241135,90,1.1434128307193323,2.0,کرمان,شرق,968.0,1106.8236201363136
Copper Pipe/Remote control/accessory,241135,90,1.1434128307193323,2.0,کرمانشاه,غرب,479.0,547.6947459145601
Copper Pipe/Remote control/accessory,241135,90,1.1434128307193323,2.0,کهگیلویه و بویراحمد,جنوب,888.0,1015.350593678767
Copper Pipe/Remote control/accessory,241135,90,1.1434128307193323,2.0,گلستان,شمال,521.0,595.7180848047722
Copper Pipe/Remote control/accessory,241135,90,1.1434128307193323,2.0,گیلان,شمال,392.5,448.78953605733795
Copper Pipe/Remote control/accessory,241135,90,1.1434128307193323,2.0,یزد,شرق,623.0,712.346193538144
DW,241012,303,1.913871098195224,2.0,آذربایجان شرقی,غرب,696.0,1332.054284343876
DW,241012,303,1.913871098195224,2.0,آذربایجان غربی,غرب,803.5,1537.7954273998625
DW,241012,303,1.913871098195224,2.0,اردبیل,غرب,698.0,1335.8820265402665
DW,241012,303,1.913871098195224,2.0,اصفهان,مرکز,430.0,822.9645722239463
DW,241012,303,1.913871098195224,2.0,ایلام,غرب,644.0,1232.5329872377242
DW,241012,303,1.913871098195224,2.0,بوشهر,جنوب,1019.0,1950.2346490609334
DW,241012,303,1.913871098195224,2.0,خراسان جنوبی,شرق,1033.0,1977.0288444356665
DW,241012,303,1.913871098195224,2.0,خراسان رضوی,شرق,894.0,1711.0007617865303
DW,241012,303,1.913871098195224,2.0,خراسان شمالی,شرق,700.0,1339.7097687366568
DW,241012,303,1.913871098195224,2.0,خوزستان,جنوب,774.0,1481.3362300031033
DW,241012,303,1.913871098195224,2.0,زنجان,غرب,353.0,675.5964976629141
DW,241012,303,1.913871098195224,2.0,سمنان,شرق,282.0,539.7116496910531
DW,241012,303,1.913871098195224,2.0,سیستان و بلوچستان,شرق,1647.5,3153.1026342766318
DW,241012,303,1.913871098195224,2.0,فارس,جنوب,932.0,1783.727863517949
DW,241012,303,1.913871098195224,2.0,قزوین,شمال,199.0,380.8603485408496
DW,241012,303,1.913871098195224,2.0,قم,مرکز,128.0,244.97550056898868
DW,241012,303,1.913871098195224,2.0,لرستان,مرکز,414.5,793.2995702019203
DW,241012,303,1.913871098195224,2.0,مازندران,شمال,231.0,442.10422368309673
DW,241012,303,1.913871098195224,2.0,مرکزی,مرکز,249.0,476.5539034506108
DW,241012,303,1.913871098195224,2.0,هرمزگان,جنوب,1261.0,2413.3914548241773
DW,241012,303,1.913871098195224,2.0,همدان,مرکز,299.5,573.2043939094696
DW,241012,303,1.913871098195224,2.0,چهار محال بختیاری,جنوب,531.5,1017.2224886907616
DW,241012,303,1.913871098195224,2.0,کردستان,غرب,485.0,928.2274826246837
DW,241012,303,1.913871098195224,2.0,کرمان,شرق,968.0,1852.627223052977
DW,241012,303,1.913871098195224,2.0,کرمانشاه,غرب,479.0,916.7442560355123
DW,241012,303,1.913871098195224,2.0,کهگیلویه و بویراحمد,جنوب,888.0,1699.517535197359
DW,241012,303,1.913871098195224,2.0,گلستان,شمال,521.0,997.1268421597117
DW,241012,303,1.913871098195224,2.0,گیلان,شمال,392.5,751.1944060416255
DW,241012,303,1.913871098195224,2.0,یزد,شرق,623.0,1192.3416941756245
DW,241412,11,1.7242473039574486,2.0,آذربایجان شرقی,غرب,696.0,1200.0761235543841
DW,241412,11,1.7242473039574486,2.0,آذربایجان غربی,غرب,803.5,1385.43270872981
DW,241412,11,1.7242473039574486,2.0,اردبیل,غرب,698.0,1203.5246181622992
DW,241412,11,1.7242473039574486,2.0,اصفهان,مرکز,430.0,741.4263407017029
DW,241412,11,1.7242473039574486,2.0,ایلام,غرب,644.0,1110.415263748597
DW,241412,11,1.7242473039574486,2.0,بوشهر,جنوب,1019.0,1757.00800273264
DW,241412,11,1.7242473039574486,2.0,خراسان جنوبی,شرق,1033.0,1781.1474649880445
DW,241412,11,1.7242473039574486,2.0,خراسان رضوی,شرق,894.0,1541.477089737959
DW,241412,11,1.7242473039574486,2.0,خراسان شمالی,شرق,700.0,1206.9731127702141
DW,241412,11,1.7242473039574486,2.0,خوزستان,جنوب,774.0,1334.5674132630652
DW,241412,11,1.7242473039574486,2.0,زنجان,غرب,353.0,608.6592982969794
DW,241412,11,1.7242473039574486,2.0,سمنان,شرق,282.0,486.23773971600053
DW,241412,11,1.7242473039574486,2.0,سیستان و بلوچستان,شرق,1647.5,2840.6974332698965
DW,241412,11,1.7242473039574486,2.0,فارس,جنوب,932.0,1606.9984872883422
DW,241412,11,1.7242473039574486,2.0,قزوین,شمال,199.0,343.1252134875323
DW,241412,11,1.7242473039574486,2.0,قم,مرکز,128.0,220.70365490655342
DW,241412,11,1.7242473039574486,2.0,لرستان,مرکز,414.5,714.7005074903625
DW,241412,11,1.7242473039574486,2.0,مازندران,شمال,231.0,398.3011272141706
DW,241412,11,1.7242473039574486,2.0,مرکزی,مرکز,249.0,429.3375786854047
DW,241412,11,1.7242473039574486,2.0,هرمزگان,جنوب,1261.0,2174.2758502903425
DW,241412,11,1.7242473039574486,2.0,همدان,مرکز,299.5,516.4120675352559
DW,241412,11,1.7242473039574486,2.0,چهار محال بختیاری,جنوب,531.5,916.437442053384
DW,241412,11,1.7242473039574486,2.0,کردستان,غرب,485.0,836.2599424193626
DW,241412,11,1.7242473039574486,2.0,کرمان,شرق,968.0,1669.0713902308103
DW,241412,11,1.7242473039574486,2.0,کرمانشاه,غرب,479.0,825.9144585956179
DW,241412,11,1.7242473039574486,2.0,کهگیلویه و بویراحمد,جنوب,888.0,1531.1316059142143
DW,241412,11,1.7242473039574486,2.0,گلستان,شمال,521.0,898.3328453618308
DW,241412,11,1.7242473039574486,2.0,گیلان,شمال,392.5,676.7670668032986
DW,241412,11,1.7242473039574486,2.0,یزد,شرق,623.0,1074.2060703654904
FRAME,241114,60,1.2630420285207093,2.0,آذربایجان شرقی,غرب,696.0,879.0772518504137
FRAME,241114,60,1.2630420285207093,2.0,آذربایجان غربی,غرب,803.5,1014.85426991639
FRAME,241114,60,1.2630420285207093,2.0,اردبیل,غرب,698.0,881.6033359074552
FRAME,241114,60,1.2630420285207093,2.0,اصفهان,مرکز,430.0,543.108072263905
FRAME,241114,60,1.2630420285207093,2.0,ایلام,غرب,644.0,813.3990663673368
FRAME,241114,60,1.2630420285207093,2.0,بوشهر,جنوب,1019.0,1287.0398270626029
FRAME,241114,60,1.2630420285207093,2.0,خراسان جنوبی,شرق,1033.0,1304.7224154618928
FRAME,241114,60,1.2630420285207093,2.0,خراسان رضوی,شرق,894.0,1129.1595734975142
FRAME,241114,60,1.2630420285207093,2.0,خراسان شمالی,شرق,700.0,884.1294199644965
FRAME,241114,60,1.2630420285207093,2.0,خوزستان,جنوب,774.0,977.5945300750291
FRAME,241114,60,1.2630420285207093,2.0,زنجان,غرب,353.0,445.8538360678104
FRAME,241114,60,1.2630420285207093,2.0,سمنان,شرق,282.0,356.17785204284
FRAME,241114,60,1.2630420285207093,2.0,سیستان و بلوچستان,شرق,1647.5,2080.8617419878688
FRAME,241114,60,1.2630420285207093,2.0,فارس,جنوب,932.0,1177.155170581301
FRAME,241114,60,1.2630420285207093,2.0,قزوین,شمال,199.0,251.34536367562117
FRAME,241114,60,1.2630420285207093,2.0,قم,مرکز,128.0,161.6693796506508
FRAME,241114,60,1.2630420285207093,2.0,لرستان,مرکز,414.5,523.530920821834
FRAME,241114,60,1.2630420285207093,2.0,مازندران,شمال,231.0,291.7627085882839
FRAME,241114,60,1.2630420285207093,2.0,مرکزی,مرکز,249.0,314.49746510165664
FRAME,241114,60,1.2630420285207093,2.0,هرمزگان,جنوب,1261.0,1592.6959979646144
FRAME,241114,60,1.2630420285207093,2.0,همدان,مرکز,299.5,378.28108754195245
FRAME,241114,60,1.2630420285207093,2.0,چهار محال بختیاری,جنوب,531.5,671.306838158757
FRAME,241114,60,1.2630420285207093,2.0,کردستان,غرب,485.0,612.575383832544
FRAME,241114,60,1.2630420285207093,2.0,کرمان,شرق,968.0,1222.6246836080466
FRAME,241114,60,1.2630420285207093,2.0,کرمانشاه,غرب,479.0,604.9971316614198
FRAME,241114,60,1.2630420285207093,2.0,کهگیلویه و بویراحمد,جنوب,888.0,1121.5813213263898
FRAME,241114,60,1.2630420285207093,2.0,گلستان,شمال,521.0,658.0448968592896
FRAME,241114,60,1.2630420285207093,2.0,گیلان,شمال,392.5,495.74399619437844
FRAME,241114,60,1.2630420285207093,2.0,یزد,شرق,623.0,786.8751837684019
GL-SP25,241131,3,0.6423611111111112,0.6423611111111112,آذربایجان شرقی,غرب,696.0,447.08333333333337
GL-SP25,241131,3,0.6423611111111112,0.6423611111111112,آذربایجان غربی,غرب,803.5,516.1371527777778
GL-SP25,241131,3,0.6423611111111112,0.6423611111111112,اردبیل,غرب,698.0,448.3680555555556
GL-SP25,241131,3,0.6423611111111112,0.6423611111111112,اصفهان,مرکز,430.0,276.21527777777777
GL-SP25,241131,3,0.6423611111111112,0.6423611111111112,ایلام,غرب,644.0,413.6805555555556
GL-SP25,241131,3,0.6423611111111112,0.6423611111111112,بوشهر,جنوب,1019.0,654.5659722222223
GL-SP25,241131,3,0.6423611111111112,0.6423611111111112,خراسان جنوبی,شرق,1033.0,663.5590277777778
GL-SP25,241131,3,0.6423611111111112,0.6423611111111112,خراسان رضوی,شرق,894.0,574.2708333333334
GL-SP25,241131,3,0.6423611111111112,0.6423611111111112,خراسان شمالی,شرق,700.0,449.6527777777778
GL-SP25,241131,3,0.6423611111111112,0.6423611111111112,خوزستان,جنوب,774.0,497.18750000000006
GL-SP25,241131,3,0.6423611111111112,0.6423611111111112,زنجان,غرب,353.0,226.75347222222223
GL-SP25,241131,3,0.6423611111111112,0.6423611111111112,سمنان,شرق,282.0,181.14583333333334
GL-SP25,241131,3,0.6423611111111112,0.6423611111111112,سیستان و بلوچستان,شرق,1647.5,1058.2899305555557
GL-SP25,241131,3,0.6423611111111112,0.6423611111111112,فارس,جنوب,932.0,598.6805555555557
GL-SP25,241131,3,0.6423611111111112,0.6423611111111112,قزوین,شمال,199.0,127.82986111111111
GL-SP25,241131,3,0.6423611111111112,0.6423611111111112,قم,مرکز,128.0,82.22222222222223
GL-SP25,241131,3,0.6423611111111112,0.6423611111111112,لرستان,مرکز,414.5,266.2586805555556
GL-SP25,241131,3,0.6423611111111112,0.6423611111111112,مازندران,شمال,231.0,148.38541666666669
GL-SP25,241131,3,0.6423611111111112,0.6423611111111112,مرکزی,مرکز,249.0,159.94791666666669
GL-SP25,241131,3,0.6423611111111112,0.6423611111111112,هرمزگان,جنوب,1261.0,810.0173611111112
GL-SP25,241131,3,0.6423611111111112,0.6423611111111112,همدان,مرکز,299.5,192.3871527777778
GL-SP25,241131,3,0.6423611111111112,0.6423611111111112,چهار محال بختیاری,جنوب,531.5,341.4149305555556
GL-SP25,241131,3,0.6423611111111112,0.6423611111111112,کردستان,غرب,485.0,311.5451388888889
GL-SP25,241131,3,0.6423611111111112,0.6423611111111112,کرمان,شرق,968.0,621.8055555555557
GL-SP25,241131,3,0.6423611111111112,0.6423611111111112,کرمانشاه,غرب,479.0,307.69097222222223
GL-SP25,241131,3,0.6423611111111112,0.6423611111111112,کهگیلویه و بویراحمد,جنوب,888.0,570.4166666666667
GL-SP25,241131,3,0.6423611111111112,0.6423611111111112,گلستان,شمال,521.0,334.6701388888889
GL-SP25,241131,3,0.6423611111111112,0.6423611111111112,گیلان,شمال,392.5,252.12673611111114
GL-SP25,241131,3,0.6423611111111112,0.6423611111111112,یزد,شرق,623.0,400.19097222222223
GL-SP35/65,241132,4,1.3211805555555556,2.0,آذربایجان شرقی,غرب,696.0,919.5416666666666
GL-SP35/65,241132,4,1.3211805555555556,2.0,آذربایجان غربی,غرب,803.5,1061.568576388889
GL-SP35/65,241132,4,1.3211805555555556,2.0,اردبیل,غرب,698.0,922.1840277777778
GL-SP35/65,241132,4,1.3211805555555556,2.0,اصفهان,مرکز,430.0,568.1076388888889
GL-SP35/65,241132,4,1.3211805555555556,2.0,ایلام,غرب,644.0,850.8402777777778
GL-SP35/65,241132,4,1.3211805555555556,2.0,بوشهر,جنوب,1019.0,1346.282986111111
GL-SP35/65,241132,4,1.3211805555555556,2.0,خراسان جنوبی,شرق,1033.0,1364.779513888889
GL-SP35/65,241132,4,1.3211805555555556,2.0,خراسان رضوی,شرق,894.0,1181.1354166666667
GL-SP35/65,241132,4,1.3211805555555556,2.0,خراسان شمالی,شرق,700.0,924.8263888888889
GL-SP35/65,241132,4,1.3211805555555556,2.0,خوزستان,جنوب,774.0,1022.59375
GL-SP35/65,241132,4,1.3211805555555556,2.0,زنجان,غرب,353.0,466.37673611111114
GL-SP35/65,241132,4,1.3211805555555556,2.0,سمنان,شرق,282.0,372.5729166666667
GL-SP35/65,241132,4,1.3211805555555556,2.0,سیستان و بلوچستان,شرق,1647.5,2176.644965277778
GL-SP35/65,241132,4,1.3211805555555556,2.0,فارس,جنوب,932.0,1231.3402777777778
GL-SP35/65,241132,4,1.3211805555555556,2.0,قزوین,شمال,199.0,262.91493055555554
GL-SP35/65,241132,4,1.3211805555555556,2.0,قم,مرکز,128.0,169.11111111111111
GL-SP35/65,241132,4,1.3211805555555556,2.0,لرستان,مرکز,414.5,547.6293402777778
GL-SP35/65,241132,4,1.3211805555555556,2.0,مازندران,شمال,231.0,305.1927083333333
GL-SP35/65,241132,4,1.3211805555555556,2.0,مرکزی,مرکز,249.0,328.9739583333333
GL-SP35/65,241132,4,1.3211805555555556,2.0,هرمزگان,جنوب,1261.0,1666.0086805555557
GL-SP35/65,241132,4,1.3211805555555556,2.0,همدان,مرکز,299.5,395.6935763888889
GL-SP35/65,241132,4,1.3211805555555556,2.0,چهار محال بختیاری,جنوب,531.5,702.2074652777778
GL-SP35/65,241132,4,1.3211805555555556,2.0,کردستان,غرب,485.0,640.7725694444445
GL-SP35/65,241132,4,1.3211805555555556,2.0,کرمان,شرق,968.0,1278.9027777777778
GL-SP35/65,241132,4,1.3211805555555556,2.0,کرمانشاه,غرب,479.0,632.8454861111111
GL-SP35/65,241132,4,1.3211805555555556,2.0,کهگیلویه و بویراحمد,جنوب,888.0,1173.2083333333333
GL-SP35/65,241132,4,1.3211805555555556,2.0,گلستان,شمال,521.0,688.3350694444445
GL-SP35/65,241132,4,1.3211805555555556,2.0,گیلان,شمال,392.5,518.5633680555555
GL-SP35/65,241132,4,1.3211805555555556,2.0,یزد,شرق,623.0,823.0954861111111
GL-V…,241129,4,1.93425,2.0,آذربایجان شرقی,غرب,696.0,1346.238
GL-V…,241129,4,1.93425,2.0,آذربایجان غربی,غرب,803.5,1554.169875
GL-V…,241129,4,1.93425,2.0,اردبیل,غرب,698.0,1350.1065
GL-V…,241129,4,1.93425,2.0,اصفهان,مرکز,430.0,831.7275
GL-V…,241129,4,1.93425,2.0,ایلام,غرب,644.0,1245.657
GL-V…,241129,4,1.93425,2.0,بوشهر,جنوب,1019.0,1971.00075
GL-V…,241129,4,1.93425,2.0,خراسان جنوبی,شرق,1033.0,1998.08025
GL-V…,241129,4,1.93425,2.0,خراسان رضوی,شرق,894.0,1729.2195
GL-V…,241129,4,1.93425,2.0,خراسان شمالی,شرق,700.0,1353.975
GL-V…,241129,4,1.93425,2.0,خوزستان,جنوب,774.0,1497.1095
GL-V…,241129,4,1.93425,2.0,زنجان,غرب,353.0,682.79025
GL-V…,241129,4,1.93425,2.0,سمنان,شرق,282.0,545.4585
GL-V…,241129,4,1.93425,2.0,سیستان و بلوچستان,شرق,1647.5,3186.676875
GL-V…,241129,4,1.93425,2.0,فارس,جنوب,932.0,1802.721
GL-V…,241129,4,1.93425,2.0,قزوین,شمال,199.0,384.91575
GL-V…,241129,4,1.93425,2.0,قم,مرکز,128.0,247.584
GL-V…,241129,4,1.93425,2.0,لرستان,مرکز,414.5,801.746625
GL-V…,241129,4,1.93425,2.0,مازندران,شمال,231.0,446.81175
GL-V…,241129,4,1.93425,2.0,مرکزی,مرکز,249.0,481.62825
GL-V…,241129,4,1.93425,2.0,هرمزگان,جنوب,1261.0,2439.08925
GL-V…,241129,4,1.93425,2.0,همدان,مرکز,299.5,579.307875
GL-V…,241129,4,1.93425,2.0,چهار محال بختیاری,جنوب,531.5,1028.053875
GL-V…,241129,4,1.93425,2.0,کردستان,غرب,485.0,938.11125
GL-V…,241129,4,1.93425,2.0,کرمان,شرق,968.0,1872.354
GL-V…,241129,4,1.93425,2.0,کرمانشاه,غرب,479.0,926.50575
GL-V…,241129,4,1.93425,2.0,کهگیلویه و بویراحمد,جنوب,888.0,1717.614
GL-V…,241129,4,1.93425,2.0,گلستان,شمال,521.0,1007.74425
GL-V…,241129,4,1.93425,2.0,گیلان,شمال,392.5,759.193125
GL-V…,241129,4,1.93425,2.0,یزد,شرق,623.0,1205.03775
GLK-(800/900/950/1000/1200),241120,20,0.0,2.0,آذربایجان شرقی,غرب,696.0,0.0
GLK-(800/900/950/1000/1200),241120,20,0.0,2.0,آذربایجان غربی,غرب,803.5,0.0
GLK-(800/900/950/1000/1200),241120,20,0.0,2.0,اردبیل,غرب,698.0,0.0
GLK-(800/900/950/1000/1200),241120,20,0.0,2.0,اصفهان,مرکز,430.0,0.0
GLK-(800/900/950/1000/1200),241120,20,0.0,2.0,ایلام,غرب,644.0,0.0
GLK-(800/900/950/1000/1200),241120,20,0.0,2.0,بوشهر,جنوب,1019.0,0.0
GLK-(800/900/950/1000/1200),241120,20,0.0,2.0,خراسان جنوبی,شرق,1033.0,0.0
GLK-(800/900/950/1000/1200),241120,20,0.0,2.0,خراسان رضوی,شرق,894.0,0.0
GLK-(800/900/950/1000/1200),241120,20,0.0,2.0,خراسان شمالی,شرق,700.0,0.0
GLK-(800/900/950/1000/1200),241120,20,0.0,2.0,خوزستان,جنوب,774.0,0.0
GLK-(800/900/950/1000/1200),241120,20,0.0,2.0,زنجان,غرب,353.0,0.0
GLK-(800/900/950/1000/1200),241120,20,0.0,2.0,سمنان,شرق,282.0,0.0
GLK-(800/900/950/1000/1200),241120,20,0.0,2.0,سیستان و بلوچستان,شرق,1647.5,0.0
GLK-(800/900/950/1000/1200),241120,20,0.0,2.0,فارس,جنوب,932.0,0.0
GLK-(800/900/950/1000/1200),241120,20,0.0,2.0,قزوین,شمال,199.0,0.0
GLK-(800/900/950/1000/1200),241120,20,0.0,2.0,قم,مرکز,128.0,0.0
GLK-(800/900/950/1000/1200),241120,20,0.0,2.0,لرستان,مرکز,414.5,0.0
GLK-(800/900/950/1000/1200),241120,20,0.0,2.0,مازندران,شمال,231.0,0.0
GLK-(800/900/950/1000/1200),241120,20,0.0,2.0,مرکزی,مرکز,249.0,0.0
GLK-(800/900/950/1000/1200),241120,20,0.0,2.0,هرمزگان,جنوب,1261.0,0.0
GLK-(800/900/950/1000/1200),241120,20,0.0,2.0,همدان,مرکز,299.5,0.0
GLK-(800/900/950/1000/1200),241120,20,0.0,2.0,چهار محال بختیاری,جنوب,531.5,0.0
GLK-(800/900/950/1000/1200),241120,20,0.0,2.0,کردستان,غرب,485.0,0.0
GLK-(800/900/950/1000/1200),241120,20,0.0,2.0,کرمان,شرق,968.0,0.0
GLK-(800/900/950/1000/1200),241120,20,0.0,2.0,کرمانشاه,غرب,479.0,0.0
GLK-(800/900/950/1000/1200),241120,20,0.0,2.0,کهگیلویه و بویراحمد,جنوب,888.0,0.0
GLK-(800/900/950/1000/1200),241120,20,0.0,2.0,گلستان,شمال,521.0,0.0
GLK-(800/900/950/1000/1200),241120,20,0.0,2.0,گیلان,شمال,392.5,0.0
GLK-(800/900/950/1000/1200),241120,20,0.0,2.0,یزد,شرق,623.0,0.0
GLK-300(T3-G-D-C-F4),241116,17,1.6793754538852577,2.0,آذربایجان شرقی,غرب,696.0,1168.8453159041394
GLK-300(T3-G-D-C-F4),241116,17,1.6793754538852577,2.0,آذربایجان غربی,غرب,803.5,1349.3781771968045
GLK-300(T3-G-D-C-F4),241116,17,1.6793754538852577,2.0,اردبیل,غرب,698.0,1172.2040668119098
GLK-300(T3-G-D-C-F4),241116,17,1.6793754538852577,2.0,اصفهان,مرکز,430.0,722.1314451706608
GLK-300(T3-G-D-C-F4),241116,17,1.6793754538852577,2.0,ایلام,غرب,644.0,1081.517792302106
GLK-300(T3-G-D-C-F4),241116,17,1.6793754538852577,2.0,بوشهر,جنوب,1019.0,1711.2835875090775
GLK-300(T3-G-D-C-F4),241116,17,1.6793754538852577,2.0,خراسان جنوبی,شرق,1033.0,1734.7948438634712
GLK-300(T3-G-D-C-F4),241116,17,1.6793754538852577,2.0,خراسان رضوی,شرق,894.0,1501.3616557734204
GLK-300(T3-G-D-C-F4),241116,17,1.6793754538852577,2.0,خراسان شمالی,شرق,700.0,1175.5628177196804
GLK-300(T3-G-D-C-F4),241116,17,1.6793754538852577,2.0,خوزستان,جنوب,774.0,1299.8366013071895
GLK-300(T3-G-D-C-F4),241116,17,1.6793754538852577,2.0,زنجان,غرب,353.0,592.8195352214959
GLK-300(T3-G-D-C-F4),241116,17,1.6793754538852577,2.0,سمنان,شرق,282.0,473.58387799564264
GLK-300(T3-G-D-C-F4),241116,17,1.6793754538852577,2.0,سیستان و بلوچستان,شرق,1647.5,2766.771060275962
GLK-300(T3-G-D-C-F4),241116,17,1.6793754538852577,2.0,فارس,جنوب,932.0,1565.1779230210602
GLK-300(T3-G-D-C-F4),241116,17,1.6793754538852577,2.0,قزوین,شمال,199.0,334.19571532316627
GLK-300(T3-G-D-C-F4),241116,17,1.6793754538852577,2.0,قم,مرکز,128.0,214.96005809731298
GLK-300(T3-G-D-C-F4),241116,17,1.6793754538852577,2.0,لرستان,مرکز,414.5,696.1011256354393
GLK-300(T3-G-D-C-F4),241116,17,1.6793754538852577,2.0,مازندران,شمال,231.0,387.93572984749454
GLK-300(T3-G-D-C-F4),241116,17,1.6793754538852577,2.0,مرکزی,مرکز,249.0,418.16448801742916
GLK-300(T3-G-D-C-F4),241116,17,1.6793754538852577,2.0,هرمزگان,جنوب,1261.0,2117.69244734931
GLK-300(T3-G-D-C-F4),241116,17,1.6793754538852577,2.0,همدان,مرکز,299.5,502.97294843863466
GLK-300(T3-G-D-C-F4),241116,17,1.6793754538852577,2.0,چهار محال بختیاری,جنوب,531.5,892.5880537400144
GLK-300(T3-G-D-C-F4),241116,17,1.6793754538852577,2.0,کردستان,غرب,485.0,814.4970951343499
GLK-300(T3-G-D-C-F4),241116,17,1.6793754538852577,2.0,کرمان,شرق,968.0,1625.6354393609295
GLK-300(T3-G-D-C-F4),241116,17,1.6793754538852577,2.0,کرمانشاه,غرب,479.0,804.4208424110384
GLK-300(T3-G-D-C-F4),241116,17,1.6793754538852577,2.0,کهگیلویه و بویراحمد,جنوب,888.0,1491.2854030501087
GLK-300(T3-G-D-C-F4),241116,17,1.6793754538852577,2.0,گلستان,شمال,521.0,874.9546114742193
GLK-300(T3-G-D-C-F4),241116,17,1.6793754538852577,2.0,گیلان,شمال,392.5,659.1548656499637
GLK-300(T3-G-D-C-F4),241116,17,1.6793754538852577,2.0,یزد,شرق,623.0,1046.2509077705156
GLK-400(T3-G-C-F4),241117,16,0.0,2.0,آذربایجان شرقی,غرب,696.0,0.0
GLK-400(T3-G-C-F4),241117,16,0.0,2.0,آذربایجان غربی,غرب,803.5,0.0
GLK-400(T3-G-C-F4),241117,16,0.0,2.0,اردبیل,غرب,698.0,0.0
GLK-400(T3-G-C-F4),241117,16,0.0,2.0,اصفهان,مرکز,430.0,0.0
GLK-400(T3-G-C-F4),241117,16,0.0,2.0,ایلام,غرب,644.0,0.0
GLK-400(T3-G-C-F4),241117,16,0.0,2.0,بوشهر,جنوب,1019.0,0.0
GLK-400(T3-G-C-F4),241117,16,0.0,2.0,خراسان جنوبی,شرق,1033.0,0.0
GLK-400(T3-G-C-F4),241117,16,0.0,2.0,خراسان رضوی,شرق,894.0,0.0
GLK-400(T3-G-C-F4),241117,16,0.0,2.0,خراسان شمالی,شرق,700.0,0.0
GLK-400(T3-G-C-F4),241117,16,0.0,2.0,خوزستان,جنوب,774.0,0.0
GLK-400(T3-G-C-F4),241117,16,0.0,2.0,زنجان,غرب,353.0,0.0
GLK-400(T3-G-C-F4),241117,16,0.0,2.0,سمنان,شرق,282.0,0.0
GLK-400(T3-G-C-F4),241117,16,0.0,2.0,سیستان و بلوچستان,شرق,1647.5,0.0
GLK-400(T3-G-C-F4),241117,16,0.0,2.0,فارس,جنوب,932.0,0.0
GLK-400(T3-G-C-F4),241117,16,0.0,2.0,قزوین,شمال,199.0,0.0
GLK-400(T3-G-C-F4),241117,16,0.0,2.0,قم,مرکز,128.0,0.0
GLK-400(T3-G-C-F4),241117,16,0.0,2.0,لرستان,مرکز,414.5,0.0
GLK-400(T3-G-C-F4),241117,16,0.0,2.0,مازندران,شمال,231.0,0.0
GLK-400(T3-G-C-F4),241117,16,0.0,2.0,مرکزی,مرکز,249.0,0.0
GLK-400(T3-G-C-F4),241117,16,0.0,2.0,هرمزگان,جنوب,1261.0,0.0
GLK-400(T3-G-C-F4),241117,16,0.0,2.0,همدان,مرکز,299.5,0.0
GLK-400(T3-G-C-F4),241117,16,0.0,2.0,چهار محال بختیاری,جنوب,531.5,0.0
GLK-400(T3-G-C-F4),241117,16,0.0,2.0,کردستان,غرب,485.0,0.0
GLK-400(T3-G-C-F4),241117,16,0.0,2.0,کرمان,شرق,968.0,0.0
GLK-400(T3-G-C-F4),241117,16,0.0,2.0,کرمانشاه,غرب,479.0,0.0
GLK-400(T3-G-C-F4),241117,16,0.0,2.0,کهگیلویه و بویراحمد,جنوب,888.0,0.0
GLK-400(T3-G-C-F4),241117,16,0.0,2.0,گلستان,شمال,521.0,0.0
GLK-400(T3-G-C-F4),241117,16,0.0,2.0,گیلان,شمال,392.5,0.0
GLK-400(T3-G-C-F4),241117,16,0.0,2.0,یزد,شرق,623.0,0.0
GLK-600(T3-G-A-C-F4),241118,25,0.1659688995215311,2.0,آذربایجان شرقی,غرب,696.0,115.51435406698565
GLK-600(T3-G-A-C-F4),241118,25,0.1659688995215311,2.0,آذربایجان غربی,غرب,803.5,133.35601076555025
GLK-600(T3-G-A-C-F4),241118,25,0.1659688995215311,2.0,اردبیل,غرب,698.0,115.84629186602871
GLK-600(T3-G-A-C-F4),241118,25,0.1659688995215311,2.0,اصفهان,مرکز,430.0,71.36662679425837
GLK-600(T3-G-A-C-F4),241118,25,0.1659688995215311,2.0,ایلام,غرب,644.0,106.88397129186603
GLK-600(T3-G-A-C-F4),241118,25,0.1659688995215311,2.0,بوشهر,جنوب,1019.0,169.12230861244018
GLK-600(T3-G-A-C-F4),241118,25,0.1659688995215311,2.0,خراسان جنوبی,شرق,1033.0,171.44587320574163
GLK-600(T3-G-A-C-F4),241118,25,0.1659688995215311,2.0,خراسان رضوی,شرق,894.0,148.3761961722488
GLK-600(T3-G-A-C-F4),241118,25,0.1659688995215311,2.0,خراسان شمالی,شرق,700.0,116.17822966507177
GLK-600(T3-G-A-C-F4),241118,25,0.1659688995215311,2.0,خوزستان,جنوب,774.0,128.45992822966508
GLK-600(T3-G-A-C-F4),241118,25,0.1659688995215311,2.0,زنجان,غرب,353.0,58.587021531100476
GLK-600(T3-G-A-C-F4),241118,25,0.1659688995215311,2.0,سمنان,شرق,282.0,46.80322966507177
GLK-600(T3-G-A-C-F4),241118,25,0.1659688995215311,2.0,سیستان و بلوچستان,شرق,1647.5,273.4337619617225
GLK-600(T3-G-A-C-F4),241118,25,0.1659688995215311,2.0,فارس,جنوب,932.0,154.68301435406698
GLK-600(T3-G-A-C-F4),241118,25,0.1659688995215311,2.0,قزوین,شمال,199.0,33.02781100478469
GLK-600(T3-G-A-C-F4),241118,25,0.1659688995215311,2.0,قم,مرکز,128.0,21.24401913875598
GLK-600(T3-G-A-C-F4),241118,25,0.1659688995215311,2.0,لرستان,مرکز,414.5,68.79410885167464
GLK-600(T3-G-A-C-F4),241118,25,0.1659688995215311,2.0,مازندران,شمال,231.0,38.338815789473685
GLK-600(T3-G-A-C-F4),241118,25,0.1659688995215311,2.0,مرکزی,مرکز,249.0,41.32625598086124
GLK-600(T3-G-A-C-F4),241118,25,0.1659688995215311,2.0,هرمزگان,جنوب,1261.0,209.28678229665073
GLK-600(T3-G-A-C-F4),241118,25,0.1659688995215311,2.0,همدان,مرکز,299.5,49.707685406698566
GLK-600(T3-G-A-C-F4),241118,25,0.1659688995215311,2.0,چهار محال بختیاری,جنوب,531.5,88.21247009569377
GLK-600(T3-G-A-C-F4),241118,25,0.1659688995215311,2.0,کردستان,غرب,485.0,80.49491626794259
GLK-600(T3-G-A-C-F4),241118,25,0.1659688995215311,2.0,کرمان,شرق,968.0,160.6578947368421
GLK-600(T3-G-A-C-F4),241118,25,0.1659688995215311,2.0,کرمانشاه,غرب,479.0,79.4991028708134
GLK-600(T3-G-A-C-F4),241118,25,0.1659688995215311,2.0,کهگیلویه و بویراحمد,جنوب,888.0,147.3803827751196
GLK-600(T3-G-A-C-F4),241118,25,0.1659688995215311,2.0,گلستان,شمال,521.0,86.4697966507177
GLK-600(T3-G-A-C-F4),241118,25,0.1659688995215311,2.0,گیلان,شمال,392.5,65.14279306220095
GLK-600(T3-G-A-C-F4),241118,25,0.1659688995215311,2.0,یزد,شرق,623.0,103.39862440191388
GLKA-750,241119,1,2.0,2.0,آذربایجان شرقی,غرب,696.0,1392.0
GLKA-750,241119,1,2.0,2.0,آذربایجان غربی,غرب,803.5,1607.0
GLKA-750,241119,1,2.0,2.0,اردبیل,غرب,698.0,1396.0
GLKA-750,241119,1,2.0,2.0,اصفهان,مرکز,430.0,860.0
GLKA-750,241119,1,2.0,2.0,ایلام,غرب,644.0,1288.0
GLKA-750,241119,1,2.0,2.0,بوشهر,جنوب,1019.0,2038.0
GLKA-750,241119,1,2.0,2.0,خراسان جنوبی,شرق,1033.0,2066.0
GLKA-750,241119,1,2.0,2.0,خراسان رضوی,شرق,894.0,1788.0
GLKA-750,241119,1,2.0,2.0,خراسان شمالی,شرق,700.0,1400.0
GLKA-750,241119,1,2.0,2.0,خوزستان,جنوب,774.0,1548.0
GLKA-750,241119,1,2.0,2.0,زنجان,غرب,353.0,706.0
GLKA-750,241119,1,2.0,2.0,سمنان,شرق,282.0,564.0
GLKA-750,241119,1,2.0,2.0,سیستان و بلوچستان,شرق,1647.5,3295.0
GLKA-750,241119,1,2.0,2.0,فارس,جنوب,932.0,1864.0
GLKA-750,241119,1,2.0,2.0,قزوین,شمال,199.0,398.0
GLKA-750,241119,1,2.0,2.0,قم,مرکز,128.0,256.0
GLKA-750,241119,1,2.0,2.0,لرستان,مرکز,414.5,829.0
GLKA-750,241119,1,2.0,2.0,مازندران,شمال,231.0,462.0
GLKA-750,241119,1,2.0,2.0,مرکزی,مرکز,249.0,498.0
GLKA-750,241119,1,2.0,2.0,هرمزگان,جنوب,1261.0,2522.0
GLKA-750,241119,1,2.0,2.0,همدان,مرکز,299.5,599.0
GLKA-750,241119,1,2.0,2.0,چهار محال بختیاری,جنوب,531.5,1063.0
GLKA-750,241119,1,2.0,2.0,کردستان,غرب,485.0,970.0
GLKA-750,241119,1,2.0,2.0,کرمان,شرق,968.0,1936.0
GLKA-750,241119,1,2.0,2.0,کرمانشاه,غرب,479.0,958.0
GLKA-750,241119,1,2.0,2.0,کهگیلویه و بویراحمد,جنوب,888.0,1776.0
GLKA-750,241119,1,2.0,2.0,گلستان,شمال,521.0,1042.0
GLKA-750,241119,1,2.0,2.0,گیلان,شمال,392.5,785.0
GLKA-750,241119,1,2.0,2.0,یزد,شرق,623.0,1246.0
GLT3H (1200 / 1600 / 2200),241121,22,1.9724558452481076,2.0,آذربایجان شرقی,غرب,696.0,1372.8292682926829
GLT3H (1200 / 1600 / 2200),241121,22,1.9724558452481076,2.0,آذربایجان غربی,غرب,803.5,1584.8682716568544
GLT3H (1200 / 1600 / 2200),241121,22,1.9724558452481076,2.0,اردبیل,غرب,698.0,1376.774179983179
GLT3H (1200 / 1600 / 2200),241121,22,1.9724558452481076,2.0,اصفهان,مرکز,430.0,848.1560134566863
GLT3H (1200 / 1600 / 2200),241121,22,1.9724558452481076,2.0,ایلام,غرب,644.0,1270.2615643397812
GLT3H (1200 / 1600 / 2200),241121,22,1.9724558452481076,2.0,بوشهر,جنوب,1019.0,2009.9325063078215
GLT3H (1200 / 1600 / 2200),241121,22,1.9724558452481076,2.0,خراسان جنوبی,شرق,1033.0,2037.546888141295
GLT3H (1200 / 1600 / 2200),241121,22,1.9724558452481076,2.0,خراسان رضوی,شرق,894.0,1763.3755256518082
GLT3H (1200 / 1600 / 2200),241121,22,1.9724558452481076,2.0,خراسان شمالی,شرق,700.0,1380.7190916736754
GLT3H (1200 / 1600 / 2200),241121,22,1.9724558452481076,2.0,خوزستان,جنوب,774.0,1526.6808242220352
GLT3H (1200 / 1600 / 2200),241121,22,1.9724558452481076,2.0,زنجان,غرب,353.0,696.2769133725819
GLT3H (1200 / 1600 / 2200),241121,22,1.9724558452481076,2.0,سمنان,شرق,282.0,556.2325483599664
GLT3H (1200 / 1600 / 2200),241121,22,1.9724558452481076,2.0,سیستان و بلوچستان,شرق,1647.5,3249.6210050462573
GLT3H (1200 / 1600 / 2200),241121,22,1.9724558452481076,2.0,فارس,جنوب,932.0,1838.3288477712363
GLT3H (1200 / 1600 / 2200),241121,22,1.9724558452481076,2.0,قزوین,شمال,199.0,392.5187132043734
GLT3H (1200 / 1600 / 2200),241121,22,1.9724558452481076,2.0,قم,مرکز,128.0,252.47434819175777
GLT3H (1200 / 1600 / 2200),241121,22,1.9724558452481076,2.0,لرستان,مرکز,414.5,817.5829478553405
GLT3H (1200 / 1600 / 2200),241121,22,1.9724558452481076,2.0,مازندران,شمال,231.0,455.63730025231285
GLT3H (1200 / 1600 / 2200),241121,22,1.9724558452481076,2.0,مرکزی,مرکز,249.0,491.14150546677877
GLT3H (1200 / 1600 / 2200),241121,22,1.9724558452481076,2.0,هرمزگان,جنوب,1261.0,2487.266820857864
GLT3H (1200 / 1600 / 2200),241121,22,1.9724558452481076,2.0,همدان,مرکز,299.5,590.7505256518082
GLT3H (1200 / 1600 / 2200),241121,22,1.9724558452481076,2.0,چهار محال بختیاری,جنوب,531.5,1048.3602817493693
GLT3H (1200 / 1600 / 2200),241121,22,1.9724558452481076,2.0,کردستان,غرب,485.0,956.6410849453322
GLT3H (1200 / 1600 / 2200),241121,22,1.9724558452481076,2.0,کرمان,شرق,968.0,1909.3372582001682
GLT3H (1200 / 1600 / 2200),241121,22,1.9724558452481076,2.0,کرمانشاه,غرب,479.0,944.8063498738435
GLT3H (1200 / 1600 / 2200),241121,22,1.9724558452481076,2.0,کهگیلویه و بویراحمد,جنوب,888.0,1751.5407905803195
GLT3H (1200 / 1600 / 2200),241121,22,1.9724558452481076,2.0,گلستان,شمال,521.0,1027.649495374264
GLT3H (1200 / 1600 / 2200),241121,22,1.9724558452481076,2.0,گیلان,شمال,392.5,774.1889192598823
GLT3H (1200 / 1600 / 2200),241121,22,1.9724558452481076,2.0,یزد,شرق,623.0,1228.8399915895711
HEAVY ITEM,253005,282,1.2025000000000001,2.0,آذربایجان شرقی,غرب,696.0,836.94
HEAVY ITEM,253005,282,1.2025000000000001,2.0,آذربایجان غربی,غرب,803.5,966.2087500000001
HEAVY ITEM,253005,282,1.2025000000000001,2.0,اردبیل,غرب,698.0,839.3450000000001
HEAVY ITEM,253005,282,1.2025000000000001,2.0,اصفهان,مرکز,430.0,517.075
HEAVY ITEM,253005,282,1.2025000000000001,2.0,ایلام,غرب,644.0,774.4100000000001
HEAVY ITEM,253005,282,1.2025000000000001,2.0,بوشهر,جنوب,1019.0,1225.3475
HEAVY ITEM,253005,282,1.2025000000000001,2.0,خراسان جنوبی,شرق,1033.0,1242.1825000000001
HEAVY ITEM,253005,282,1.2025000000000001,2.0,خراسان رضوی,شرق,894.0,1075.035
HEAVY ITEM,253005,282,1.2025000000000001,2.0,خراسان شمالی,شرق,700.0,841.7500000000001
HEAVY ITEM,253005,282,1.2025000000000001,2.0,خوزستان,جنوب,774.0,930.7350000000001
HEAVY ITEM,253005,282,1.2025000000000001,2.0,زنجان,غرب,353.0,424.4825
HEAVY ITEM,253005,282,1.2025000000000001,2.0,سمنان,شرق,282.0,339.105
HEAVY ITEM,253005,282,1.2025000000000001,2.0,سیستان و بلوچستان,شرق,1647.5,1981.1187500000003
HEAVY ITEM,253005,282,1.2025000000000001,2.0,فارس,جنوب,932.0,1120.73
HEAVY ITEM,253005,282,1.2025000000000001,2.0,قزوین,شمال,199.0,239.2975
HEAVY ITEM,253005,282,1.2025000000000001,2.0,قم,مرکز,128.0,153.92000000000002
HEAVY ITEM,253005,282,1.2025000000000001,2.0,لرستان,مرکز,414.5,498.43625000000003
HEAVY ITEM,253005,282,1.2025000000000001,2.0,مازندران,شمال,231.0,277.77750000000003
HEAVY ITEM,253005,282,1.2025000000000001,2.0,مرکزی,مرکز,249.0,299.4225
HEAVY ITEM,253005,282,1.2025000000000001,2.0,هرمزگان,جنوب,1261.0,1516.3525000000002
HEAVY ITEM,253005,282,1.2025000000000001,2.0,همدان,مرکز,299.5,360.14875000000006
HEAVY ITEM,253005,282,1.2025000000000001,2.0,چهار محال بختیاری,جنوب,531.5,639.1287500000001
HEAVY ITEM,253005,282,1.2025000000000001,2.0,کردستان,غرب,485.0,583.2125000000001
HEAVY ITEM,253005,282,1.2025000000000001,2.0,کرمان,شرق,968.0,1164.0200000000002
HEAVY ITEM,253005,282,1.2025000000000001,2.0,کرمانشاه,غرب,479.0,575.9975000000001
HEAVY ITEM,253005,282,1.2025000000000001,2.0,کهگیلویه و بویراحمد,جنوب,888.0,1067.8200000000002
HEAVY ITEM,253005,282,1.2025000000000001,2.0,گلستان,شمال,521.0,626.5025
HEAVY ITEM,253005,282,1.2025000000000001,2.0,گیلان,شمال,392.5,471.98125000000005
HEAVY ITEM,253005,282,1.2025000000000001,2.0,یزد,شرق,623.0,749.1575
Headset/Handsfree/Other Small Products,251701,22,1.6313932980599648,2.0,آذربایجان شرقی,غرب,696.0,1135.4497354497355
Headset/Handsfree/Other Small Products,251701,22,1.6313932980599648,2.0,آذربایجان غربی,غرب,803.5,1310.8245149911818
Headset/Handsfree/Other Small Products,251701,22,1.6313932980599648,2.0,اردبیل,غرب,698.0,1138.7125220458554
Headset/Handsfree/Other Small Products,251701,22,1.6313932980599648,2.0,اصفهان,مرکز,430.0,701.4991181657849
Headset/Handsfree/Other Small Products,251701,22,1.6313932980599648,2.0,ایلام,غرب,644.0,1050.6172839506173
Headset/Handsfree/Other Small Products,251701,22,1.6313932980599648,2.0,بوشهر,جنوب,1019.0,1662.3897707231042
Headset/Handsfree/Other Small Products,251701,22,1.6313932980599648,2.0,خراسان جنوبی,شرق,1033.0,1685.2292768959437
Headset/Handsfree/Other Small Products,251701,22,1.6313932980599648,2.0,خراسان رضوی,شرق,894.0,1458.4656084656085
Headset/Handsfree/Other Small Products,251701,22,1.6313932980599648,2.0,خراسان شمالی,شرق,700.0,1141.9753086419753
Headset/Handsfree/Other Small Products,251701,22,1.6313932980599648,2.0,خوزستان,جنوب,774.0,1262.6984126984128
Headset/Handsfree/Other Small Products,251701,22,1.6313932980599648,2.0,زنجان,غرب,353.0,575.8818342151676
Headset/Handsfree/Other Small Products,251701,22,1.6313932980599648,2.0,سمنان,شرق,282.0,460.0529100529101
Headset/Handsfree/Other Small Products,251701,22,1.6313932980599648,2.0,سیستان و بلوچستان,شرق,1647.5,2687.720458553792
Headset/Handsfree/Other Small Products,251701,22,1.6313932980599648,2.0,فارس,جنوب,932.0,1520.4585537918872
Headset/Handsfree/Other Small Products,251701,22,1.6313932980599648,2.0,قزوین,شمال,199.0,324.647266313933
Headset/Handsfree/Other Small Products,251701,22,1.6313932980599648,2.0,قم,مرکز,128.0,208.8183421516755
Headset/Handsfree/Other Small Products,251701,22,1.6313932980599648,2.0,لرستان,مرکز,414.5,676.2125220458554
Headset/Handsfree/Other Small Products,251701,22,1.6313932980599648,2.0,مازندران,شمال,231.0,376.85185185185185
Headset/Handsfree/Other Small Products,251701,22,1.6313932980599648,2.0,مرکزی,مرکز,249.0,406.21693121693124
Headset/Handsfree/Other Small Products,251701,22,1.6313932980599648,2.0,هرمزگان,جنوب,1261.0,2057.186948853616
Headset/Handsfree/Other Small Products,251701,22,1.6313932980599648,2.0,همدان,مرکز,299.5,488.60229276895944
Headset/Handsfree/Other Small Products,251701,22,1.6313932980599648,2.0,چهار محال بختیاری,جنوب,531.5,867.0855379188713
Headset/Handsfree/Other Small Products,251701,22,1.6313932980599648,2.0,کردستان,غرب,485.0,791.2257495590829
Headset/Handsfree/Other Small Products,251701,22,1.6313932980599648,2.0,کرمان,شرق,968.0,1579.188712522046
Headset/Handsfree/Other Small Products,251701,22,1.6313932980599648,2.0,کرمانشاه,غرب,479.0,781.4373897707231
Headset/Handsfree/Other Small Products,251701,22,1.6313932980599648,2.0,کهگیلویه و بویراحمد,جنوب,888.0,1448.6772486772488
Headset/Handsfree/Other Small Products,251701,22,1.6313932980599648,2.0,گلستان,شمال,521.0,849.9559082892416
Headset/Handsfree/Other Small Products,251701,22,1.6313932980599648,2.0,گیلان,شمال,392.5,640.3218694885362
Headset/Handsfree/Other Small Products,251701,22,1.6313932980599648,2.0,یزد,شرق,623.0,1016.3580246913581
LZ-H…,241130,6,2.0,2.0,آذربایجان شرقی,غرب,696.0,1392.0
LZ-H…,241130,6,2.0,2.0,آذربایجان غربی,غرب,803.5,1607.0
LZ-H…,241130,6,2.0,2.0,اردبیل,غرب,698.0,1396.0
LZ-H…,241130,6,2.0,2.0,اصفهان,مرکز,430.0,860.0
LZ-H…,241130,6,2.0,2.0,ایلام,غرب,644.0,1288.0
LZ-H…,241130,6,2.0,2.0,بوشهر,جنوب,1019.0,2038.0
LZ-H…,241130,6,2.0,2.0,خراسان جنوبی,شرق,1033.0,2066.0
LZ-H…,241130,6,2.0,2.0,خراسان رضوی,شرق,894.0,1788.0
LZ-H…,241130,6,2.0,2.0,خراسان شمالی,شرق,700.0,1400.0
LZ-H…,241130,6,2.0,2.0,خوزستان,جنوب,774.0,1548.0
LZ-H…,241130,6,2.0,2.0,زنجان,غرب,353.0,706.0
LZ-H…,241130,6,2.0,2.0,سمنان,شرق,282.0,564.0
LZ-H…,241130,6,2.0,2.0,سیستان و بلوچستان,شرق,1647.5,3295.0
LZ-H…,241130,6,2.0,2.0,فارس,جنوب,932.0,1864.0
LZ-H…,241130,6,2.0,2.0,قزوین,شمال,199.0,398.0
LZ-H…,241130,6,2.0,2.0,قم,مرکز,128.0,256.0
LZ-H…,241130,6,2.0,2.0,لرستان,مرکز,414.5,829.0
LZ-H…,241130,6,2.0,2.0,مازندران,شمال,231.0,462.0
LZ-H…,241130,6,2.0,2.0,مرکزی,مرکز,249.0,498.0
LZ-H…,241130,6,2.0,2.0,هرمزگان,جنوب,1261.0,2522.0
LZ-H…,241130,6,2.0,2.0,همدان,مرکز,299.5,599.0
LZ-H…,241130,6,2.0,2.0,چهار محال بختیاری,جنوب,531.5,1063.0
LZ-H…,241130,6,2.0,2.0,کردستان,غرب,485.0,970.0
LZ-H…,241130,6,2.0,2.0,کرمان,شرق,968.0,1936.0
LZ-H…,241130,6,2.0,2.0,کرمانشاه,غرب,479.0,958.0
LZ-H…,241130,6,2.0,2.0,کهگیلویه و بویراحمد,جنوب,888.0,1776.0
LZ-H…,241130,6,2.0,2.0,گلستان,شمال,521.0,1042.0
LZ-H…,241130,6,2.0,2.0,گیلان,شمال,392.5,785.0
LZ-H…,241130,6,2.0,2.0,یزد,شرق,623.0,1246.0
MWO,241008,108,0.0,2.0,آذربایجان شرقی,غرب,696.0,0.0
MWO,241008,108,0.0,2.0,آذربایجان غربی,غرب,803.5,0.0
MWO,241008,108,0.0,2.0,اردبیل,غرب,698.0,0.0
MWO,241008,108,0.0,2.0,اصفهان,مرکز,430.0,0.0
MWO,241008,108,0.0,2.0,ایلام,غرب,644.0,0.0
MWO,241008,108,0.0,2.0,بوشهر,جنوب,1019.0,0.0
MWO,241008,108,0.0,2.0,خراسان جنوبی,شرق,1033.0,0.0
MWO,241008,108,0.0,2.0,خراسان رضوی,شرق,894.0,0.0
MWO,241008,108,0.0,2.0,خراسان شمالی,شرق,700.0,0.0
MWO,241008,108,0.0,2.0,خوزستان,جنوب,774.0,0.0
MWO,241008,108,0.0,2.0,زنجان,غرب,353.0,0.0
MWO,241008,108,0.0,2.0,سمنان,شرق,282.0,0.0
MWO,241008,108,0.0,2.0,سیستان و بلوچستان,شرق,1647.5,0.0
MWO,241008,108,0.0,2.0,فارس,جنوب,932.0,0.0
MWO,241008,108,0.0,2.0,قزوین,شمال,199.0,0.0
MWO,241008,108,0.0,2.0,قم,مرکز,128.0,0.0
MWO,241008,108,0.0,2.0,لرستان,مرکز,414.5,0.0
MWO,241008,108,0.0,2.0,مازندران,شمال,231.0,0.0
MWO,241008,108,0.0,2.0,مرکزی,مرکز,249.0,0.0
MWO,241008,108,0.0,2.0,هرمزگان,جنوب,1261.0,0.0
MWO,241008,108,0.0,2.0,همدان,مرکز,299.5,0.0
MWO,241008,108,0.0,2.0,چهار محال بختیاری,جنوب,531.5,0.0
MWO,241008,108,0.0,2.0,کردستان,غرب,485.0,0.0
MWO,241008,108,0.0,2.0,کرمان,شرق,968.0,0.0
MWO,241008,108,0.0,2.0,کرمانشاه,غرب,479.0,0.0
MWO,241008,108,0.0,2.0,کهگیلویه و بویراحمد,جنوب,888.0,0.0
MWO,241008,108,0.0,2.0,گلستان,شمال,521.0,0.0
MWO,241008,108,0.0,2.0,گیلان,شمال,392.5,0.0
MWO,241008,108,0.0,2.0,یزد,شرق,623.0,0.0
MWO,241408,1,2.0,2.0,آذربایجان شرقی,غرب,696.0,1392.0
MWO,241408,1,2.0,2.0,آذربایجان غربی,غرب,803.5,1607.0
MWO,241408,1,2.0,2.0,اردبیل,غرب,698.0,1396.0
MWO,241408,1,2.0,2.0,اصفهان,مرکز,430.0,860.0
MWO,241408,1,2.0,2.0,ایلام,غرب,644.0,1288.0
MWO,241408,1,2.0,2.0,بوشهر,جنوب,1019.0,2038.0
MWO,241408,1,2.0,2.0,خراسان جنوبی,شرق,1033.0,2066.0
MWO,241408,1,2.0,2.0,خراسان رضوی,شرق,894.0,1788.0
MWO,241408,1,2.0,2.0,خراسان شمالی,شرق,700.0,1400.0
MWO,241408,1,2.0,2.0,خوزستان,جنوب,774.0,1548.0
MWO,241408,1,2.0,2.0,زنجان,غرب,353.0,706.0
MWO,241408,1,2.0,2.0,سمنان,شرق,282.0,564.0
MWO,241408,1,2.0,2.0,سیستان و بلوچستان,شرق,1647.5,3295.0
MWO,241408,1,2.0,2.0,فارس,جنوب,932.0,1864.0
MWO,241408,1,2.0,2.0,قزوین,شمال,199.0,398.0
MWO,241408,1,2.0,2.0,قم,مرکز,128.0,256.0
MWO,241408,1,2.0,2.0,لرستان,مرکز,414.5,829.0
MWO,241408,1,2.0,2.0,مازندران,شمال,231.0,462.0
MWO,241408,1,2.0,2.0,مرکزی,مرکز,249.0,498.0
MWO,241408,1,2.0,2.0,هرمزگان,جنوب,1261.0,2522.0
MWO,241408,1,2.0,2.0,همدان,مرکز,299.5,599.0
MWO,241408,1,2.0,2.0,چهار محال بختیاری,جنوب,531.5,1063.0
MWO,241408,1,2.0,2.0,کردستان,غرب,485.0,970.0
MWO,241408,1,2.0,2.0,کرمان,شرق,968.0,1936.0
MWO,241408,1,2.0,2.0,کرمانشاه,غرب,479.0,958.0
MWO,241408,1,2.0,2.0,کهگیلویه و بویراحمد,جنوب,888.0,1776.0
MWO,241408,1,2.0,2.0,گلستان,شمال,521.0,1042.0
MWO,241408,1,2.0,2.0,گیلان,شمال,392.5,785.0
MWO,241408,1,2.0,2.0,یزد,شرق,623.0,1246.0
Mobile phone / Smart Watch / Android Box-all,241002,53,0.0,1.681818181818182,آذربایجان شرقی,غرب,696.0,0.0
Mobile phone / Smart Watch / Android Box-all,241002,53,0.0,1.681818181818182,آذربایجان غربی,غرب,803.5,0.0
Mobile phone / Smart Watch / Android Box-all,241002,53,0.0,1.681818181818182,اردبیل,غرب,698.0,0.0
Mobile phone / Smart Watch / Android Box-all,241002,53,0.0,1.681818181818182,اصفهان,مرکز,430.0,0.0
Mobile phone / Smart Watch / Android Box-all,241002,53,0.0,1.681818181818182,ایلام,غرب,644.0,0.0
Mobile phone / Smart Watch / Android Box-all,241002,53,0.0,1.681818181818182,بوشهر,جنوب,1019.0,0.0
Mobile phone / Smart Watch / Android Box-all,241002,53,0.0,1.681818181818182,خراسان جنوبی,شرق,1033.0,0.0
Mobile phone / Smart Watch / Android Box-all,241002,53,0.0,1.681818181818182,خراسان رضوی,شرق,894.0,0.0
Mobile phone / Smart Watch / Android Box-all,241002,53,0.0,1.681818181818182,خراسان شمالی,شرق,700.0,0.0
Mobile phone / Smart Watch / Android Box-all,241002,53,0.0,1.681818181818182,خوزستان,جنوب,774.0,0.0
Mobile phone / Smart Watch / Android Box-all,241002,53,0.0,1.681818181818182,زنجان,غرب,353.0,0.0
Mobile phone / Smart Watch / Android Box-all,241002,53,0.0,1.681818181818182,سمنان,شرق,282.0,0.0
Mobile phone / Smart Watch / Android Box-all,241002,53,0.0,1.681818181818182,سیستان و بلوچستان,شرق,1647.5,0.0
Mobile phone / Smart Watch / Android Box-all,241002,53,0.0,1.681818181818182,فارس,جنوب,932.0,0.0
Mobile phone / Smart Watch / Android Box-all,241002,53,0.0,1.681818181818182,قزوین,شمال,199.0,0.0
Mobile phone / Smart Watch / Android Box-all,241002,53,0.0,1.681818181818182,قم,مرکز,128.0,0.0
Mobile phone / Smart Watch / Android Box-all,241002,53,0.0,1.681818181818182,لرستان,مرکز,414.5,0.0
Mobile phone / Smart Watch / Android Box-all,241002,53,0.0,1.681818181818182,مازندران,شمال,231.0,0.0
Mobile phone / Smart Watch / Android Box-all,241002,53,0.0,1.681818181818182,مرکزی,مرکز,249.0,0.0
Mobile phone / Smart Watch / Android Box-all,241002,53,0.0,1.681818181818182,هرمزگان,جنوب,1261.0,0.0
Mobile phone / Smart Watch / Android Box-all,241002,53,0.0,1.681818181818182,همدان,مرکز,299.5,0.0
Mobile phone / Smart Watch / Android Box-all,241002,53,0.0,1.681818181818182,چهار محال بختیاری,جنوب,531.5,0.0
Mobile phone / Smart Watch / Android Box-all,241002,53,0.0,1.681818181818182,کردستان,غرب,485.0,0.0
Mobile phone / Smart Watch / Android Box-all,241002,53,0.0,1.681818181818182,کرمان,شرق,968.0,0.0
Mobile phone / Smart Watch / Android Box-all,241002,53,0.0,1.681818181818182,کرمانشاه,غرب,479.0,0.0
Mobile phone / Smart Watch / Android Box-all,241002,53,0.0,1.681818181818182,کهگیلویه و بویراحمد,جنوب,888.0,0.0
Mobile phone / Smart Watch / Android Box-all,241002,53,0.0,1.681818181818182,گلستان,شمال,521.0,0.0
Mobile phone / Smart Watch / Android Box-all,241002,53,0.0,1.681818181818182,گیلان,شمال,392.5,0.0
Mobile phone / Smart Watch / Android Box-all,241002,53,0.0,1.681818181818182,یزد,شرق,623.0,0.0
REF (TF / BF),241416,18,0.0,1.6308480462892228,آذربایجان شرقی,غرب,696.0,0.0
REF (TF / BF),241416,18,0.0,1.6308480462892228,آذربایجان غربی,غرب,803.5,0.0
REF (TF / BF),241416,18,0.0,1.6308480462892228,اردبیل,غرب,698.0,0.0
REF (TF / BF),241416,18,0.0,1.6308480462892228,اصفهان,مرکز,430.0,0.0
REF (TF / BF),241416,18,0.0,1.6308480462892228,ایلام,غرب,644.0,0.0
REF (TF / BF),241416,18,0.0,1.6308480462892228,بوشهر,جنوب,1019.0,0.0
REF (TF / BF),241416,18,0.0,1.6308480462892228,خراسان جنوبی,شرق,1033.0,0.0
REF (TF / BF),241416,18,0.0,1.6308480462892228,خراسان رضوی,شرق,894.0,0.0
REF (TF / BF),241416,18,0.0,1.6308480462892228,خراسان شمالی,شرق,700.0,0.0
REF (TF / BF),241416,18,0.0,1.6308480462892228,خوزستان,جنوب,774.0,0.0
REF (TF / BF),241416,18,0.0,1.6308480462892228,زنجان,غرب,353.0,0.0
REF (TF / BF),241416,18,0.0,1.6308480462892228,سمنان,شرق,282.0,0.0
REF (TF / BF),241416,18,0.0,1.6308480462892228,سیستان و بلوچستان,شرق,1647.5,0.0
REF (TF / BF),241416,18,0.0,1.6308480462892228,فارس,جنوب,932.0,0.0
REF (TF / BF),241416,18,0.0,1.6308480462892228,قزوین,شمال,199.0,0.0
REF (TF / BF),241416,18,0.0,1.6308480462892228,قم,مرکز,128.0,0.0
REF (TF / BF),241416,18,0.0,1.6308480462892228,لرستان,مرکز,414.5,0.0
REF (TF / BF),241416,18,0.0,1.6308480462892228,مازندران,شمال,231.0,0.0
REF (TF / BF),241416,18,0.0,1.6308480462892228,مرکزی,مرکز,249.0,0.0
REF (TF / BF),241416,18,0.0,1.6308480462892228,هرمزگان,جنوب,1261.0,0.0
REF (TF / BF),241416,18,0.0,1.6308480462892228,همدان,مرکز,299.5,0.0
REF (TF / BF),241416,18,0.0,1.6308480462892228,چهار محال بختیاری,جنوب,531.5,0.0
REF (TF / BF),241416,18,0.0,1.6308480462892228,کردستان,غرب,485.0,0.0
REF (TF / BF),241416,18,0.0,1.6308480462892228,کرمان,شرق,968.0,0.0
REF (TF / BF),241416,18,0.0,1.6308480462892228,کرمانشاه,غرب,479.0,0.0
REF (TF / BF),241416,18,0.0,1.6308480462892228,کهگیلویه و بویراحمد,جنوب,888.0,0.0
REF (TF / BF),241416,18,0.0,1.6308480462892228,گلستان,شمال,521.0,0.0
REF (TF / BF),241416,18,0.0,1.6308480462892228,گیلان,شمال,392.5,0.0
REF (TF / BF),241416,18,0.0,1.6308480462892228,یزد,شرق,623.0,0.0
SXS (all size),241419,40,0.0,1.4536557282671274,آذربایجان شرقی,غرب,696.0,0.0
SXS (all size),241419,40,0.0,1.4536557282671274,آذربایجان غربی,غرب,803.5,0.0
SXS (all size),241419,40,0.0,1.4536557282671274,اردبیل,غرب,698.0,0.0
SXS (all size),241419,40,0.0,1.4536557282671274,اصفهان,مرکز,430.0,0.0
SXS (all size),241419,40,0.0,1.4536557282671274,ایلام,غرب,644.0,0.0
SXS (all size),241419,40,0.0,1.4536557282671274,بوشهر,جنوب,1019.0,0.0
SXS (all size),241419,40,0.0,1.4536557282671274,خراسان جنوبی,شرق,1033.0,0.0
SXS (all size),241419,40,0.0,1.4536557282671274,خراسان رضوی,شرق,894.0,0.0
SXS (all size),241419,40,0.0,1.4536557282671274,خراسان شمالی,شرق,700.0,0.0
SXS (all size),241419,40,0.0,1.4536557282671274,خوزستان,جنوب,774.0,0.0
SXS (all size),241419,40,0.0,1.4536557282671274,زنجان,غرب,353.0,0.0
SXS (all size),241419,40,0.0,1.4536557282671274,سمنان,شرق,282.0,0.0
SXS (all size),241419,40,0.0,1.4536557282671274,سیستان و بلوچستان,شرق,1647.5,0.0
SXS (all size),241419,40,0.0,1.4536557282671274,فارس,جنوب,932.0,0.0
SXS (all size),241419,40,0.0,1.4536557282671274,قزوین,شمال,199.0,0.0
SXS (all size),241419,40,0.0,1.4536557282671274,قم,مرکز,128.0,0.0
SXS (all size),241419,40,0.0,1.4536557282671274,لرستان,مرکز,414.5,0.0
SXS (all size),241419,40,0.0,1.4536557282671274,مازندران,شمال,231.0,0.0
SXS (all size),241419,40,0.0,1.4536557282671274,مرکزی,مرکز,249.0,0.0
SXS (all size),241419,40,0.0,1.4536557282671274,هرمزگان,جنوب,1261.0,0.0
SXS (all size),241419,40,0.0,1.4536557282671274,همدان,مرکز,299.5,0.0
SXS (all size),241419,40,0.0,1.4536557282671274,چهار محال بختیاری,جنوب,531.5,0.0
SXS (all size),241419,40,0.0,1.4536557282671274,کردستان,غرب,485.0,0.0
SXS (all size),241419,40,0.0,1.4536557282671274,کرمان,شرق,968.0,0.0
SXS (all size),241419,40,0.0,1.4536557282671274,کرمانشاه,غرب,479.0,0.0
SXS (all size),241419,40,0.0,1.4536557282671274,کهگیلویه و بویراحمد,جنوب,888.0,0.0
SXS (all size),241419,40,0.0,1.4536557282671274,گلستان,شمال,521.0,0.0
SXS (all size),241419,40,0.0,1.4536557282671274,گیلان,شمال,392.5,0.0
SXS (all size),241419,40,0.0,1.4536557282671274,یزد,شرق,623.0,0.0
Speaker 110/120,251703,24,2.0,2.0,آذربایجان شرقی,غرب,696.0,1392.0
Speaker 110/120,251703,24,2.0,2.0,آذربایجان غربی,غرب,803.5,1607.0
Speaker 110/120,251703,24,2.0,2.0,اردبیل,غرب,698.0,1396.0
Speaker 110/120,251703,24,2.0,2.0,اصفهان,مرکز,430.0,860.0
Speaker 110/120,251703,24,2.0,2.0,ایلام,غرب,644.0,1288.0
Speaker 110/120,251703,24,2.0,2.0,بوشهر,جنوب,1019.0,2038.0
Speaker 110/120,251703,24,2.0,2.0,خراسان جنوبی,شرق,1033.0,2066.0
Speaker 110/120,251703,24,2.0,2.0,خراسان رضوی,شرق,894.0,1788.0
Speaker 110/120,251703,24,2.0,2.0,خراسان شمالی,شرق,700.0,1400.0
Speaker 110/120,251703,24,2.0,2.0,خوزستان,جنوب,774.0,1548.0
Speaker 110/120,251703,24,2.0,2.0,زنجان,غرب,353.0,706.0
Speaker 110/120,251703,24,2.0,2.0,سمنان,شرق,282.0,564.0
Speaker 110/120,251703,24,2.0,2.0,سیستان و بلوچستان,شرق,1647.5,3295.0
Speaker 110/120,251703,24,2.0,2.0,فارس,جنوب,932.0,1864.0
Speaker 110/120,251703,24,2.0,2.0,قزوین,شمال,199.0,398.0
Speaker 110/120,251703,24,2.0,2.0,قم,مرکز,128.0,256.0
Speaker 110/120,251703,24,2.0,2.0,لرستان,مرکز,414.5,829.0
Speaker 110/120,251703,24,2.0,2.0,مازندران,شمال,231.0,462.0
Speaker 110/120,251703,24,2.0,2.0,مرکزی,مرکز,249.0,498.0
Speaker 110/120,251703,24,2.0,2.0,هرمزگان,جنوب,1261.0,2522.0
Speaker 110/120,251703,24,2.0,2.0,همدان,مرکز,299.5,599.0
Speaker 110/120,251703,24,2.0,2.0,چهار محال بختیاری,جنوب,531.5,1063.0
Speaker 110/120,251703,24,2.0,2.0,کردستان,غرب,485.0,970.0
Speaker 110/120,251703,24,2.0,2.0,کرمان,شرق,968.0,1936.0
Speaker 110/120,251703,24,2.0,2.0,کرمانشاه,غرب,479.0,958.0
Speaker 110/120,251703,24,2.0,2.0,کهگیلویه و بویراحمد,جنوب,888.0,1776.0
Speaker 110/120,251703,24,2.0,2.0,گلستان,شمال,521.0,1042.0
Speaker 110/120,251703,24,2.0,2.0,گیلان,شمال,392.5,785.0
Speaker 110/120,251703,24,2.0,2.0,یزد,شرق,623.0,1246.0
Speaker 1100,251704,22,1.9922658965196534,2.0,آذربایجان شرقی,غرب,696.0,1386.6170639776788
Speaker 1100,251704,22,1.9922658965196534,2.0,آذربایجان غربی,غرب,803.5,1600.7856478535414
Speaker 1100,251704,22,1.9922658965196534,2.0,اردبیل,غرب,698.0,1390.601595770718
Speaker 1100,251704,22,1.9922658965196534,2.0,اصفهان,مرکز,430.0,856.674335503451
Speaker 1100,251704,22,1.9922658965196534,2.0,ایلام,غرب,644.0,1283.0192373586567
Speaker 1100,251704,22,1.9922658965196534,2.0,بوشهر,جنوب,1019.0,2030.1189485535267
Speaker 1100,251704,22,1.9922658965196534,2.0,خراسان جنوبی,شرق,1033.0,2058.010671104802
Speaker 1100,251704,22,1.9922658965196534,2.0,خراسان رضوی,شرق,894.0,1781.08571148857
Speaker 1100,251704,22,1.9922658965196534,2.0,خراسان شمالی,شرق,700.0,1394.5861275637574
Speaker 1100,251704,22,1.9922658965196534,2.0,خوزستان,جنوب,774.0,1542.0138039062117
Speaker 1100,251704,22,1.9922658965196534,2.0,زنجان,غرب,353.0,703.2698614714376
Speaker 1100,251704,22,1.9922658965196534,2.0,سمنان,شرق,282.0,561.8189828185423
Speaker 1100,251704,22,1.9922658965196534,2.0,سیستان و بلوچستان,شرق,1647.5,3282.258064516129
Speaker 1100,251704,22,1.9922658965196534,2.0,فارس,جنوب,932.0,1856.791815556317
Speaker 1100,251704,22,1.9922658965196534,2.0,قزوین,شمال,199.0,396.460913407411
Speaker 1100,251704,22,1.9922658965196534,2.0,قم,مرکز,128.0,255.01003475451563
Speaker 1100,251704,22,1.9922658965196534,2.0,لرستان,مرکز,414.5,825.7942141073963
Speaker 1100,251704,22,1.9922658965196534,2.0,مازندران,شمال,231.0,460.21342209603995
Speaker 1100,251704,22,1.9922658965196534,2.0,مرکزی,مرکز,249.0,496.0742082333937
Speaker 1100,251704,22,1.9922658965196534,2.0,هرمزگان,جنوب,1261.0,2512.247295511283
Speaker 1100,251704,22,1.9922658965196534,2.0,همدان,مرکز,299.5,596.6836360076362
Speaker 1100,251704,22,1.9922658965196534,2.0,چهار محال بختیاری,جنوب,531.5,1058.8893240001958
Speaker 1100,251704,22,1.9922658965196534,2.0,کردستان,غرب,485.0,966.2489598120319
Speaker 1100,251704,22,1.9922658965196534,2.0,کرمان,شرق,968.0,1928.5133878310244
Speaker 1100,251704,22,1.9922658965196534,2.0,کرمانشاه,غرب,479.0,954.295364432914
Speaker 1100,251704,22,1.9922658965196534,2.0,کهگیلویه و بویراحمد,جنوب,888.0,1769.1321161094522
Speaker 1100,251704,22,1.9922658965196534,2.0,گلستان,شمال,521.0,1037.9705320867395
Speaker 1100,251704,22,1.9922658965196534,2.0,گیلان,شمال,392.5,781.9643643839639
Speaker 1100,251704,22,1.9922658965196534,2.0,یزد,شرق,623.0,1241.1816535317441
Speaker 310/320,251702,18,2.0,2.0,آذربایجان شرقی,غرب,696.0,1392.0
Speaker 310/320,251702,18,2.0,2.0,آذربایجان غربی,غرب,803.5,1607.0
Speaker 310/320,251702,18,2.0,2.0,اردبیل,غرب,698.0,1396.0
Speaker 310/320,251702,18,2.0,2.0,اصفهان,مرکز,430.0,860.0
Speaker 310/320,251702,18,2.0,2.0,ایلام,غرب,644.0,1288.0
Speaker 310/320,251702,18,2.0,2.0,بوشهر,جنوب,1019.0,2038.0
Speaker 310/320,251702,18,2.0,2.0,خراسان جنوبی,شرق,1033.0,2066.0
Speaker 310/320,251702,18,2.0,2.0,خراسان رضوی,شرق,894.0,1788.0
Speaker 310/320,251702,18,2.0,2.0,خراسان شمالی,شرق,700.0,1400.0
Speaker 310/320,251702,18,2.0,2.0,خوزستان,جنوب,774.0,1548.0
Speaker 310/320,251702,18,2.0,2.0,زنجان,غرب,353.0,706.0
Speaker 310/320,251702,18,2.0,2.0,سمنان,شرق,282.0,564.0
Speaker 310/320,251702,18,2.0,2.0,سیستان و بلوچستان,شرق,1647.5,3295.0
Speaker 310/320,251702,18,2.0,2.0,فارس,جنوب,932.0,1864.0
Speaker 310/320,251702,18,2.0,2.0,قزوین,شمال,199.0,398.0
Speaker 310/320,251702,18,2.0,2.0,قم,مرکز,128.0,256.0
Speaker 310/320,251702,18,2.0,2.0,لرستان,مرکز,414.5,829.0
Speaker 310/320,251702,18,2.0,2.0,مازندران,شمال,231.0,462.0
Speaker 310/320,251702,18,2.0,2.0,مرکزی,مرکز,249.0,498.0
Speaker 310/320,251702,18,2.0,2.0,هرمزگان,جنوب,1261.0,2522.0
Speaker 310/320,251702,18,2.0,2.0,همدان,مرکز,299.5,599.0
Speaker 310/320,251702,18,2.0,2.0,چهار محال بختیاری,جنوب,531.5,1063.0
Speaker 310/320,251702,18,2.0,2.0,کردستان,غرب,485.0,970.0
Speaker 310/320,251702,18,2.0,2.0,کرمان,شرق,968.0,1936.0
Speaker 310/320,251702,18,2.0,2.0,کرمانشاه,غرب,479.0,958.0
Speaker 310/320,251702,18,2.0,2.0,کهگیلویه و بویراحمد,جنوب,888.0,1776.0
Speaker 310/320,251702,18,2.0,2.0,گلستان,شمال,521.0,1042.0
Speaker 310/320,251702,18,2.0,2.0,گیلان,شمال,392.5,785.0
Speaker 310/320,251702,18,2.0,2.0,یزد,شرق,623.0,1246.0
Speaker 710/720,251705,200,2.0,2.0,آذربایجان شرقی,غرب,696.0,1392.0
Speaker 710/720,251705,200,2.0,2.0,آذربایجان غربی,غرب,803.5,1607.0
Speaker 710/720,251705,200,2.0,2.0,اردبیل,غرب,698.0,1396.0
Speaker 710/720,251705,200,2.0,2.0,اصفهان,مرکز,430.0,860.0
Speaker 710/720,251705,200,2.0,2.0,ایلام,غرب,644.0,1288.0
Speaker 710/720,251705,200,2.0,2.0,بوشهر,جنوب,1019.0,2038.0
Speaker 710/720,251705,200,2.0,2.0,خراسان جنوبی,شرق,1033.0,2066.0
Speaker 710/720,251705,200,2.0,2.0,خراسان رضوی,شرق,894.0,1788.0
Speaker 710/720,251705,200,2.0,2.0,خراسان شمالی,شرق,700.0,1400.0
Speaker 710/720,251705,200,2.0,2.0,خوزستان,جنوب,774.0,1548.0
Speaker 710/720,251705,200,2.0,2.0,زنجان,غرب,353.0,706.0
Speaker 710/720,251705,200,2.0,2.0,سمنان,شرق,282.0,564.0
Speaker 710/720,251705,200,2.0,2.0,سیستان و بلوچستان,شرق,1647.5,3295.0
Speaker 710/720,251705,200,2.0,2.0,فارس,جنوب,932.0,1864.0
Speaker 710/720,251705,200,2.0,2.0,قزوین,شمال,199.0,398.0
Speaker 710/720,251705,200,2.0,2.0,قم,مرکز,128.0,256.0
Speaker 710/720,251705,200,2.0,2.0,لرستان,مرکز,414.5,829.0
Speaker 710/720,251705,200,2.0,2.0,مازندران,شمال,231.0,462.0
Speaker 710/720,251705,200,2.0,2.0,مرکزی,مرکز,249.0,498.0
Speaker 710/720,251705,200,2.0,2.0,هرمزگان,جنوب,1261.0,2522.0
Speaker 710/720,251705,200,2.0,2.0,همدان,مرکز,299.5,599.0
Speaker 710/720,251705,200,2.0,2.0,چهار محال بختیاری,جنوب,531.5,1063.0
Speaker 710/720,251705,200,2.0,2.0,کردستان,غرب,485.0,970.0
Speaker 710/720,251705,200,2.0,2.0,کرمان,شرق,968.0,1936.0
Speaker 710/720,251705,200,2.0,2.0,کرمانشاه,غرب,479.0,958.0
Speaker 710/720,251705,200,2.0,2.0,کهگیلویه و بویراحمد,جنوب,888.0,1776.0
Speaker 710/720,251705,200,2.0,2.0,گلستان,شمال,521.0,1042.0
Speaker 710/720,251705,200,2.0,2.0,گیلان,شمال,392.5,785.0
Speaker 710/720,251705,200,2.0,2.0,یزد,شرق,623.0,1246.0
TCA / UCHS020 /UCHS040,241133,10,0.0,0.0,آذربایجان شرقی,غرب,696.0,0.0
TCA / UCHS020 /UCHS040,241133,10,0.0,0.0,آذربایجان غربی,غرب,803.5,0.0
TCA / UCHS020 /UCHS040,241133,10,0.0,0.0,اردبیل,غرب,698.0,0.0
TCA / UCHS020 /UCHS040,241133,10,0.0,0.0,اصفهان,مرکز,430.0,0.0
TCA / UCHS020 /UCHS040,241133,10,0.0,0.0,ایلام,غرب,644.0,0.0
TCA / UCHS020 /UCHS040,241133,10,0.0,0.0,بوشهر,جنوب,1019.0,0.0
TCA / UCHS020 /UCHS040,241133,10,0.0,0.0,خراسان جنوبی,شرق,1033.0,0.0
TCA / UCHS020 /UCHS040,241133,10,0.0,0.0,خراسان رضوی,شرق,894.0,0.0
TCA / UCHS020 /UCHS040,241133,10,0.0,0.0,خراسان شمالی,شرق,700.0,0.0
TCA / UCHS020 /UCHS040,241133,10,0.0,0.0,خوزستان,جنوب,774.0,0.0
TCA / UCHS020 /UCHS040,241133,10,0.0,0.0,زنجان,غرب,353.0,0.0
TCA / UCHS020 /UCHS040,241133,10,0.0,0.0,سمنان,شرق,282.0,0.0
TCA / UCHS020 /UCHS040,241133,10,0.0,0.0,سیستان و بلوچستان,شرق,1647.5,0.0
TCA / UCHS020 /UCHS040,241133,10,0.0,0.0,فارس,جنوب,932.0,0.0
TCA / UCHS020 /UCHS040,241133,10,0.0,0.0,قزوین,شمال,199.0,0.0
TCA / UCHS020 /UCHS040,241133,10,0.0,0.0,قم,مرکز,128.0,0.0
TCA / UCHS020 /UCHS040,241133,10,0.0,0.0,لرستان,مرکز,414.5,0.0
TCA / UCHS020 /UCHS040,241133,10,0.0,0.0,مازندران,شمال,231.0,0.0
TCA / UCHS020 /UCHS040,241133,10,0.0,0.0,مرکزی,مرکز,249.0,0.0
TCA / UCHS020 /UCHS040,241133,10,0.0,0.0,هرمزگان,جنوب,1261.0,0.0
TCA / UCHS020 /UCHS040,241133,10,0.0,0.0,همدان,مرکز,299.5,0.0
TCA / UCHS020 /UCHS040,241133,10,0.0,0.0,چهار محال بختیاری,جنوب,531.5,0.0
TCA / UCHS020 /UCHS040,241133,10,0.0,0.0,کردستان,غرب,485.0,0.0
TCA / UCHS020 /UCHS040,241133,10,0.0,0.0,کرمان,شرق,968.0,0.0
TCA / UCHS020 /UCHS040,241133,10,0.0,0.0,کرمانشاه,غرب,479.0,0.0
TCA / UCHS020 /UCHS040,241133,10,0.0,0.0,کهگیلویه و بویراحمد,جنوب,888.0,0.0
TCA / UCHS020 /UCHS040,241133,10,0.0,0.0,گلستان,شمال,521.0,0.0
TCA / UCHS020 /UCHS040,241133,10,0.0,0.0,گیلان,شمال,392.5,0.0
TCA / UCHS020 /UCHS040,241133,10,0.0,0.0,یزد,شرق,623.0,0.0
"TV & Monitor (21""-32"")",241403,7,1.5530864197530867,2.0,آذربایجان شرقی,غرب,696.0,1080.9481481481484
"TV & Monitor (21""-32"")",241403,7,1.5530864197530867,2.0,آذربایجان غربی,غرب,803.5,1247.9049382716053
"TV & Monitor (21""-32"")",241403,7,1.5530864197530867,2.0,اردبیل,غرب,698.0,1084.0543209876546
"TV & Monitor (21""-32"")",241403,7,1.5530864197530867,2.0,اصفهان,مرکز,430.0,667.8271604938273
"TV & Monitor (21""-32"")",241403,7,1.5530864197530867,2.0,ایلام,غرب,644.0,1000.1876543209878
"TV & Monitor (21""-32"")",241403,7,1.5530864197530867,2.0,بوشهر,جنوب,1019.0,1582.5950617283954
"TV & Monitor (21""-32"")",241403,7,1.5530864197530867,2.0,خراسان جنوبی,شرق,1033.0,1604.3382716049387
"TV & Monitor (21""-32"")",241403,7,1.5530864197530867,2.0,خراسان رضوی,شرق,894.0,1388.4592592592594
"TV & Monitor (21""-32"")",241403,7,1.5530864197530867,2.0,خراسان شمالی,شرق,700.0,1087.1604938271607
"TV & Monitor (21""-32"")",241403,7,1.5530864197530867,2.0,خوزستان,جنوب,774.0,1202.0888888888892
"TV & Monitor (21""-32"")",241403,7,1.5530864197530867,2.0,زنجان,غرب,353.0,548.2395061728396
"TV & Monitor (21""-32"")",241403,7,1.5530864197530867,2.0,سمنان,شرق,282.0,437.97037037037046
"TV & Monitor (21""-32"")",241403,7,1.5530864197530867,2.0,سیستان و بلوچستان,شرق,1647.5,2558.70987654321
"TV & Monitor (21""-32"")",241403,7,1.5530864197530867,2.0,فارس,جنوب,932.0,1447.4765432098768
"TV & Monitor (21""-32"")",241403,7,1.5530864197530867,2.0,قزوین,شمال,199.0,309.06419753086425
"TV & Monitor (21""-32"")",241403,7,1.5530864197530867,2.0,قم,مرکز,128.0,198.7950617283951
"TV & Monitor (21""-32"")",241403,7,1.5530864197530867,2.0,لرستان,مرکز,414.5,643.7543209876544
"TV & Monitor (21""-32"")",241403,7,1.5530864197530867,2.0,مازندران,شمال,231.0,358.762962962963
"TV & Monitor (21""-32"")",241403,7,1.5530864197530867,2.0,مرکزی,مرکز,249.0,386.7185185185186
"TV & Monitor (21""-32"")",241403,7,1.5530864197530867,2.0,هرمزگان,جنوب,1261.0,1958.4419753086424
"TV & Monitor (21""-32"")",241403,7,1.5530864197530867,2.0,همدان,مرکز,299.5,465.14938271604944
"TV & Monitor (21""-32"")",241403,7,1.5530864197530867,2.0,چهار محال بختیاری,جنوب,531.5,825.4654320987656
"TV & Monitor (21""-32"")",241403,7,1.5530864197530867,2.0,کردستان,غرب,485.0,753.246913580247
"TV & Monitor (21""-32"")",241403,7,1.5530864197530867,2.0,کرمان,شرق,968.0,1503.3876543209878
"TV & Monitor (21""-32"")",241403,7,1.5530864197530867,2.0,کرمانشاه,غرب,479.0,743.9283950617286
"TV & Monitor (21""-32"")",241403,7,1.5530864197530867,2.0,کهگیلویه و بویراحمد,جنوب,888.0,1379.140740740741
"TV & Monitor (21""-32"")",241403,7,1.5530864197530867,2.0,گلستان,شمال,521.0,809.1580246913582
"TV & Monitor (21""-32"")",241403,7,1.5530864197530867,2.0,گیلان,شمال,392.5,609.5864197530865
"TV & Monitor (21""-32"")",241403,7,1.5530864197530867,2.0,یزد,شرق,623.0,967.5728395061731
"TV(40""-50"")",241404,45,1.2095659722222223,1.9673605210988387,آذربایجان شرقی,غرب,696.0,841.8579166666667
"TV(40""-50"")",241404,45,1.2095659722222223,1.9673605210988387,آذربایجان غربی,غرب,803.5,971.8862586805556
"TV(40""-50"")",241404,45,1.2095659722222223,1.9673605210988387,اردبیل,غرب,698.0,844.2770486111111
"TV(40""-50"")",241404,45,1.2095659722222223,1.9673605210988387,اصفهان,مرکز,430.0,520.1133680555556
"TV(40""-50"")",241404,45,1.2095659722222223,1.9673605210988387,ایلام,غرب,644.0,778.9604861111111
"TV(40""-50"")",241404,45,1.2095659722222223,1.9673605210988387,بوشهر,جنوب,1019.0,1232.5477256944446
"TV(40""-50"")",241404,45,1.2095659722222223,1.9673605210988387,خراسان جنوبی,شرق,1033.0,1249.4816493055557
"TV(40""-50"")",241404,45,1.2095659722222223,1.9673605210988387,خراسان رضوی,شرق,894.0,1081.3519791666668
"TV(40""-50"")",241404,45,1.2095659722222223,1.9673605210988387,خراسان شمالی,شرق,700.0,846.6961805555557
"TV(40""-50"")",241404,45,1.2095659722222223,1.9673605210988387,خوزستان,جنوب,774.0,936.2040625000001
"TV(40""-50"")",241404,45,1.2095659722222223,1.9673605210988387,زنجان,غرب,353.0,426.97678819444445
"TV(40""-50"")",241404,45,1.2095659722222223,1.9673605210988387,سمنان,شرق,282.0,341.09760416666666
"TV(40""-50"")",241404,45,1.2095659722222223,1.9673605210988387,سیستان و بلوچستان,شرق,1647.5,1992.7599392361112
"TV(40""-50"")",241404,45,1.2095659722222223,1.9673605210988387,فارس,جنوب,932.0,1127.315486111111
"TV(40""-50"")",241404,45,1.2095659722222223,1.9673605210988387,قزوین,شمال,199.0,240.70362847222225
"TV(40""-50"")",241404,45,1.2095659722222223,1.9673605210988387,قم,مرکز,128.0,154.82444444444445
"TV(40""-50"")",241404,45,1.2095659722222223,1.9673605210988387,لرستان,مرکز,414.5,501.36509548611116
"TV(40""-50"")",241404,45,1.2095659722222223,1.9673605210988387,مازندران,شمال,231.0,279.40973958333336
"TV(40""-50"")",241404,45,1.2095659722222223,1.9673605210988387,مرکزی,مرکز,249.0,301.18192708333333
"TV(40""-50"")",241404,45,1.2095659722222223,1.9673605210988387,هرمزگان,جنوب,1261.0,1525.2626909722223
"TV(40""-50"")",241404,45,1.2095659722222223,1.9673605210988387,همدان,مرکز,299.5,362.2650086805556
"TV(40""-50"")",241404,45,1.2095659722222223,1.9673605210988387,چهار محال بختیاری,جنوب,531.5,642.8843142361111
"TV(40""-50"")",241404,45,1.2095659722222223,1.9673605210988387,کردستان,غرب,485.0,586.6394965277779
"TV(40""-50"")",241404,45,1.2095659722222223,1.9673605210988387,کرمان,شرق,968.0,1170.859861111111
"TV(40""-50"")",241404,45,1.2095659722222223,1.9673605210988387,کرمانشاه,غرب,479.0,579.3821006944445
"TV(40""-50"")",241404,45,1.2095659722222223,1.9673605210988387,کهگیلویه و بویراحمد,جنوب,888.0,1074.0945833333335
"TV(40""-50"")",241404,45,1.2095659722222223,1.9673605210988387,گلستان,شمال,521.0,630.1838715277778
"TV(40""-50"")",241404,45,1.2095659722222223,1.9673605210988387,گیلان,شمال,392.5,474.75464409722224
"TV(40""-50"")",241404,45,1.2095659722222223,1.9673605210988387,یزد,شرق,623.0,753.5596006944445
"TV(51""-65"")",241405,38,1.3806399972862455,2.0,آذربایجان شرقی,غرب,696.0,960.9254381112269
"TV(51""-65"")",241405,38,1.3806399972862455,2.0,آذربایجان غربی,غرب,803.5,1109.3442378194982
"TV(51""-65"")",241405,38,1.3806399972862455,2.0,اردبیل,غرب,698.0,963.6867181057994
"TV(51""-65"")",241405,38,1.3806399972862455,2.0,اصفهان,مرکز,430.0,593.6751988330856
"TV(51""-65"")",241405,38,1.3806399972862455,2.0,ایلام,غرب,644.0,889.1321582523422
"TV(51""-65"")",241405,38,1.3806399972862455,2.0,بوشهر,جنوب,1019.0,1406.8721572346842
"TV(51""-65"")",241405,38,1.3806399972862455,2.0,خراسان جنوبی,شرق,1033.0,1426.2011171966917
"TV(51""-65"")",241405,38,1.3806399972862455,2.0,خراسان رضوی,شرق,894.0,1234.2921575739035
"TV(51""-65"")",241405,38,1.3806399972862455,2.0,خراسان شمالی,شرق,700.0,966.4479981003718
"TV(51""-65"")",241405,38,1.3806399972862455,2.0,خوزستان,جنوب,774.0,1068.615357899554
"TV(51""-65"")",241405,38,1.3806399972862455,2.0,زنجان,غرب,353.0,487.36591904204465
"TV(51""-65"")",241405,38,1.3806399972862455,2.0,سمنان,شرق,282.0,389.3404792347212
"TV(51""-65"")",241405,38,1.3806399972862455,2.0,سیستان و بلوچستان,شرق,1647.5,2274.6043955290897
"TV(51""-65"")",241405,38,1.3806399972862455,2.0,فارس,جنوب,932.0,1286.7564774707807
"TV(51""-65"")",241405,38,1.3806399972862455,2.0,قزوین,شمال,199.0,274.74735945996287
"TV(51""-65"")",241405,38,1.3806399972862455,2.0,قم,مرکز,128.0,176.72191965263943
"TV(51""-65"")",241405,38,1.3806399972862455,2.0,لرستان,مرکز,414.5,572.2752788751487
"TV(51""-65"")",241405,38,1.3806399972862455,2.0,مازندران,شمال,231.0,318.9278393731227
"TV(51""-65"")",241405,38,1.3806399972862455,2.0,مرکزی,مرکز,249.0,343.77935932427516
"TV(51""-65"")",241405,38,1.3806399972862455,2.0,هرمزگان,جنوب,1261.0,1740.9870365779557
"TV(51""-65"")",241405,38,1.3806399972862455,2.0,همدان,مرکز,299.5,413.50167918723054
"TV(51""-65"")",241405,38,1.3806399972862455,2.0,چهار محال بختیاری,جنوب,531.5,733.8101585576395
"TV(51""-65"")",241405,38,1.3806399972862455,2.0,کردستان,غرب,485.0,669.6103986838291
"TV(51""-65"")",241405,38,1.3806399972862455,2.0,کرمان,شرق,968.0,1336.4595173730856
"TV(51""-65"")",241405,38,1.3806399972862455,2.0,کرمانشاه,غرب,479.0,661.3265587001116
"TV(51""-65"")",241405,38,1.3806399972862455,2.0,کهگیلویه و بویراحمد,جنوب,888.0,1226.008317590186
"TV(51""-65"")",241405,38,1.3806399972862455,2.0,گلستان,شمال,521.0,719.3134385861339
"TV(51""-65"")",241405,38,1.3806399972862455,2.0,گیلان,شمال,392.5,541.9011989348513
"TV(51""-65"")",241405,38,1.3806399972862455,2.0,یزد,شرق,623.0,860.138718309331
"TV(>65"")",241406,8,1.3677430960390342,2.0,آذربایجان شرقی,غرب,696.0,951.9491948431678
"TV(>65"")",241406,8,1.3677430960390342,2.0,آذربایجان غربی,غرب,803.5,1098.981577667364
"TV(>65"")",241406,8,1.3677430960390342,2.0,اردبیل,غرب,698.0,954.6846810352458
"TV(>65"")",241406,8,1.3677430960390342,2.0,اصفهان,مرکز,430.0,588.1295312967848
"TV(>65"")",241406,8,1.3677430960390342,2.0,ایلام,غرب,644.0,880.826553849138
"TV(>65"")",241406,8,1.3677430960390342,2.0,بوشهر,جنوب,1019.0,1393.730214863776
"TV(>65"")",241406,8,1.3677430960390342,2.0,خراسان جنوبی,شرق,1033.0,1412.8786182083225
"TV(>65"")",241406,8,1.3677430960390342,2.0,خراسان رضوی,شرق,894.0,1222.7623278588967
"TV(>65"")",241406,8,1.3677430960390342,2.0,خراسان شمالی,شرق,700.0,957.420167227324
"TV(>65"")",241406,8,1.3677430960390342,2.0,خوزستان,جنوب,774.0,1058.6331563342126
"TV(>65"")",241406,8,1.3677430960390342,2.0,زنجان,غرب,353.0,482.81331290177906
"TV(>65"")",241406,8,1.3677430960390342,2.0,سمنان,شرق,282.0,385.70355308300765
"TV(>65"")",241406,8,1.3677430960390342,2.0,سیستان و بلوچستان,شرق,1647.5,2253.3567507243088
"TV(>65"")",241406,8,1.3677430960390342,2.0,فارس,جنوب,932.0,1274.73656550838
"TV(>65"")",241406,8,1.3677430960390342,2.0,قزوین,شمال,199.0,272.1808761117678
"TV(>65"")",241406,8,1.3677430960390342,2.0,قم,مرکز,128.0,175.07111629299638
"TV(>65"")",241406,8,1.3677430960390342,2.0,لرستان,مرکز,414.5,566.9295133081797
"TV(>65"")",241406,8,1.3677430960390342,2.0,مازندران,شمال,231.0,315.9486551850169
"TV(>65"")",241406,8,1.3677430960390342,2.0,مرکزی,مرکز,249.0,340.5680309137195
"TV(>65"")",241406,8,1.3677430960390342,2.0,هرمزگان,جنوب,1261.0,1724.7240441052222
"TV(>65"")",241406,8,1.3677430960390342,2.0,همدان,مرکز,299.5,409.63905726369075
"TV(>65"")",241406,8,1.3677430960390342,2.0,چهار محال بختیاری,جنوب,531.5,726.9554555447467
"TV(>65"")",241406,8,1.3677430960390342,2.0,کردستان,غرب,485.0,663.3554015789316
"TV(>65"")",241406,8,1.3677430960390342,2.0,کرمان,شرق,968.0,1323.9753169657852
"TV(>65"")",241406,8,1.3677430960390342,2.0,کرمانشاه,غرب,479.0,655.1489430026974
"TV(>65"")",241406,8,1.3677430960390342,2.0,کهگیلویه و بویراحمد,جنوب,888.0,1214.5558692826623
"TV(>65"")",241406,8,1.3677430960390342,2.0,گلستان,شمال,521.0,712.5941530363368
"TV(>65"")",241406,8,1.3677430960390342,2.0,گیلان,شمال,392.5,536.8391651953209
"TV(>65"")",241406,8,1.3677430960390342,2.0,یزد,شرق,623.0,852.1039488323183
"VCL (Compressor, Bag)",241007,67,0.0,2.0,آذربایجان شرقی,غرب,696.0,0.0
"VCL (Compressor, Bag)",241007,67,0.0,2.0,آذربایجان غربی,غرب,803.5,0.0
"VCL (Compressor, Bag)",241007,67,0.0,2.0,اردبیل,غرب,698.0,0.0
"VCL (Compressor, Bag)",241007,67,0.0,2.0,اصفهان,مرکز,430.0,0.0
"VCL (Compressor, Bag)",241007,67,0.0,2.0,ایلام,غرب,644.0,0.0
"VCL (Compressor, Bag)",241007,67,0.0,2.0,بوشهر,جنوب,1019.0,0.0
"VCL (Compressor, Bag)",241007,67,0.0,2.0,خراسان جنوبی,شرق,1033.0,0.0
"VCL (Compressor, Bag)",241007,67,0.0,2.0,خراسان رضوی,شرق,894.0,0.0
"VCL (Compressor, Bag)",241007,67,0.0,2.0,خراسان شمالی,شرق,700.0,0.0
"VCL (Compressor, Bag)",241007,67,0.0,2.0,خوزستان,جنوب,774.0,0.0
"VCL (Compressor, Bag)",241007,67,0.0,2.0,زنجان,غرب,353.0,0.0
"VCL (Compressor, Bag)",241007,67,0.0,2.0,سمنان,شرق,282.0,0.0
"VCL (Compressor, Bag)",241007,67,0.0,2.0,سیستان و بلوچستان,شرق,1647.5,0.0
"VCL (Compressor, Bag)",241007,67,0.0,2.0,فارس,جنوب,932.0,0.0
"VCL (Compressor, Bag)",241007,67,0.0,2.0,قزوین,شمال,199.0,0.0
"VCL (Compressor, Bag)",241007,67,0.0,2.0,قم,مرکز,128.0,0.0
"VCL (Compressor, Bag)",241007,67,0.0,2.0,لرستان,مرکز,414.5,0.0
"VCL (Compressor, Bag)",241007,67,0.0,2.0,مازندران,شمال,231.0,0.0
"VCL (Compressor, Bag)",241007,67,0.0,2.0,مرکزی,مرکز,249.0,0.0
"VCL (Compressor, Bag)",241007,67,0.0,2.0,هرمزگان,جنوب,1261.0,0.0
"VCL (Compressor, Bag)",241007,67,0.0,2.0,همدان,مرکز,299.5,0.0
"VCL (Compressor, Bag)",241007,67,0.0,2.0,چهار محال بختیاری,جنوب,531.5,0.0
"VCL (Compressor, Bag)",241007,67,0.0,2.0,کردستان,غرب,485.0,0.0
"VCL (Compressor, Bag)",241007,67,0.0,2.0,کرمان,شرق,968.0,0.0
"VCL (Compressor, Bag)",241007,67,0.0,2.0,کرمانشاه,غرب,479.0,0.0
"VCL (Compressor, Bag)",241007,67,0.0,2.0,کهگیلویه و بویراحمد,جنوب,888.0,0.0
"VCL (Compressor, Bag)",241007,67,0.0,2.0,گلستان,شمال,521.0,0.0
"VCL (Compressor, Bag)",241007,67,0.0,2.0,گیلان,شمال,392.5,0.0
"VCL (Compressor, Bag)",241007,67,0.0,2.0,یزد,شرق,623.0,0.0
"VCL (Compressor, Bag)",241407,4,0.0,0.0,آذربایجان شرقی,غرب,696.0,0.0
"VCL (Compressor, Bag)",241407,4,0.0,0.0,آذربایجان غربی,غرب,803.5,0.0
"VCL (Compressor, Bag)",241407,4,0.0,0.0,اردبیل,غرب,698.0,0.0
"VCL (Compressor, Bag)",241407,4,0.0,0.0,اصفهان,مرکز,430.0,0.0
"VCL (Compressor, Bag)",241407,4,0.0,0.0,ایلام,غرب,644.0,0.0
"VCL (Compressor, Bag)",241407,4,0.0,0.0,بوشهر,جنوب,1019.0,0.0
"VCL (Compressor, Bag)",241407,4,0.0,0.0,خراسان جنوبی,شرق,1033.0,0.0
"VCL (Compressor, Bag)",241407,4,0.0,0.0,خراسان رضوی,شرق,894.0,0.0
"VCL (Compressor, Bag)",241407,4,0.0,0.0,خراسان شمالی,شرق,700.0,0.0
"VCL (Compressor, Bag)",241407,4,0.0,0.0,خوزستان,جنوب,774.0,0.0
"VCL (Compressor, Bag)",241407,4,0.0,0.0,زنجان,غرب,353.0,0.0
"VCL (Compressor, Bag)",241407,4,0.0,0.0,سمنان,شرق,282.0,0.0
"VCL (Compressor, Bag)",241407,4,0.0,0.0,سیستان و بلوچستان,شرق,1647.5,0.0
"VCL (Compressor, Bag)",241407,4,0.0,0.0,فارس,جنوب,932.0,0.0
"VCL (Compressor, Bag)",241407,4,0.0,0.0,قزوین,شمال,199.0,0.0
"VCL (Compressor, Bag)",241407,4,0.0,0.0,قم,مرکز,128.0,0.0
"VCL (Compressor, Bag)",241407,4,0.0,0.0,لرستان,مرکز,414.5,0.0
"VCL (Compressor, Bag)",241407,4,0.0,0.0,مازندران,شمال,231.0,0.0
"VCL (Compressor, Bag)",241407,4,0.0,0.0,مرکزی,مرکز,249.0,0.0
"VCL (Compressor, Bag)",241407,4,0.0,0.0,هرمزگان,جنوب,1261.0,0.0
"VCL (Compressor, Bag)",241407,4,0.0,0.0,همدان,مرکز,299.5,0.0
"VCL (Compressor, Bag)",241407,4,0.0,0.0,چهار محال بختیاری,جنوب,531.5,0.0
"VCL (Compressor, Bag)",241407,4,0.0,0.0,کردستان,غرب,485.0,0.0
"VCL (Compressor, Bag)",241407,4,0.0,0.0,کرمان,شرق,968.0,0.0
"VCL (Compressor, Bag)",241407,4,0.0,0.0,کرمانشاه,غرب,479.0,0.0
"VCL (Compressor, Bag)",241407,4,0.0,0.0,کهگیلویه و بویراحمد,جنوب,888.0,0.0
"VCL (Compressor, Bag)",241407,4,0.0,0.0,گلستان,شمال,521.0,0.0
"VCL (Compressor, Bag)",241407,4,0.0,0.0,گیلان,شمال,392.5,0.0
"VCL (Compressor, Bag)",241407,4,0.0,0.0,یزد,شرق,623.0,0.0
WM <=11KG,241013,719,2.0,2.0,آذربایجان شرقی,غرب,696.0,1392.0
WM <=11KG,241013,719,2.0,2.0,آذربایجان غربی,غرب,803.5,1607.0
WM <=11KG,241013,719,2.0,2.0,اردبیل,غرب,698.0,1396.0
WM <=11KG,241013,719,2.0,2.0,اصفهان,مرکز,430.0,860.0
WM <=11KG,241013,719,2.0,2.0,ایلام,غرب,644.0,1288.0
WM <=11KG,241013,719,2.0,2.0,بوشهر,جنوب,1019.0,2038.0
WM <=11KG,241013,719,2.0,2.0,خراسان جنوبی,شرق,1033.0,2066.0
WM <=11KG,241013,719,2.0,2.0,خراسان رضوی,شرق,894.0,1788.0
WM <=11KG,241013,719,2.0,2.0,خراسان شمالی,شرق,700.0,1400.0
WM <=11KG,241013,719,2.0,2.0,خوزستان,جنوب,774.0,1548.0
WM <=11KG,241013,719,2.0,2.0,زنجان,غرب,353.0,706.0
WM <=11KG,241013,719,2.0,2.0,سمنان,شرق,282.0,564.0
WM <=11KG,241013,719,2.0,2.0,سیستان و بلوچستان,شرق,1647.5,3295.0
WM <=11KG,241013,719,2.0,2.0,فارس,جنوب,932.0,1864.0
WM <=11KG,241013,719,2.0,2.0,قزوین,شمال,199.0,398.0
WM <=11KG,241013,719,2.0,2.0,قم,مرکز,128.0,256.0
WM <=11KG,241013,719,2.0,2.0,لرستان,مرکز,414.5,829.0
WM <=11KG,241013,719,2.0,2.0,مازندران,شمال,231.0,462.0
WM <=11KG,241013,719,2.0,2.0,مرکزی,مرکز,249.0,498.0
WM <=11KG,241013,719,2.0,2.0,هرمزگان,جنوب,1261.0,2522.0
WM <=11KG,241013,719,2.0,2.0,همدان,مرکز,299.5,599.0
WM <=11KG,241013,719,2.0,2.0,چهار محال بختیاری,جنوب,531.5,1063.0
WM <=11KG,241013,719,2.0,2.0,کردستان,غرب,485.0,970.0
WM <=11KG,241013,719,2.0,2.0,کرمان,شرق,968.0,1936.0
WM <=11KG,241013,719,2.0,2.0,کرمانشاه,غرب,479.0,958.0
WM <=11KG,241013,719,2.0,2.0,کهگیلویه و بویراحمد,جنوب,888.0,1776.0
WM <=11KG,241013,719,2.0,2.0,گلستان,شمال,521.0,1042.0
WM <=11KG,241013,719,2.0,2.0,گیلان,شمال,392.5,785.0
WM <=11KG,241013,719,2.0,2.0,یزد,شرق,623.0,1246.0
WM <=11KG,241413,38,0.0,2.0,آذربایجان شرقی,غرب,696.0,0.0
WM <=11KG,241413,38,0.0,2.0,آذربایجان غربی,غرب,803.5,0.0
WM <=11KG,241413,38,0.0,2.0,اردبیل,غرب,698.0,0.0
WM <=11KG,241413,38,0.0,2.0,اصفهان,مرکز,430.0,0.0
WM <=11KG,241413,38,0.0,2.0,ایلام,غرب,644.0,0.0
WM <=11KG,241413,38,0.0,2.0,بوشهر,جنوب,1019.0,0.0
WM <=11KG,241413,38,0.0,2.0,خراسان جنوبی,شرق,1033.0,0.0
WM <=11KG,241413,38,0.0,2.0,خراسان رضوی,شرق,894.0,0.0
WM <=11KG,241413,38,0.0,2.0,خراسان شمالی,شرق,700.0,0.0
WM <=11KG,241413,38,0.0,2.0,خوزستان,جنوب,774.0,0.0
WM <=11KG,241413,38,0.0,2.0,زنجان,غرب,353.0,0.0
WM <=11KG,241413,38,0.0,2.0,سمنان,شرق,282.0,0.0
WM <=11KG,241413,38,0.0,2.0,سیستان و بلوچستان,شرق,1647.5,0.0
WM <=11KG,241413,38,0.0,2.0,فارس,جنوب,932.0,0.0
WM <=11KG,241413,38,0.0,2.0,قزوین,شمال,199.0,0.0
WM <=11KG,241413,38,0.0,2.0,قم,مرکز,128.0,0.0
WM <=11KG,241413,38,0.0,2.0,لرستان,مرکز,414.5,0.0
WM <=11KG,241413,38,0.0,2.0,مازندران,شمال,231.0,0.0
WM <=11KG,241413,38,0.0,2.0,مرکزی,مرکز,249.0,0.0
WM <=11KG,241413,38,0.0,2.0,هرمزگان,جنوب,1261.0,0.0
WM <=11KG,241413,38,0.0,2.0,همدان,مرکز,299.5,0.0
WM <=11KG,241413,38,0.0,2.0,چهار محال بختیاری,جنوب,531.5,0.0
WM <=11KG,241413,38,0.0,2.0,کردستان,غرب,485.0,0.0
WM <=11KG,241413,38,0.0,2.0,کرمان,شرق,968.0,0.0
WM <=11KG,241413,38,0.0,2.0,کرمانشاه,غرب,479.0,0.0
WM <=11KG,241413,38,0.0,2.0,کهگیلویه و بویراحمد,جنوب,888.0,0.0
WM <=11KG,241413,38,0.0,2.0,گلستان,شمال,521.0,0.0
WM <=11KG,241413,38,0.0,2.0,گیلان,شمال,392.5,0.0
WM <=11KG,241413,38,0.0,2.0,یزد,شرق,623.0,0.0
Without income (GLC.Co),240000,13,1.133578431372549,2.0,آذربایجان شرقی,غرب,696.0,788.9705882352941
Without income (GLC.Co),240000,13,1.133578431372549,2.0,آذربایجان غربی,غرب,803.5,910.8302696078431
Without income (GLC.Co),240000,13,1.133578431372549,2.0,اردبیل,غرب,698.0,791.2377450980392
Without income (GLC.Co),240000,13,1.133578431372549,2.0,اصفهان,مرکز,430.0,487.4387254901961
Without income (GLC.Co),240000,13,1.133578431372549,2.0,ایلام,غرب,644.0,730.0245098039215
Without income (GLC.Co),240000,13,1.133578431372549,2.0,بوشهر,جنوب,1019.0,1155.1164215686274
Without income (GLC.Co),240000,13,1.133578431372549,2.0,خراسان جنوبی,شرق,1033.0,1170.986519607843
Without income (GLC.Co),240000,13,1.133578431372549,2.0,خراسان رضوی,شرق,894.0,1013.4191176470588
Without income (GLC.Co),240000,13,1.133578431372549,2.0,خراسان شمالی,شرق,700.0,793.5049019607843
Without income (GLC.Co),240000,13,1.133578431372549,2.0,خوزستان,جنوب,774.0,877.3897058823529
Without income (GLC.Co),240000,13,1.133578431372549,2.0,زنجان,غرب,353.0,400.1531862745098
Without income (GLC.Co),240000,13,1.133578431372549,2.0,سمنان,شرق,282.0,319.66911764705884
Without income (GLC.Co),240000,13,1.133578431372549,2.0,سیستان و بلوچستان,شرق,1647.5,1867.5704656862745
Without income (GLC.Co),240000,13,1.133578431372549,2.0,فارس,جنوب,932.0,1056.4950980392157
Without income (GLC.Co),240000,13,1.133578431372549,2.0,قزوین,شمال,199.0,225.58210784313724
Without income (GLC.Co),240000,13,1.133578431372549,2.0,قم,مرکز,128.0,145.09803921568627
Without income (GLC.Co),240000,13,1.133578431372549,2.0,لرستان,مرکز,414.5,469.86825980392155
Without income (GLC.Co),240000,13,1.133578431372549,2.0,مازندران,شمال,231.0,261.85661764705884
Without income (GLC.Co),240000,13,1.133578431372549,2.0,مرکزی,مرکز,249.0,282.2610294117647
Without income (GLC.Co),240000,13,1.133578431372549,2.0,هرمزگان,جنوب,1261.0,1429.4424019607843
Without income (GLC.Co),240000,13,1.133578431372549,2.0,همدان,مرکز,299.5,339.5067401960784
Without income (GLC.Co),240000,13,1.133578431372549,2.0,چهار محال بختیاری,جنوب,531.5,602.4969362745098
Without income (GLC.Co),240000,13,1.133578431372549,2.0,کردستان,غرب,485.0,549.7855392156863
Without income (GLC.Co),240000,13,1.133578431372549,2.0,کرمان,شرق,968.0,1097.3039215686274
Without income (GLC.Co),240000,13,1.133578431372549,2.0,کرمانشاه,غرب,479.0,542.9840686274509
Without income (GLC.Co),240000,13,1.133578431372549,2.0,کهگیلویه و بویراحمد,جنوب,888.0,1006.6176470588235
Without income (GLC.Co),240000,13,1.133578431372549,2.0,گلستان,شمال,521.0,590.594362745098
Without income (GLC.Co),240000,13,1.133578431372549,2.0,گیلان,شمال,392.5,444.92953431372547
Without income (GLC.Co),240000,13,1.133578431372549,2.0,یزد,شرق,623.0,706.219362745098
استند,241518,6,0.3737373737373737,2.0,آذربایجان شرقی,غرب,696.0,260.1212121212121
استند,241518,6,0.3737373737373737,2.0,آذربایجان غربی,غرب,803.5,300.2979797979798
استند,241518,6,0.3737373737373737,2.0,اردبیل,غرب,698.0,260.86868686868684
استند,241518,6,0.3737373737373737,2.0,اصفهان,مرکز,430.0,160.7070707070707
استند,241518,6,0.3737373737373737,2.0,ایلام,غرب,644.0,240.68686868686865
استند,241518,6,0.3737373737373737,2.0,بوشهر,جنوب,1019.0,380.8383838383838
استند,241518,6,0.3737373737373737,2.0,خراسان جنوبی,شرق,1033.0,386.07070707070704
استند,241518,6,0.3737373737373737,2.0,خراسان رضوی,شرق,894.0,334.12121212121207
استند,241518,6,0.3737373737373737,2.0,خراسان شمالی,شرق,700.0,261.6161616161616
استند,241518,6,0.3737373737373737,2.0,خوزستان,جنوب,774.0,289.27272727272725
استند,241518,6,0.3737373737373737,2.0,زنجان,غرب,353.0,131.92929292929293
استند,241518,6,0.3737373737373737,2.0,سمنان,شرق,282.0,105.39393939393938
استند,241518,6,0.3737373737373737,2.0,سیستان و بلوچستان,شرق,1647.5,615.7323232323232
استند,241518,6,0.3737373737373737,2.0,فارس,جنوب,932.0,348.3232323232323
استند,241518,6,0.3737373737373737,2.0,قزوین,شمال,199.0,74.37373737373737
استند,241518,6,0.3737373737373737,2.0,قم,مرکز,128.0,47.838383838383834
استند,241518,6,0.3737373737373737,2.0,لرستان,مرکز,414.5,154.9141414141414
استند,241518,6,0.3737373737373737,2.0,مازندران,شمال,231.0,86.33333333333333
استند,241518,6,0.3737373737373737,2.0,مرکزی,مرکز,249.0,93.06060606060605
استند,241518,6,0.3737373737373737,2.0,هرمزگان,جنوب,1261.0,471.28282828282823
استند,241518,6,0.3737373737373737,2.0,همدان,مرکز,299.5,111.93434343434342
استند,241518,6,0.3737373737373737,2.0,چهار محال بختیاری,جنوب,531.5,198.64141414141412
استند,241518,6,0.3737373737373737,2.0,کردستان,غرب,485.0,181.26262626262624
استند,241518,6,0.3737373737373737,2.0,کرمان,شرق,968.0,361.7777777777777
استند,241518,6,0.3737373737373737,2.0,کرمانشاه,غرب,479.0,179.020202020202
استند,241518,6,0.3737373737373737,2.0,کهگیلویه و بویراحمد,جنوب,888.0,331.8787878787879
استند,241518,6,0.3737373737373737,2.0,گلستان,شمال,521.0,194.7171717171717
استند,241518,6,0.3737373737373737,2.0,گیلان,شمال,392.5,146.69191919191917
استند,241518,6,0.3737373737373737,2.0,یزد,شرق,623.0,232.8383838383838
باتری قلمی و نیم قلمی,B-AA-AAA,794,2.0,2.0,آذربایجان شرقی,غرب,696.0,1392.0
باتری قلمی و نیم قلمی,B-AA-AAA,794,2.0,2.0,آذربایجان غربی,غرب,803.5,1607.0
باتری قلمی و نیم قلمی,B-AA-AAA,794,2.0,2.0,اردبیل,غرب,698.0,1396.0
باتری قلمی و نیم قلمی,B-AA-AAA,794,2.0,2.0,اصفهان,مرکز,430.0,860.0
باتری قلمی و نیم قلمی,B-AA-AAA,794,2.0,2.0,ایلام,غرب,644.0,1288.0
باتری قلمی و نیم قلمی,B-AA-AAA,794,2.0,2.0,بوشهر,جنوب,1019.0,2038.0
باتری قلمی و نیم قلمی,B-AA-AAA,794,2.0,2.0,خراسان جنوبی,شرق,1033.0,2066.0
باتری قلمی و نیم قلمی,B-AA-AAA,794,2.0,2.0,خراسان رضوی,شرق,894.0,1788.0
باتری قلمی و نیم قلمی,B-AA-AAA,794,2.0,2.0,خراسان شمالی,شرق,700.0,1400.0
باتری قلمی و نیم قلمی,B-AA-AAA,794,2.0,2.0,خوزستان,جنوب,774.0,1548.0
باتری قلمی و نیم قلمی,B-AA-AAA,794,2.0,2.0,زنجان,غرب,353.0,706.0
باتری قلمی و نیم قلمی,B-AA-AAA,794,2.0,2.0,سمنان,شرق,282.0,564.0
باتری قلمی و نیم قلمی,B-AA-AAA,794,2.0,2.0,سیستان و بلوچستان,شرق,1647.5,3295.0
باتری قلمی و نیم قلمی,B-AA-AAA,794,2.0,2.0,فارس,جنوب,932.0,1864.0
باتری قلمی و نیم قلمی,B-AA-AAA,794,2.0,2.0,قزوین,شمال,199.0,398.0
باتری قلمی و نیم قلمی,B-AA-AAA,794,2.0,2.0,قم,مرکز,128.0,256.0
باتری قلمی و نیم قلمی,B-AA-AAA,794,2.0,2.0,لرستان,مرکز,414.5,829.0
باتری قلمی و نیم قلمی,B-AA-AAA,794,2.0,2.0,مازندران,شمال,231.0,462.0
باتری قلمی و نیم قلمی,B-AA-AAA,794,2.0,2.0,مرکزی,مرکز,249.0,498.0
باتری قلمی و نیم قلمی,B-AA-AAA,794,2.0,2.0,هرمزگان,جنوب,1261.0,2522.0
باتری قلمی و نیم قلمی,B-AA-AAA,794,2.0,2.0,همدان,مرکز,299.5,599.0
باتری قلمی و نیم قلمی,B-AA-AAA,794,2.0,2.0,چهار محال بختیاری,جنوب,531.5,1063.0
باتری قلمی و نیم قلمی,B-AA-AAA,794,2.0,2.0,کردستان,غرب,485.0,970.0
باتری قلمی و نیم قلمی,B-AA-AAA,794,2.0,2.0,کرمان,شرق,968.0,1936.0
باتری قلمی و نیم قلمی,B-AA-AAA,794,2.0,2.0,کرمانشاه,غرب,479.0,958.0
باتری قلمی و نیم قلمی,B-AA-AAA,794,2.0,2.0,کهگیلویه و بویراحمد,جنوب,888.0,1776.0
باتری قلمی و نیم قلمی,B-AA-AAA,794,2.0,2.0,گلستان,شمال,521.0,1042.0
باتری قلمی و نیم قلمی,B-AA-AAA,794,2.0,2.0,گیلان,شمال,392.5,785.0
باتری قلمی و نیم قلمی,B-AA-AAA,794,2.0,2.0,یزد,شرق,623.0,1246.0
تبلیغاتی (1 ریالی),2012,17,0.7551020408163266,0.7551020408163266,آذربایجان شرقی,غرب,696.0,525.5510204081633
تبلیغاتی (1 ریالی),2012,17,0.7551020408163266,0.7551020408163266,آذربایجان غربی,غرب,803.5,606.7244897959184
تبلیغاتی (1 ریالی),2012,17,0.7551020408163266,0.7551020408163266,اردبیل,غرب,698.0,527.0612244897959
تبلیغاتی (1 ریالی),2012,17,0.7551020408163266,0.7551020408163266,اصفهان,مرکز,430.0,324.6938775510204
تبلیغاتی (1 ریالی),2012,17,0.7551020408163266,0.7551020408163266,ایلام,غرب,644.0,486.28571428571433
تبلیغاتی (1 ریالی),2012,17,0.7551020408163266,0.7551020408163266,بوشهر,جنوب,1019.0,769.4489795918367
تبلیغاتی (1 ریالی),2012,17,0.7551020408163266,0.7551020408163266,خراسان جنوبی,شرق,1033.0,780.0204081632654
تبلیغاتی (1 ریالی),2012,17,0.7551020408163266,0.7551020408163266,خراسان رضوی,شرق,894.0,675.061224489796
تبلیغاتی (1 ریالی),2012,17,0.7551020408163266,0.7551020408163266,خراسان شمالی,شرق,700.0,528.5714285714287
تبلیغاتی (1 ریالی),2012,17,0.7551020408163266,0.7551020408163266,خوزستان,جنوب,774.0,584.4489795918367
تبلیغاتی (1 ریالی),2012,17,0.7551020408163266,0.7551020408163266,زنجان,غرب,353.0,266.5510204081633
تبلیغاتی (1 ریالی),2012,17,0.7551020408163266,0.7551020408163266,سمنان,شرق,282.0,212.9387755102041
تبلیغاتی (1 ریالی),2012,17,0.7551020408163266,0.7551020408163266,سیستان و بلوچستان,شرق,1647.5,1244.030612244898
تبلیغاتی (1 ریالی),2012,17,0.7551020408163266,0.7551020408163266,فارس,جنوب,932.0,703.7551020408164
تبلیغاتی (1 ریالی),2012,17,0.7551020408163266,0.7551020408163266,قزوین,شمال,199.0,150.265306122449
تبلیغاتی (1 ریالی),2012,17,0.7551020408163266,0.7551020408163266,قم,مرکز,128.0,96.6530612244898
تبلیغاتی (1 ریالی),2012,17,0.7551020408163266,0.7551020408163266,لرستان,مرکز,414.5,312.98979591836735
تبلیغاتی (1 ریالی),2012,17,0.7551020408163266,0.7551020408163266,مازندران,شمال,231.0,174.42857142857144
تبلیغاتی (1 ریالی),2012,17,0.7551020408163266,0.7551020408163266,مرکزی,مرکز,249.0,188.02040816326533
تبلیغاتی (1 ریالی),2012,17,0.7551020408163266,0.7551020408163266,هرمزگان,جنوب,1261.0,952.1836734693878
تبلیغاتی (1 ریالی),2012,17,0.7551020408163266,0.7551020408163266,همدان,مرکز,299.5,226.15306122448982
تبلیغاتی (1 ریالی),2012,17,0.7551020408163266,0.7551020408163266,چهار محال بختیاری,جنوب,531.5,401.3367346938776
تبلیغاتی (1 ریالی),2012,17,0.7551020408163266,0.7551020408163266,کردستان,غرب,485.0,366.2244897959184
تبلیغاتی (1 ریالی),2012,17,0.7551020408163266,0.7551020408163266,کرمان,شرق,968.0,730.9387755102041
تبلیغاتی (1 ریالی),2012,17,0.7551020408163266,0.7551020408163266,کرمانشاه,غرب,479.0,361.6938775510204
تبلیغاتی (1 ریالی),2012,17,0.7551020408163266,0.7551020408163266,کهگیلویه و بویراحمد,جنوب,888.0,670.5306122448981
تبلیغاتی (1 ریالی),2012,17,0.7551020408163266,0.7551020408163266,گلستان,شمال,521.0,393.40816326530614
تبلیغاتی (1 ریالی),2012,17,0.7551020408163266,0.7551020408163266,گیلان,شمال,392.5,296.3775510204082
تبلیغاتی (1 ریالی),2012,17,0.7551020408163266,0.7551020408163266,یزد,شرق,623.0,470.42857142857144
تصفیه هوا 450 / 650,241112,6,0.0,0.0,آذربایجان شرقی,غرب,696.0,0.0
تصفیه هوا 450 / 650,241112,6,0.0,0.0,آذربایجان غربی,غرب,803.5,0.0
تصفیه هوا 450 / 650,241112,6,0.0,0.0,اردبیل,غرب,698.0,0.0
تصفیه هوا 450 / 650,241112,6,0.0,0.0,اصفهان,مرکز,430.0,0.0
تصفیه هوا 450 / 650,241112,6,0.0,0.0,ایلام,غرب,644.0,0.0
تصفیه هوا 450 / 650,241112,6,0.0,0.0,بوشهر,جنوب,1019.0,0.0
تصفیه هوا 450 / 650,241112,6,0.0,0.0,خراسان جنوبی,شرق,1033.0,0.0
تصفیه هوا 450 / 650,241112,6,0.0,0.0,خراسان رضوی,شرق,894.0,0.0
تصفیه هوا 450 / 650,241112,6,0.0,0.0,خراسان شمالی,شرق,700.0,0.0
تصفیه هوا 450 / 650,241112,6,0.0,0.0,خوزستان,جنوب,774.0,0.0
تصفیه هوا 450 / 650,241112,6,0.0,0.0,زنجان,غرب,353.0,0.0
تصفیه هوا 450 / 650,241112,6,0.0,0.0,سمنان,شرق,282.0,0.0
تصفیه هوا 450 / 650,241112,6,0.0,0.0,سیستان و بلوچستان,شرق,1647.5,0.0
تصفیه هوا 450 / 650,241112,6,0.0,0.0,فارس,جنوب,932.0,0.0
تصفیه هوا 450 / 650,241112,6,0.0,0.0,قزوین,شمال,199.0,0.0
تصفیه هوا 450 / 650,241112,6,0.0,0.0,قم,مرکز,128.0,0.0
تصفیه هوا 450 / 650,241112,6,0.0,0.0,لرستان,مرکز,414.5,0.0
تصفیه هوا 450 / 650,241112,6,0.0,0.0,مازندران,شمال,231.0,0.0
تصفیه هوا 450 / 650,241112,6,0.0,0.0,مرکزی,مرکز,249.0,0.0
تصفیه هوا 450 / 650,241112,6,0.0,0.0,هرمزگان,جنوب,1261.0,0.0
تصفیه هوا 450 / 650,241112,6,0.0,0.0,همدان,مرکز,299.5,0.0
تصفیه هوا 450 / 650,241112,6,0.0,0.0,چهار محال بختیاری,جنوب,531.5,0.0
تصفیه هوا 450 / 650,241112,6,0.0,0.0,کردستان,غرب,485.0,0.0
تصفیه هوا 450 / 650,241112,6,0.0,0.0,کرمان,شرق,968.0,0.0
تصفیه هوا 450 / 650,241112,6,0.0,0.0,کرمانشاه,غرب,479.0,0.0
تصفیه هوا 450 / 650,241112,6,0.0,0.0,کهگیلویه و بویراحمد,جنوب,888.0,0.0
تصفیه هوا 450 / 650,241112,6,0.0,0.0,گلستان,شمال,521.0,0.0
تصفیه هوا 450 / 650,241112,6,0.0,0.0,گیلان,شمال,392.5,0.0
تصفیه هوا 450 / 650,241112,6,0.0,0.0,یزد,شرق,623.0,0.0
مانیتور / نمایشگر تا 32 اینچ,241210,46,1.9830917874396135,2.0,آذربایجان شرقی,غرب,696.0,1380.231884057971
مانیتور / نمایشگر تا 32 اینچ,241210,46,1.9830917874396135,2.0,آذربایجان غربی,غرب,803.5,1593.4142512077294
مانیتور / نمایشگر تا 32 اینچ,241210,46,1.9830917874396135,2.0,اردبیل,غرب,698.0,1384.19806763285
مانیتور / نمایشگر تا 32 اینچ,241210,46,1.9830917874396135,2.0,اصفهان,مرکز,430.0,852.7294685990338
مانیتور / نمایشگر تا 32 اینچ,241210,46,1.9830917874396135,2.0,ایلام,غرب,644.0,1277.111111111111
مانیتور / نمایشگر تا 32 اینچ,241210,46,1.9830917874396135,2.0,بوشهر,جنوب,1019.0,2020.770531400966
مانیتور / نمایشگر تا 32 اینچ,241210,46,1.9830917874396135,2.0,خراسان جنوبی,شرق,1033.0,2048.5338164251207
مانیتور / نمایشگر تا 32 اینچ,241210,46,1.9830917874396135,2.0,خراسان رضوی,شرق,894.0,1772.8840579710145
مانیتور / نمایشگر تا 32 اینچ,241210,46,1.9830917874396135,2.0,خراسان شمالی,شرق,700.0,1388.1642512077294
مانیتور / نمایشگر تا 32 اینچ,241210,46,1.9830917874396135,2.0,خوزستان,جنوب,774.0,1534.9130434782608
مانیتور / نمایشگر تا 32 اینچ,241210,46,1.9830917874396135,2.0,زنجان,غرب,353.0,700.0314009661836
مانیتور / نمایشگر تا 32 اینچ,241210,46,1.9830917874396135,2.0,سمنان,شرق,282.0,559.231884057971
مانیتور / نمایشگر تا 32 اینچ,241210,46,1.9830917874396135,2.0,سیستان و بلوچستان,شرق,1647.5,3267.1437198067633
مانیتور / نمایشگر تا 32 اینچ,241210,46,1.9830917874396135,2.0,فارس,جنوب,932.0,1848.2415458937198
مانیتور / نمایشگر تا 32 اینچ,241210,46,1.9830917874396135,2.0,قزوین,شمال,199.0,394.6352657004831
مانیتور / نمایشگر تا 32 اینچ,241210,46,1.9830917874396135,2.0,قم,مرکز,128.0,253.83574879227052
مانیتور / نمایشگر تا 32 اینچ,241210,46,1.9830917874396135,2.0,لرستان,مرکز,414.5,821.9915458937198
مانیتور / نمایشگر تا 32 اینچ,241210,46,1.9830917874396135,2.0,مازندران,شمال,231.0,458.0942028985507
مانیتور / نمایشگر تا 32 اینچ,241210,46,1.9830917874396135,2.0,مرکزی,مرکز,249.0,493.78985507246375
مانیتور / نمایشگر تا 32 اینچ,241210,46,1.9830917874396135,2.0,هرمزگان,جنوب,1261.0,2500.6787439613527
مانیتور / نمایشگر تا 32 اینچ,241210,46,1.9830917874396135,2.0,همدان,مرکز,299.5,593.9359903381642
مانیتور / نمایشگر تا 32 اینچ,241210,46,1.9830917874396135,2.0,چهار محال بختیاری,جنوب,531.5,1054.0132850241546
مانیتور / نمایشگر تا 32 اینچ,241210,46,1.9830917874396135,2.0,کردستان,غرب,485.0,961.7995169082125
مانیتور / نمایشگر تا 32 اینچ,241210,46,1.9830917874396135,2.0,کرمان,شرق,968.0,1919.6328502415458
مانیتور / نمایشگر تا 32 اینچ,241210,46,1.9830917874396135,2.0,کرمانشاه,غرب,479.0,949.9009661835748
مانیتور / نمایشگر تا 32 اینچ,241210,46,1.9830917874396135,2.0,کهگیلویه و بویراحمد,جنوب,888.0,1760.9855072463768
مانیتور / نمایشگر تا 32 اینچ,241210,46,1.9830917874396135,2.0,گلستان,شمال,521.0,1033.1908212560386
مانیتور / نمایشگر تا 32 اینچ,241210,46,1.9830917874396135,2.0,گیلان,شمال,392.5,778.3635265700483
مانیتور / نمایشگر تا 32 اینچ,241210,46,1.9830917874396135,2.0,یزد,شرق,623.0,1235.466183574879
مانیتور / نمایشگر تا 32 اینچ,241510,16,0.0,2.0,آذربایجان شرقی,غرب,696.0,0.0
مانیتور / نمایشگر تا 32 اینچ,241510,16,0.0,2.0,آذربایجان غربی,غرب,803.5,0.0
مانیتور / نمایشگر تا 32 اینچ,241510,16,0.0,2.0,اردبیل,غرب,698.0,0.0
مانیتور / نمایشگر تا 32 اینچ,241510,16,0.0,2.0,اصفهان,مرکز,430.0,0.0
مانیتور / نمایشگر تا 32 اینچ,241510,16,0.0,2.0,ایلام,غرب,644.0,0.0
مانیتور / نمایشگر تا 32 اینچ,241510,16,0.0,2.0,بوشهر,جنوب,1019.0,0.0
مانیتور / نمایشگر تا 32 اینچ,241510,16,0.0,2.0,خراسان جنوبی,شرق,1033.0,0.0
مانیتور / نمایشگر تا 32 اینچ,241510,16,0.0,2.0,خراسان رضوی,شرق,894.0,0.0
مانیتور / نمایشگر تا 32 اینچ,241510,16,0.0,2.0,خراسان شمالی,شرق,700.0,0.0
مانیتور / نمایشگر تا 32 اینچ,241510,16,0.0,2.0,خوزستان,جنوب,774.0,0.0
مانیتور / نمایشگر تا 32 اینچ,241510,16,0.0,2.0,زنجان,غرب,353.0,0.0
مانیتور / نمایشگر تا 32 اینچ,241510,16,0.0,2.0,سمنان,شرق,282.0,0.0
مانیتور / نمایشگر تا 32 اینچ,241510,16,0.0,2.0,سیستان و بلوچستان,شرق,1647.5,0.0
مانیتور / نمایشگر تا 32 اینچ,241510,16,0.0,2.0,فارس,جنوب,932.0,0.0
مانیتور / نمایشگر تا 32 اینچ,241510,16,0.0,2.0,قزوین,شمال,199.0,0.0
مانیتور / نمایشگر تا 32 اینچ,241510,16,0.0,2.0,قم,مرکز,128.0,0.0
مانیتور / نمایشگر تا 32 اینچ,241510,16,0.0,2.0,لرستان,مرکز,414.5,0.0
مانیتور / نمایشگر تا 32 اینچ,241510,16,0.0,2.0,مازندران,شمال,231.0,0.0
مانیتور / نمایشگر تا 32 اینچ,241510,16,0.0,2.0,مرکزی,مرکز,249.0,0.0
مانیتور / نمایشگر تا 32 اینچ,241510,16,0.0,2.0,هرمزگان,جنوب,1261.0,0.0
مانیتور / نمایشگر تا 32 اینچ,241510,16,0.0,2.0,همدان,مرکز,299.5,0.0
مانیتور / نمایشگر تا 32 اینچ,241510,16,0.0,2.0,چهار محال بختیاری,جنوب,531.5,0.0
مانیتور / نمایشگر تا 32 اینچ,241510,16,0.0,2.0,کردستان,غرب,485.0,0.0
مانیتور / نمایشگر تا 32 اینچ,241510,16,0.0,2.0,کرمان,شرق,968.0,0.0
مانیتور / نمایشگر تا 32 اینچ,241510,16,0.0,2.0,کرمانشاه,غرب,479.0,0.0
مانیتور / نمایشگر تا 32 اینچ,241510,16,0.0,2.0,کهگیلویه و بویراحمد,جنوب,888.0,0.0
مانیتور / نمایشگر تا 32 اینچ,241510,16,0.0,2.0,گلستان,شمال,521.0,0.0
مانیتور / نمایشگر تا 32 اینچ,241510,16,0.0,2.0,گیلان,شمال,392.5,0.0
مانیتور / نمایشگر تا 32 اینچ,241510,16,0.0,2.0,یزد,شرق,623.0,0.0
محصولات شوینده  (طبق ابعاد کارتن ماکرو),241010,4,0.0,0.0,آذربایجان شرقی,غرب,696.0,0.0
محصولات شوینده  (طبق ابعاد کارتن ماکرو),241010,4,0.0,0.0,آذربایجان غربی,غرب,803.5,0.0
محصولات شوینده  (طبق ابعاد کارتن ماکرو),241010,4,0.0,0.0,اردبیل,غرب,698.0,0.0
محصولات شوینده  (طبق ابعاد کارتن ماکرو),241010,4,0.0,0.0,اصفهان,مرکز,430.0,0.0
محصولات شوینده  (طبق ابعاد کارتن ماکرو),241010,4,0.0,0.0,ایلام,غرب,644.0,0.0
محصولات شوینده  (طبق ابعاد کارتن ماکرو),241010,4,0.0,0.0,بوشهر,جنوب,1019.0,0.0
محصولات شوینده  (طبق ابعاد کارتن ماکرو),241010,4,0.0,0.0,خراسان جنوبی,شرق,1033.0,0.0
محصولات شوینده  (طبق ابعاد کارتن ماکرو),241010,4,0.0,0.0,خراسان رضوی,شرق,894.0,0.0
محصولات شوینده  (طبق ابعاد کارتن ماکرو),241010,4,0.0,0.0,خراسان شمالی,شرق,700.0,0.0
محصولات شوینده  (طبق ابعاد کارتن ماکرو),241010,4,0.0,0.0,خوزستان,جنوب,774.0,0.0
محصولات شوینده  (طبق ابعاد کارتن ماکرو),241010,4,0.0,0.0,زنجان,غرب,353.0,0.0
محصولات شوینده  (طبق ابعاد کارتن ماکرو),241010,4,0.0,0.0,سمنان,شرق,282.0,0.0
محصولات شوینده  (طبق ابعاد کارتن ماکرو),241010,4,0.0,0.0,سیستان و بلوچستان,شرق,1647.5,0.0
محصولات شوینده  (طبق ابعاد کارتن ماکرو),241010,4,0.0,0.0,فارس,جنوب,932.0,0.0
محصولات شوینده  (طبق ابعاد کارتن ماکرو),241010,4,0.0,0.0,قزوین,شمال,199.0,0.0
محصولات شوینده  (طبق ابعاد کارتن ماکرو),241010,4,0.0,0.0,قم,مرکز,128.0,0.0
محصولات شوینده  (طبق ابعاد کارتن ماکرو),241010,4,0.0,0.0,لرستان,مرکز,414.5,0.0
محصولات شوینده  (طبق ابعاد کارتن ماکرو),241010,4,0.0,0.0,مازندران,شمال,231.0,0.0
محصولات شوینده  (طبق ابعاد کارتن ماکرو),241010,4,0.0,0.0,مرکزی,مرکز,249.0,0.0
محصولات شوینده  (طبق ابعاد کارتن ماکرو),241010,4,0.0,0.0,هرمزگان,جنوب,1261.0,0.0
محصولات شوینده  (طبق ابعاد کارتن ماکرو),241010,4,0.0,0.0,همدان,مرکز,299.5,0.0
محصولات شوینده  (طبق ابعاد کارتن ماکرو),241010,4,0.0,0.0,چهار محال بختیاری,جنوب,531.5,0.0
محصولات شوینده  (طبق ابعاد کارتن ماکرو),241010,4,0.0,0.0,کردستان,غرب,485.0,0.0
محصولات شوینده  (طبق ابعاد کارتن ماکرو),241010,4,0.0,0.0,کرمان,شرق,968.0,0.0
محصولات شوینده  (طبق ابعاد کارتن ماکرو),241010,4,0.0,0.0,کرمانشاه,غرب,479.0,0.0
محصولات شوینده  (طبق ابعاد کارتن ماکرو),241010,4,0.0,0.0,کهگیلویه و بویراحمد,جنوب,888.0,0.0
محصولات شوینده  (طبق ابعاد کارتن ماکرو),241010,4,0.0,0.0,گلستان,شمال,521.0,0.0
محصولات شوینده  (طبق ابعاد کارتن ماکرو),241010,4,0.0,0.0,گیلان,شمال,392.5,0.0
محصولات شوینده  (طبق ابعاد کارتن ماکرو),241010,4,0.0,0.0,یزد,شرق,623.0,0.0
محصولات شوینده  (طبق ابعاد کارتن ماکرو),241410,11,0.0,0.0,آذربایجان شرقی,غرب,696.0,0.0
محصولات شوینده  (طبق ابعاد کارتن ماکرو),241410,11,0.0,0.0,آذربایجان غربی,غرب,803.5,0.0
محصولات شوینده  (طبق ابعاد کارتن ماکرو),241410,11,0.0,0.0,اردبیل,غرب,698.0,0.0
محصولات شوینده  (طبق ابعاد کارتن ماکرو),241410,11,0.0,0.0,اصفهان,مرکز,430.0,0.0
محصولات شوینده  (طبق ابعاد کارتن ماکرو),241410,11,0.0,0.0,ایلام,غرب,644.0,0.0
محصولات شوینده  (طبق ابعاد کارتن ماکرو),241410,11,0.0,0.0,بوشهر,جنوب,1019.0,0.0
محصولات شوینده  (طبق ابعاد کارتن ماکرو),241410,11,0.0,0.0,خراسان جنوبی,شرق,1033.0,0.0
محصولات شوینده  (طبق ابعاد کارتن ماکرو),241410,11,0.0,0.0,خراسان رضوی,شرق,894.0,0.0
محصولات شوینده  (طبق ابعاد کارتن ماکرو),241410,11,0.0,0.0,خراسان شمالی,شرق,700.0,0.0
محصولات شوینده  (طبق ابعاد کارتن ماکرو),241410,11,0.0,0.0,خوزستان,جنوب,774.0,0.0
محصولات شوینده  (طبق ابعاد کارتن ماکرو),241410,11,0.0,0.0,زنجان,غرب,353.0,0.0
محصولات شوینده  (طبق ابعاد کارتن ماکرو),241410,11,0.0,0.0,سمنان,شرق,282.0,0.0
محصولات شوینده  (طبق ابعاد کارتن ماکرو),241410,11,0.0,0.0,سیستان و بلوچستان,شرق,1647.5,0.0
محصولات شوینده  (طبق ابعاد کارتن ماکرو),241410,11,0.0,0.0,فارس,جنوب,932.0,0.0
محصولات شوینده  (طبق ابعاد کارتن ماکرو),241410,11,0.0,0.0,قزوین,شمال,199.0,0.0
محصولات شوینده  (طبق ابعاد کارتن ماکرو),241410,11,0.0,0.0,قم,مرکز,128.0,0.0
محصولات شوینده  (طبق ابعاد کارتن ماکرو),241410,11,0.0,0.0,لرستان,مرکز,414.5,0.0
محصولات شوینده  (طبق ابعاد کارتن ماکرو),241410,11,0.0,0.0,مازندران,شمال,231.0,0.0
محصولات شوینده  (طبق ابعاد کارتن ماکرو),241410,11,0.0,0.0,مرکزی,مرکز,249.0,0.0
محصولات شوینده  (طبق ابعاد کارتن ماکرو),241410,11,0.0,0.0,هرمزگان,جنوب,1261.0,0.0
محصولات شوینده  (طبق ابعاد کارتن ماکرو),241410,11,0.0,0.0,همدان,مرکز,299.5,0.0
محصولات شوینده  (طبق ابعاد کارتن ماکرو),241410,11,0.0,0.0,چهار محال بختیاری,جنوب,531.5,0.0
محصولات شوینده  (طبق ابعاد کارتن ماکرو),241410,11,0.0,0.0,کردستان,غرب,485.0,0.0
محصولات شوینده  (طبق ابعاد کارتن ماکرو),241410,11,0.0,0.0,کرمان,شرق,968.0,0.0
محصولات شوینده  (طبق ابعاد کارتن ماکرو),241410,11,0.0,0.0,کرمانشاه,غرب,479.0,0.0
محصولات شوینده  (طبق ابعاد کارتن ماکرو),241410,11,0.0,0.0,کهگیلویه و بویراحمد,جنوب,888.0,0.0
محصولات شوینده  (طبق ابعاد کارتن ماکرو),241410,11,0.0,0.0,گلستان,شمال,521.0,0.0
محصولات شوینده  (طبق ابعاد کارتن ماکرو),241410,11,0.0,0.0,گیلان,شمال,392.5,0.0
محصولات شوینده  (طبق ابعاد کارتن ماکرو),241410,11,0.0,0.0,یزد,شرق,623.0,0.0
موتور جارو برقی,2000,89,2.0,2.0,آذربایجان شرقی,غرب,696.0,1392.0
موتور جارو برقی,2000,89,2.0,2.0,آذربایجان غربی,غرب,803.5,1607.0
موتور جارو برقی,2000,89,2.0,2.0,اردبیل,غرب,698.0,1396.0
موتور جارو برقی,2000,89,2.0,2.0,اصفهان,مرکز,430.0,860.0
موتور جارو برقی,2000,89,2.0,2.0,ایلام,غرب,644.0,1288.0
موتور جارو برقی,2000,89,2.0,2.0,بوشهر,جنوب,1019.0,2038.0
موتور جارو برقی,2000,89,2.0,2.0,خراسان جنوبی,شرق,1033.0,2066.0
موتور جارو برقی,2000,89,2.0,2.0,خراسان رضوی,شرق,894.0,1788.0
موتور جارو برقی,2000,89,2.0,2.0,خراسان شمالی,شرق,700.0,1400.0
موتور جارو برقی,2000,89,2.0,2.0,خوزستان,جنوب,774.0,1548.0
موتور جارو برقی,2000,89,2.0,2.0,زنجان,غرب,353.0,706.0
موتور جارو برقی,2000,89,2.0,2.0,سمنان,شرق,282.0,564.0
موتور جارو برقی,2000,89,2.0,2.0,سیستان و بلوچستان,شرق,1647.5,3295.0
موتور جارو برقی,2000,89,2.0,2.0,فارس,جنوب,932.0,1864.0
موتور جارو برقی,2000,89,2.0,2.0,قزوین,شمال,199.0,398.0
موتور جارو برقی,2000,89,2.0,2.0,قم,مرکز,128.0,256.0
موتور جارو برقی,2000,89,2.0,2.0,لرستان,مرکز,414.5,829.0
موتور جارو برقی,2000,89,2.0,2.0,مازندران,شمال,231.0,462.0
موتور جارو برقی,2000,89,2.0,2.0,مرکزی,مرکز,249.0,498.0
موتور جارو برقی,2000,89,2.0,2.0,هرمزگان,جنوب,1261.0,2522.0
موتور جارو برقی,2000,89,2.0,2.0,همدان,مرکز,299.5,599.0
موتور جارو برقی,2000,89,2.0,2.0,چهار محال بختیاری,جنوب,531.5,1063.0
موتور جارو برقی,2000,89,2.0,2.0,کردستان,غرب,485.0,970.0
موتور جارو برقی,2000,89,2.0,2.0,کرمان,شرق,968.0,1936.0
موتور جارو برقی,2000,89,2.0,2.0,کرمانشاه,غرب,479.0,958.0
موتور جارو برقی,2000,89,2.0,2.0,کهگیلویه و بویراحمد,جنوب,888.0,1776.0
موتور جارو برقی,2000,89,2.0,2.0,گلستان,شمال,521.0,1042.0
موتور جارو برقی,2000,89,2.0,2.0,گیلان,شمال,392.5,785.0
موتور جارو برقی,2000,89,2.0,2.0,یزد,شرق,623.0,1246.0
"نمایشگر از ""40 تا ""49",241211,38,0.0,2.0,آذربایجان شرقی,غرب,696.0,0.0
"نمایشگر از ""40 تا ""49",241211,38,0.0,2.0,آذربایجان غربی,غرب,803.5,0.0
"نمایشگر از ""40 تا ""49",241211,38,0.0,2.0,اردبیل,غرب,698.0,0.0
"نمایشگر از ""40 تا ""49",241211,38,0.0,2.0,اصفهان,مرکز,430.0,0.0
"نمایشگر از ""40 تا ""49",241211,38,0.0,2.0,ایلام,غرب,644.0,0.0
"نمایشگر از ""40 تا ""49",241211,38,0.0,2.0,بوشهر,جنوب,1019.0,0.0
"نمایشگر از ""40 تا ""49",241211,38,0.0,2.0,خراسان جنوبی,شرق,1033.0,0.0
"نمایشگر از ""40 تا ""49",241211,38,0.0,2.0,خراسان رضوی,شرق,894.0,0.0
"نمایشگر از ""40 تا ""49",241211,38,0.0,2.0,خراسان شمالی,شرق,700.0,0.0
"نمایشگر از ""40 تا ""49",241211,38,0.0,2.0,خوزستان,جنوب,774.0,0.0
"نمایشگر از ""40 تا ""49",241211,38,0.0,2.0,زنجان,غرب,353.0,0.0
"نمایشگر از ""40 تا ""49",241211,38,0.0,2.0,سمنان,شرق,282.0,0.0
"نمایشگر از ""40 تا ""49",241211,38,0.0,2.0,سیستان و بلوچستان,شرق,1647.5,0.0
"نمایشگر از ""40 تا ""49",241211,38,0.0,2.0,فارس,جنوب,932.0,0.0
"نمایشگر از ""40 تا ""49",241211,38,0.0,2.0,قزوین,شمال,199.0,0.0
"نمایشگر از ""40 تا ""49",241211,38,0.0,2.0,قم,مرکز,128.0,0.0
"نمایشگر از ""40 تا ""49",241211,38,0.0,2.0,لرستان,مرکز,414.5,0.0
"نمایشگر از ""40 تا ""49",241211,38,0.0,2.0,مازندران,شمال,231.0,0.0
"نمایشگر از ""40 تا ""49",241211,38,0.0,2.0,مرکزی,مرکز,249.0,0.0
"نمایشگر از ""40 تا ""49",241211,38,0.0,2.0,هرمزگان,جنوب,1261.0,0.0
"نمایشگر از ""40 تا ""49",241211,38,0.0,2.0,همدان,مرکز,299.5,0.0
"نمایشگر از ""40 تا ""49",241211,38,0.0,2.0,چهار محال بختیاری,جنوب,531.5,0.0
"نمایشگر از ""40 تا ""49",241211,38,0.0,2.0,کردستان,غرب,485.0,0.0
"نمایشگر از ""40 تا ""49",241211,38,0.0,2.0,کرمان,شرق,968.0,0.0
"نمایشگر از ""40 تا ""49",241211,38,0.0,2.0,کرمانشاه,غرب,479.0,0.0
"نمایشگر از ""40 تا ""49",241211,38,0.0,2.0,کهگیلویه و بویراحمد,جنوب,888.0,0.0
"نمایشگر از ""40 تا ""49",241211,38,0.0,2.0,گلستان,شمال,521.0,0.0
"نمایشگر از ""40 تا ""49",241211,38,0.0,2.0,گیلان,شمال,392.5,0.0
"نمایشگر از ""40 تا ""49",241211,38,0.0,2.0,یزد,شرق,623.0,0.0
"نمایشگر از ""50 تا 64""",241213,31,1.3151534108681435,2.0,آذربایجان شرقی,غرب,696.0,915.3467739642279
"نمایشگر از ""50 تا 64""",241213,31,1.3151534108681435,2.0,آذربایجان غربی,غرب,803.5,1056.7257656325532
"نمایشگر از ""50 تا 64""",241213,31,1.3151534108681435,2.0,اردبیل,غرب,698.0,917.9770807859642
"نمایشگر از ""50 تا 64""",241213,31,1.3151534108681435,2.0,اصفهان,مرکز,430.0,565.5159666733017
"نمایشگر از ""50 تا 64""",241213,31,1.3151534108681435,2.0,ایلام,غرب,644.0,846.9587965990844
"نمایشگر از ""50 تا 64""",241213,31,1.3151534108681435,2.0,بوشهر,جنوب,1019.0,1340.1413256746382
"نمایشگر از ""50 تا 64""",241213,31,1.3151534108681435,2.0,خراسان جنوبی,شرق,1033.0,1358.5534734267922
"نمایشگر از ""50 تا 64""",241213,31,1.3151534108681435,2.0,خراسان رضوی,شرق,894.0,1175.7471493161204
"نمایشگر از ""50 تا 64""",241213,31,1.3151534108681435,2.0,خراسان شمالی,شرق,700.0,920.6073876077005
"نمایشگر از ""50 تا 64""",241213,31,1.3151534108681435,2.0,خوزستان,جنوب,774.0,1017.9287400119431
"نمایشگر از ""50 تا 64""",241213,31,1.3151534108681435,2.0,زنجان,غرب,353.0,464.2491540364547
"نمایشگر از ""50 تا 64""",241213,31,1.3151534108681435,2.0,سمنان,شرق,282.0,370.87326186481647
"نمایشگر از ""50 تا 64""",241213,31,1.3151534108681435,2.0,سیستان و بلوچستان,شرق,1647.5,2166.7152444052663
"نمایشگر از ""50 تا 64""",241213,31,1.3151534108681435,2.0,فارس,جنوب,932.0,1225.7229789291098
"نمایشگر از ""50 تا 64""",241213,31,1.3151534108681435,2.0,قزوین,شمال,199.0,261.7155287627606
"نمایشگر از ""50 تا 64""",241213,31,1.3151534108681435,2.0,قم,مرکز,128.0,168.33963659112237
"نمایشگر از ""50 تا 64""",241213,31,1.3151534108681435,2.0,لرستان,مرکز,414.5,545.1310888048455
"نمایشگر از ""50 تا 64""",241213,31,1.3151534108681435,2.0,مازندران,شمال,231.0,303.8004379105412
"نمایشگر از ""50 تا 64""",241213,31,1.3151534108681435,2.0,مرکزی,مرکز,249.0,327.4731993061677
"نمایشگر از ""50 تا 64""",241213,31,1.3151534108681435,2.0,هرمزگان,جنوب,1261.0,1658.408451104729
"نمایشگر از ""50 تا 64""",241213,31,1.3151534108681435,2.0,همدان,مرکز,299.5,393.888446555009
"نمایشگر از ""50 تا 64""",241213,31,1.3151534108681435,2.0,چهار محال بختیاری,جنوب,531.5,699.0040378764182
"نمایشگر از ""50 تا 64""",241213,31,1.3151534108681435,2.0,کردستان,غرب,485.0,637.8494042710496
"نمایشگر از ""50 تا 64""",241213,31,1.3151534108681435,2.0,کرمان,شرق,968.0,1273.068501720363
"نمایشگر از ""50 تا 64""",241213,31,1.3151534108681435,2.0,کرمانشاه,غرب,479.0,629.9584838058407
"نمایشگر از ""50 تا 64""",241213,31,1.3151534108681435,2.0,کهگیلویه و بویراحمد,جنوب,888.0,1167.8562288509115
"نمایشگر از ""50 تا 64""",241213,31,1.3151534108681435,2.0,گلستان,شمال,521.0,685.1949270623028
"نمایشگر از ""50 تا 64""",241213,31,1.3151534108681435,2.0,گیلان,شمال,392.5,516.1977137657464
"نمایشگر از ""50 تا 64""",241213,31,1.3151534108681435,2.0,یزد,شرق,623.0,819.3405749708534
"نمایشگر بزرگ تر از ""65",241217,18,1.4236748140235584,2.0,آذربایجان شرقی,غرب,696.0,990.8776705603967
"نمایشگر بزرگ تر از ""65",241217,18,1.4236748140235584,2.0,آذربایجان غربی,غرب,803.5,1143.9227130679292
"نمایشگر بزرگ تر از ""65",241217,18,1.4236748140235584,2.0,اردبیل,غرب,698.0,993.7250201884438
"نمایشگر بزرگ تر از ""65",241217,18,1.4236748140235584,2.0,اصفهان,مرکز,430.0,612.1801700301302
"نمایشگر بزرگ تر از ""65",241217,18,1.4236748140235584,2.0,ایلام,غرب,644.0,916.8465802311716
"نمایشگر بزرگ تر از ""65",241217,18,1.4236748140235584,2.0,بوشهر,جنوب,1019.0,1450.724635490006
"نمایشگر بزرگ تر از ""65",241217,18,1.4236748140235584,2.0,خراسان جنوبی,شرق,1033.0,1470.656082886336
"نمایشگر بزرگ تر از ""65",241217,18,1.4236748140235584,2.0,خراسان رضوی,شرق,894.0,1272.7652837370613
"نمایشگر بزرگ تر از ""65",241217,18,1.4236748140235584,2.0,خراسان شمالی,شرق,700.0,996.5723698164909
"نمایشگر بزرگ تر از ""65",241217,18,1.4236748140235584,2.0,خوزستان,جنوب,774.0,1101.9243060542342
"نمایشگر بزرگ تر از ""65",241217,18,1.4236748140235584,2.0,زنجان,غرب,353.0,502.55720935031616
"نمایشگر بزرگ تر از ""65",241217,18,1.4236748140235584,2.0,سمنان,شرق,282.0,401.4762975546435
"نمایشگر بزرگ تر از ""65",241217,18,1.4236748140235584,2.0,سیستان و بلوچستان,شرق,1647.5,2345.5042561038126
"نمایشگر بزرگ تر از ""65",241217,18,1.4236748140235584,2.0,فارس,جنوب,932.0,1326.8649266699565
"نمایشگر بزرگ تر از ""65",241217,18,1.4236748140235584,2.0,قزوین,شمال,199.0,283.31128799068813
"نمایشگر بزرگ تر از ""65",241217,18,1.4236748140235584,2.0,قم,مرکز,128.0,182.23037619501548
"نمایشگر بزرگ تر از ""65",241217,18,1.4236748140235584,2.0,لرستان,مرکز,414.5,590.1132104127649
"نمایشگر بزرگ تر از ""65",241217,18,1.4236748140235584,2.0,مازندران,شمال,231.0,328.868882039442
"نمایشگر بزرگ تر از ""65",241217,18,1.4236748140235584,2.0,مرکزی,مرکز,249.0,354.495028691866
"نمایشگر بزرگ تر از ""65",241217,18,1.4236748140235584,2.0,هرمزگان,جنوب,1261.0,1795.2539404837073
"نمایشگر بزرگ تر از ""65",241217,18,1.4236748140235584,2.0,همدان,مرکز,299.5,426.39060680005576
"نمایشگر بزرگ تر از ""65",241217,18,1.4236748140235584,2.0,چهار محال بختیاری,جنوب,531.5,756.6831636535213
"نمایشگر بزرگ تر از ""65",241217,18,1.4236748140235584,2.0,کردستان,غرب,485.0,690.4822848014259
"نمایشگر بزرگ تر از ""65",241217,18,1.4236748140235584,2.0,کرمان,شرق,968.0,1378.1172199748046
"نمایشگر بزرگ تر از ""65",241217,18,1.4236748140235584,2.0,کرمانشاه,غرب,479.0,681.9402359172844
"نمایشگر بزرگ تر از ""65",241217,18,1.4236748140235584,2.0,کهگیلویه و بویراحمد,جنوب,888.0,1264.2232348529199
"نمایشگر بزرگ تر از ""65",241217,18,1.4236748140235584,2.0,گلستان,شمال,521.0,741.734578106274
"نمایشگر بزرگ تر از ""65",241217,18,1.4236748140235584,2.0,گیلان,شمال,392.5,558.7923645042467
"نمایشگر بزرگ تر از ""65",241217,18,1.4236748140235584,2.0,یزد,شرق,623.0,886.9494091366769
پاکت | 0.05 >حجم(m3) | 2=>وزن (kg)>1,253001,893,1.3875,2.0,آذربایجان شرقی,غرب,696.0,965.6999999999999
پاکت | 0.05 >حجم(m3) | 2=>وزن (kg)>1,253001,893,1.3875,2.0,آذربایجان غربی,غرب,803.5,1114.85625
پاکت | 0.05 >حجم(m3) | 2=>وزن (kg)>1,253001,893,1.3875,2.0,اردبیل,غرب,698.0,968.475
پاکت | 0.05 >حجم(m3) | 2=>وزن (kg)>1,253001,893,1.3875,2.0,اصفهان,مرکز,430.0,596.625
پاکت | 0.05 >حجم(m3) | 2=>وزن (kg)>1,253001,893,1.3875,2.0,ایلام,غرب,644.0,893.55
پاکت | 0.05 >حجم(m3) | 2=>وزن (kg)>1,253001,893,1.3875,2.0,بوشهر,جنوب,1019.0,1413.8625
پاکت | 0.05 >حجم(m3) | 2=>وزن (kg)>1,253001,893,1.3875,2.0,خراسان جنوبی,شرق,1033.0,1433.2875
پاکت | 0.05 >حجم(m3) | 2=>وزن (kg)>1,253001,893,1.3875,2.0,خراسان رضوی,شرق,894.0,1240.425
پاکت | 0.05 >حجم(m3) | 2=>وزن (kg)>1,253001,893,1.3875,2.0,خراسان شمالی,شرق,700.0,971.25
پاکت | 0.05 >حجم(m3) | 2=>وزن (kg)>1,253001,893,1.3875,2.0,خوزستان,جنوب,774.0,1073.925
پاکت | 0.05 >حجم(m3) | 2=>وزن (kg)>1,253001,893,1.3875,2.0,زنجان,غرب,353.0,489.78749999999997
پاکت | 0.05 >حجم(m3) | 2=>وزن (kg)>1,253001,893,1.3875,2.0,سمنان,شرق,282.0,391.275
پاکت | 0.05 >حجم(m3) | 2=>وزن (kg)>1,253001,893,1.3875,2.0,سیستان و بلوچستان,شرق,1647.5,2285.90625
پاکت | 0.05 >حجم(m3) | 2=>وزن (kg)>1,253001,893,1.3875,2.0,فارس,جنوب,932.0,1293.1499999999999
پاکت | 0.05 >حجم(m3) | 2=>وزن (kg)>1,253001,893,1.3875,2.0,قزوین,شمال,199.0,276.1125
پاکت | 0.05 >حجم(m3) | 2=>وزن (kg)>1,253001,893,1.3875,2.0,قم,مرکز,128.0,177.6
پاکت | 0.05 >حجم(m3) | 2=>وزن (kg)>1,253001,893,1.3875,2.0,لرستان,مرکز,414.5,575.11875
پاکت | 0.05 >حجم(m3) | 2=>وزن (kg)>1,253001,893,1.3875,2.0,مازندران,شمال,231.0,320.5125
پاکت | 0.05 >حجم(m3) | 2=>وزن (kg)>1,253001,893,1.3875,2.0,مرکزی,مرکز,249.0,345.4875
پاکت | 0.05 >حجم(m3) | 2=>وزن (kg)>1,253001,893,1.3875,2.0,هرمزگان,جنوب,1261.0,1749.6375
پاکت | 0.05 >حجم(m3) | 2=>وزن (kg)>1,253001,893,1.3875,2.0,همدان,مرکز,299.5,415.55625
پاکت | 0.05 >حجم(m3) | 2=>وزن (kg)>1,253001,893,1.3875,2.0,چهار محال بختیاری,جنوب,531.5,737.45625
پاکت | 0.05 >حجم(m3) | 2=>وزن (kg)>1,253001,893,1.3875,2.0,کردستان,غرب,485.0,672.9375
پاکت | 0.05 >حجم(m3) | 2=>وزن (kg)>1,253001,893,1.3875,2.0,کرمان,شرق,968.0,1343.1
پاکت | 0.05 >حجم(m3) | 2=>وزن (kg)>1,253001,893,1.3875,2.0,کرمانشاه,غرب,479.0,664.6125
پاکت | 0.05 >حجم(m3) | 2=>وزن (kg)>1,253001,893,1.3875,2.0,کهگیلویه و بویراحمد,جنوب,888.0,1232.1
پاکت | 0.05 >حجم(m3) | 2=>وزن (kg)>1,253001,893,1.3875,2.0,گلستان,شمال,521.0,722.8874999999999
پاکت | 0.05 >حجم(m3) | 2=>وزن (kg)>1,253001,893,1.3875,2.0,گیلان,شمال,392.5,544.59375
پاکت | 0.05 >حجم(m3) | 2=>وزن (kg)>1,253001,893,1.3875,2.0,یزد,شرق,623.0,864.4125
کارتن بزرگ | 1.3>حجم (m3)=>90 | 0.44>وزن (kg)=>40,253004,873,1.48,2.0,آذربایجان شرقی,غرب,696.0,1030.08
کارتن بزرگ | 1.3>حجم (m3)=>90 | 0.44>وزن (kg)=>40,253004,873,1.48,2.0,آذربایجان غربی,غرب,803.5,1189.18
کارتن بزرگ | 1.3>حجم (m3)=>90 | 0.44>وزن (kg)=>40,253004,873,1.48,2.0,اردبیل,غرب,698.0,1033.04
کارتن بزرگ | 1.3>حجم (m3)=>90 | 0.44>وزن (kg)=>40,253004,873,1.48,2.0,اصفهان,مرکز,430.0,636.4
کارتن بزرگ | 1.3>حجم (m3)=>90 | 0.44>وزن (kg)=>40,253004,873,1.48,2.0,ایلام,غرب,644.0,953.12
کارتن بزرگ | 1.3>حجم (m3)=>90 | 0.44>وزن (kg)=>40,253004,873,1.48,2.0,بوشهر,جنوب,1019.0,1508.12
کارتن بزرگ | 1.3>حجم (m3)=>90 | 0.44>وزن (kg)=>40,253004,873,1.48,2.0,خراسان جنوبی,شرق,1033.0,1528.84
کارتن بزرگ | 1.3>حجم (m3)=>90 | 0.44>وزن (kg)=>40,253004,873,1.48,2.0,خراسان رضوی,شرق,894.0,1323.12
کارتن بزرگ | 1.3>حجم (m3)=>90 | 0.44>وزن (kg)=>40,253004,873,1.48,2.0,خراسان شمالی,شرق,700.0,1036.0
کارتن بزرگ | 1.3>حجم (m3)=>90 | 0.44>وزن (kg)=>40,253004,873,1.48,2.0,خوزستان,جنوب,774.0,1145.52
کارتن بزرگ | 1.3>حجم (m3)=>90 | 0.44>وزن (kg)=>40,253004,873,1.48,2.0,زنجان,غرب,353.0,522.4399999999999
کارتن بزرگ | 1.3>حجم (m3)=>90 | 0.44>وزن (kg)=>40,253004,873,1.48,2.0,سمنان,شرق,282.0,417.36
کارتن بزرگ | 1.3>حجم (m3)=>90 | 0.44>وزن (kg)=>40,253004,873,1.48,2.0,سیستان و بلوچستان,شرق,1647.5,2438.3
کارتن بزرگ | 1.3>حجم (m3)=>90 | 0.44>وزن (kg)=>40,253004,873,1.48,2.0,فارس,جنوب,932.0,1379.36
کارتن بزرگ | 1.3>حجم (m3)=>90 | 0.44>وزن (kg)=>40,253004,873,1.48,2.0,قزوین,شمال,199.0,294.52
کارتن بزرگ | 1.3>حجم (m3)=>90 | 0.44>وزن (kg)=>40,253004,873,1.48,2.0,قم,مرکز,128.0,189.44
کارتن بزرگ | 1.3>حجم (m3)=>90 | 0.44>وزن (kg)=>40,253004,873,1.48,2.0,لرستان,مرکز,414.5,613.46
کارتن بزرگ | 1.3>حجم (m3)=>90 | 0.44>وزن (kg)=>40,253004,873,1.48,2.0,مازندران,شمال,231.0,341.88
کارتن بزرگ | 1.3>حجم (m3)=>90 | 0.44>وزن (kg)=>40,253004,873,1.48,2.0,مرکزی,مرکز,249.0,368.52
کارتن بزرگ | 1.3>حجم (m3)=>90 | 0.44>وزن (kg)=>40,253004,873,1.48,2.0,هرمزگان,جنوب,1261.0,1866.28
کارتن بزرگ | 1.3>حجم (m3)=>90 | 0.44>وزن (kg)=>40,253004,873,1.48,2.0,همدان,مرکز,299.5,443.26
کارتن بزرگ | 1.3>حجم (m3)=>90 | 0.44>وزن (kg)=>40,253004,873,1.48,2.0,چهار محال بختیاری,جنوب,531.5,786.62
کارتن بزرگ | 1.3>حجم (m3)=>90 | 0.44>وزن (kg)=>40,253004,873,1.48,2.0,کردستان,غرب,485.0,717.8
کارتن بزرگ | 1.3>حجم (m3)=>90 | 0.44>وزن (kg)=>40,253004,873,1.48,2.0,کرمان,شرق,968.0,1432.6399999999999
کارتن بزرگ | 1.3>حجم (m3)=>90 | 0.44>وزن (kg)=>40,253004,873,1.48,2.0,کرمانشاه,غرب,479.0,708.92
کارتن بزرگ | 1.3>حجم (m3)=>90 | 0.44>وزن (kg)=>40,253004,873,1.48,2.0,کهگیلویه و بویراحمد,جنوب,888.0,1314.24
کارتن بزرگ | 1.3>حجم (m3)=>90 | 0.44>وزن (kg)=>40,253004,873,1.48,2.0,گلستان,شمال,521.0,771.08
کارتن بزرگ | 1.3>حجم (m3)=>90 | 0.44>وزن (kg)=>40,253004,873,1.48,2.0,گیلان,شمال,392.5,580.9
کارتن بزرگ | 1.3>حجم (m3)=>90 | 0.44>وزن (kg)=>40,253004,873,1.48,2.0,یزد,شرق,623.0,922.04
کارتن متوسط | 0.44>حجم (m3)=>40 | 0.3>وزن (kg)=>12,253003,817,2.0,2.0,آذربایجان شرقی,غرب,696.0,1392.0
کارتن متوسط | 0.44>حجم (m3)=>40 | 0.3>وزن (kg)=>12,253003,817,2.0,2.0,آذربایجان غربی,غرب,803.5,1607.0
کارتن متوسط | 0.44>حجم (m3)=>40 | 0.3>وزن (kg)=>12,253003,817,2.0,2.0,اردبیل,غرب,698.0,1396.0
کارتن متوسط | 0.44>حجم (m3)=>40 | 0.3>وزن (kg)=>12,253003,817,2.0,2.0,اصفهان,مرکز,430.0,860.0
کارتن متوسط | 0.44>حجم (m3)=>40 | 0.3>وزن (kg)=>12,253003,817,2.0,2.0,ایلام,غرب,644.0,1288.0
کارتن متوسط | 0.44>حجم (m3)=>40 | 0.3>وزن (kg)=>12,253003,817,2.0,2.0,بوشهر,جنوب,1019.0,2038.0
کارتن متوسط | 0.44>حجم (m3)=>40 | 0.3>وزن (kg)=>12,253003,817,2.0,2.0,خراسان جنوبی,شرق,1033.0,2066.0
کارتن متوسط | 0.44>حجم (m3)=>40 | 0.3>وزن (kg)=>12,253003,817,2.0,2.0,خراسان رضوی,شرق,894.0,1788.0
کارتن متوسط | 0.44>حجم (m3)=>40 | 0.3>وزن (kg)=>12,253003,817,2.0,2.0,خراسان شمالی,شرق,700.0,1400.0
کارتن متوسط | 0.44>حجم (m3)=>40 | 0.3>وزن (kg)=>12,253003,817,2.0,2.0,خوزستان,جنوب,774.0,1548.0
کارتن متوسط | 0.44>حجم (m3)=>40 | 0.3>وزن (kg)=>12,253003,817,2.0,2.0,زنجان,غرب,353.0,706.0
کارتن متوسط | 0.44>حجم (m3)=>40 | 0.3>وزن (kg)=>12,253003,817,2.0,2.0,سمنان,شرق,282.0,564.0
کارتن متوسط | 0.44>حجم (m3)=>40 | 0.3>وزن (kg)=>12,253003,817,2.0,2.0,سیستان و بلوچستان,شرق,1647.5,3295.0
کارتن متوسط | 0.44>حجم (m3)=>40 | 0.3>وزن (kg)=>12,253003,817,2.0,2.0,فارس,جنوب,932.0,1864.0
کارتن متوسط | 0.44>حجم (m3)=>40 | 0.3>وزن (kg)=>12,253003,817,2.0,2.0,قزوین,شمال,199.0,398.0
کارتن متوسط | 0.44>حجم (m3)=>40 | 0.3>وزن (kg)=>12,253003,817,2.0,2.0,قم,مرکز,128.0,256.0
کارتن متوسط | 0.44>حجم (m3)=>40 | 0.3>وزن (kg)=>12,253003,817,2.0,2.0,لرستان,مرکز,414.5,829.0
کارتن متوسط | 0.44>حجم (m3)=>40 | 0.3>وزن (kg)=>12,253003,817,2.0,2.0,مازندران,شمال,231.0,462.0
کارتن متوسط | 0.44>حجم (m3)=>40 | 0.3>وزن (kg)=>12,253003,817,2.0,2.0,مرکزی,مرکز,249.0,498.0
کارتن متوسط | 0.44>حجم (m3)=>40 | 0.3>وزن (kg)=>12,253003,817,2.0,2.0,هرمزگان,جنوب,1261.0,2522.0
کارتن متوسط | 0.44>حجم (m3)=>40 | 0.3>وزن (kg)=>12,253003,817,2.0,2.0,همدان,مرکز,299.5,599.0
کارتن متوسط | 0.44>حجم (m3)=>40 | 0.3>وزن (kg)=>12,253003,817,2.0,2.0,چهار محال بختیاری,جنوب,531.5,1063.0
کارتن متوسط | 0.44>حجم (m3)=>40 | 0.3>وزن (kg)=>12,253003,817,2.0,2.0,کردستان,غرب,485.0,970.0
کارتن متوسط | 0.44>حجم (m3)=>40 | 0.3>وزن (kg)=>12,253003,817,2.0,2.0,کرمان,شرق,968.0,1936.0
کارتن متوسط | 0.44>حجم (m3)=>40 | 0.3>وزن (kg)=>12,253003,817,2.0,2.0,کرمانشاه,غرب,479.0,958.0
کارتن متوسط | 0.44>حجم (m3)=>40 | 0.3>وزن (kg)=>12,253003,817,2.0,2.0,کهگیلویه و بویراحمد,جنوب,888.0,1776.0
کارتن متوسط | 0.44>حجم (m3)=>40 | 0.3>وزن (kg)=>12,253003,817,2.0,2.0,گلستان,شمال,521.0,1042.0
کارتن متوسط | 0.44>حجم (m3)=>40 | 0.3>وزن (kg)=>12,253003,817,2.0,2.0,گیلان,شمال,392.5,785.0
کارتن متوسط | 0.44>حجم (m3)=>40 | 0.3>وزن (kg)=>12,253003,817,2.0,2.0,یزد,شرق,623.0,1246.0
کارتن کوچک | 0.3>حجم (m3)=>12 | 0.05>وزن (kg)>2,253002,1912,1.9520945446871374,2.0,آذربایجان شرقی,غرب,696.0,1358.6578031022477
کارتن کوچک | 0.3>حجم (m3)=>12 | 0.05>وزن (kg)>2,253002,1912,1.9520945446871374,2.0,آذربایجان غربی,غرب,803.5,1568.5079666561148
کارتن کوچک | 0.3>حجم (m3)=>12 | 0.05>وزن (kg)>2,253002,1912,1.9520945446871374,2.0,اردبیل,غرب,698.0,1362.5619921916218
کارتن کوچک | 0.3>حجم (m3)=>12 | 0.05>وزن (kg)>2,253002,1912,1.9520945446871374,2.0,اصفهان,مرکز,430.0,839.4006542154691
کارتن کوچک | 0.3>حجم (m3)=>12 | 0.05>وزن (kg)>2,253002,1912,1.9520945446871374,2.0,ایلام,غرب,644.0,1257.1488867785165
کارتن کوچک | 0.3>حجم (m3)=>12 | 0.05>وزن (kg)>2,253002,1912,1.9520945446871374,2.0,بوشهر,جنوب,1019.0,1989.184341036193
کارتن کوچک | 0.3>حجم (m3)=>12 | 0.05>وزن (kg)>2,253002,1912,1.9520945446871374,2.0,خراسان جنوبی,شرق,1033.0,2016.513664661813
کارتن کوچک | 0.3>حجم (m3)=>12 | 0.05>وزن (kg)>2,253002,1912,1.9520945446871374,2.0,خراسان رضوی,شرق,894.0,1745.1725229503008
کارتن کوچک | 0.3>حجم (m3)=>12 | 0.05>وزن (kg)>2,253002,1912,1.9520945446871374,2.0,خراسان شمالی,شرق,700.0,1366.4661812809961
کارتن کوچک | 0.3>حجم (m3)=>12 | 0.05>وزن (kg)>2,253002,1912,1.9520945446871374,2.0,خوزستان,جنوب,774.0,1510.9211775878443
کارتن کوچک | 0.3>حجم (m3)=>12 | 0.05>وزن (kg)>2,253002,1912,1.9520945446871374,2.0,زنجان,غرب,353.0,689.0893742745595
کارتن کوچک | 0.3>حجم (m3)=>12 | 0.05>وزن (kg)>2,253002,1912,1.9520945446871374,2.0,سمنان,شرق,282.0,550.4906616017728
کارتن کوچک | 0.3>حجم (m3)=>12 | 0.05>وزن (kg)>2,253002,1912,1.9520945446871374,2.0,سیستان و بلوچستان,شرق,1647.5,3216.0757623720588
کارتن کوچک | 0.3>حجم (m3)=>12 | 0.05>وزن (kg)>2,253002,1912,1.9520945446871374,2.0,فارس,جنوب,932.0,1819.352115648412
کارتن کوچک | 0.3>حجم (m3)=>12 | 0.05>وزن (kg)>2,253002,1912,1.9520945446871374,2.0,قزوین,شمال,199.0,388.46681439274033
کارتن کوچک | 0.3>حجم (m3)=>12 | 0.05>وزن (kg)>2,253002,1912,1.9520945446871374,2.0,قم,مرکز,128.0,249.8681017199536
کارتن کوچک | 0.3>حجم (m3)=>12 | 0.05>وزن (kg)>2,253002,1912,1.9520945446871374,2.0,لرستان,مرکز,414.5,809.1431887728185
کارتن کوچک | 0.3>حجم (m3)=>12 | 0.05>وزن (kg)>2,253002,1912,1.9520945446871374,2.0,مازندران,شمال,231.0,450.9338398227287
کارتن کوچک | 0.3>حجم (m3)=>12 | 0.05>وزن (kg)>2,253002,1912,1.9520945446871374,2.0,مرکزی,مرکز,249.0,486.0715416270972
کارتن کوچک | 0.3>حجم (m3)=>12 | 0.05>وزن (kg)>2,253002,1912,1.9520945446871374,2.0,هرمزگان,جنوب,1261.0,2461.59122085048
کارتن کوچک | 0.3>حجم (m3)=>12 | 0.05>وزن (kg)>2,253002,1912,1.9520945446871374,2.0,همدان,مرکز,299.5,584.6523161337976
کارتن کوچک | 0.3>حجم (m3)=>12 | 0.05>وزن (kg)>2,253002,1912,1.9520945446871374,2.0,چهار محال بختیاری,جنوب,531.5,1037.5382505012135
کارتن کوچک | 0.3>حجم (m3)=>12 | 0.05>وزن (kg)>2,253002,1912,1.9520945446871374,2.0,کردستان,غرب,485.0,946.7658541732617
کارتن کوچک | 0.3>حجم (m3)=>12 | 0.05>وزن (kg)>2,253002,1912,1.9520945446871374,2.0,کرمان,شرق,968.0,1889.627519257149
کارتن کوچک | 0.3>حجم (m3)=>12 | 0.05>وزن (kg)>2,253002,1912,1.9520945446871374,2.0,کرمانشاه,غرب,479.0,935.0532869051389
کارتن کوچک | 0.3>حجم (m3)=>12 | 0.05>وزن (kg)>2,253002,1912,1.9520945446871374,2.0,کهگیلویه و بویراحمد,جنوب,888.0,1733.459955682178
کارتن کوچک | 0.3>حجم (m3)=>12 | 0.05>وزن (kg)>2,253002,1912,1.9520945446871374,2.0,گلستان,شمال,521.0,1017.0412577819985
کارتن کوچک | 0.3>حجم (m3)=>12 | 0.05>وزن (kg)>2,253002,1912,1.9520945446871374,2.0,گیلان,شمال,392.5,766.1971087897015
کارتن کوچک | 0.3>حجم (m3)=>12 | 0.05>وزن (kg)>2,253002,1912,1.9520945446871374,2.0,یزد,شرق,623.0,1216.1549013400866
کالاهای مارکتینگ- دانه شمار,241001,774,0.0,2.0,آذربایجان شرقی,غرب,696.0,0.0
کالاهای مارکتینگ- دانه شمار,241001,774,0.0,2.0,آذربایجان غربی,غرب,803.5,0.0
کالاهای مارکتینگ- دانه شمار,241001,774,0.0,2.0,اردبیل,غرب,698.0,0.0
کالاهای مارکتینگ- دانه شمار,241001,774,0.0,2.0,اصفهان,مرکز,430.0,0.0
کالاهای مارکتینگ- دانه شمار,241001,774,0.0,2.0,ایلام,غرب,644.0,0.0
کالاهای مارکتینگ- دانه شمار,241001,774,0.0,2.0,بوشهر,جنوب,1019.0,0.0
کالاهای مارکتینگ- دانه شمار,241001,774,0.0,2.0,خراسان جنوبی,شرق,1033.0,0.0
کالاهای مارکتینگ- دانه شمار,241001,774,0.0,2.0,خراسان رضوی,شرق,894.0,0.0
کالاهای مارکتینگ- دانه شمار,241001,774,0.0,2.0,خراسان شمالی,شرق,700.0,0.0
کالاهای مارکتینگ- دانه شمار,241001,774,0.0,2.0,خوزستان,جنوب,774.0,0.0
کالاهای مارکتینگ- دانه شمار,241001,774,0.0,2.0,زنجان,غرب,353.0,0.0
کالاهای مارکتینگ- دانه شمار,241001,774,0.0,2.0,سمنان,شرق,282.0,0.0
کالاهای مارکتینگ- دانه شمار,241001,774,0.0,2.0,سیستان و بلوچستان,شرق,1647.5,0.0
کالاهای مارکتینگ- دانه شمار,241001,774,0.0,2.0,فارس,جنوب,932.0,0.0
کالاهای مارکتینگ- دانه شمار,241001,774,0.0,2.0,قزوین,شمال,199.0,0.0
کالاهای مارکتینگ- دانه شمار,241001,774,0.0,2.0,قم,مرکز,128.0,0.0
کالاهای مارکتینگ- دانه شمار,241001,774,0.0,2.0,لرستان,مرکز,414.5,0.0
کالاهای مارکتینگ- دانه شمار,241001,774,0.0,2.0,مازندران,شمال,231.0,0.0
کالاهای مارکتینگ- دانه شمار,241001,774,0.0,2.0,مرکزی,مرکز,249.0,0.0
کالاهای مارکتینگ- دانه شمار,241001,774,0.0,2.0,هرمزگان,جنوب,1261.0,0.0
کالاهای مارکتینگ- دانه شمار,241001,774,0.0,2.0,همدان,مرکز,299.5,0.0
کالاهای مارکتینگ- دانه شمار,241001,774,0.0,2.0,چهار محال بختیاری,جنوب,531.5,0.0
کالاهای مارکتینگ- دانه شمار,241001,774,0.0,2.0,کردستان,غرب,485.0,0.0
کالاهای مارکتینگ- دانه شمار,241001,774,0.0,2.0,کرمان,شرق,968.0,0.0
کالاهای مارکتینگ- دانه شمار,241001,774,0.0,2.0,کرمانشاه,غرب,479.0,0.0
کالاهای مارکتینگ- دانه شمار,241001,774,0.0,2.0,کهگیلویه و بویراحمد,جنوب,888.0,0.0
کالاهای مارکتینگ- دانه شمار,241001,774,0.0,2.0,گلستان,شمال,521.0,0.0
کالاهای مارکتینگ- دانه شمار,241001,774,0.0,2.0,گیلان,شمال,392.5,0.0
کالاهای مارکتینگ- دانه شمار,241001,774,0.0,2.0,یزد,شرق,623.0,0.0
کالاهای مارکتینگ- دانه شمار,241401,194,2.0,2.0,آذربایجان شرقی,غرب,696.0,1392.0
کالاهای مارکتینگ- دانه شمار,241401,194,2.0,2.0,آذربایجان غربی,غرب,803.5,1607.0
کالاهای مارکتینگ- دانه شمار,241401,194,2.0,2.0,اردبیل,غرب,698.0,1396.0
کالاهای مارکتینگ- دانه شمار,241401,194,2.0,2.0,اصفهان,مرکز,430.0,860.0
کالاهای مارکتینگ- دانه شمار,241401,194,2.0,2.0,ایلام,غرب,644.0,1288.0
کالاهای مارکتینگ- دانه شمار,241401,194,2.0,2.0,بوشهر,جنوب,1019.0,2038.0
کالاهای مارکتینگ- دانه شمار,241401,194,2.0,2.0,خراسان جنوبی,شرق,1033.0,2066.0
کالاهای مارکتینگ- دانه شمار,241401,194,2.0,2.0,خراسان رضوی,شرق,894.0,1788.0
کالاهای مارکتینگ- دانه شمار,241401,194,2.0,2.0,خراسان شمالی,شرق,700.0,1400.0
کالاهای مارکتینگ- دانه شمار,241401,194,2.0,2.0,خوزستان,جنوب,774.0,1548.0
کالاهای مارکتینگ- دانه شمار,241401,194,2.0,2.0,زنجان,غرب,353.0,706.0
کالاهای مارکتینگ- دانه شمار,241401,194,2.0,2.0,سمنان,شرق,282.0,564.0
کالاهای مارکتینگ- دانه شمار,241401,194,2.0,2.0,سیستان و بلوچستان,شرق,1647.5,3295.0
کالاهای مارکتینگ- دانه شمار,241401,194,2.0,2.0,فارس,جنوب,932.0,1864.0
کالاهای مارکتینگ- دانه شمار,241401,194,2.0,2.0,قزوین,شمال,199.0,398.0
کالاهای مارکتینگ- دانه شمار,241401,194,2.0,2.0,قم,مرکز,128.0,256.0
کالاهای مارکتینگ- دانه شمار,241401,194,2.0,2.0,لرستان,مرکز,414.5,829.0
کالاهای مارکتینگ- دانه شمار,241401,194,2.0,2.0,مازندران,شمال,231.0,462.0
کالاهای مارکتینگ- دانه شمار,241401,194,2.0,2.0,مرکزی,مرکز,249.0,498.0
کالاهای مارکتینگ- دانه شمار,241401,194,2.0,2.0,هرمزگان,جنوب,1261.0,2522.0
کالاهای مارکتینگ- دانه شمار,241401,194,2.0,2.0,همدان,مرکز,299.5,599.0
کالاهای مارکتینگ- دانه شمار,241401,194,2.0,2.0,چهار محال بختیاری,جنوب,531.5,1063.0
کالاهای مارکتینگ- دانه شمار,241401,194,2.0,2.0,کردستان,غرب,485.0,970.0
کالاهای مارکتینگ- دانه شمار,241401,194,2.0,2.0,کرمان,شرق,968.0,1936.0
کالاهای مارکتینگ- دانه شمار,241401,194,2.0,2.0,کرمانشاه,غرب,479.0,958.0
کالاهای مارکتینگ- دانه شمار,241401,194,2.0,2.0,کهگیلویه و بویراحمد,جنوب,888.0,1776.0
کالاهای مارکتینگ- دانه شمار,241401,194,2.0,2.0,گلستان,شمال,521.0,1042.0
کالاهای مارکتینگ- دانه شمار,241401,194,2.0,2.0,گیلان,شمال,392.5,785.0
کالاهای مارکتینگ- دانه شمار,241401,194,2.0,2.0,یزد,شرق,623.0,1246.0
کمپرسور کولرگازی   PH440G2CS,2009,1,1.9999999999999998,1.9999999999999998,آذربایجان شرقی,غرب,696.0,1391.9999999999998
کمپرسور کولرگازی   PH440G2CS,2009,1,1.9999999999999998,1.9999999999999998,آذربایجان غربی,غرب,803.5,1606.9999999999998
کمپرسور کولرگازی   PH440G2CS,2009,1,1.9999999999999998,1.9999999999999998,اردبیل,غرب,698.0,1395.9999999999998
کمپرسور کولرگازی   PH440G2CS,2009,1,1.9999999999999998,1.9999999999999998,اصفهان,مرکز,430.0,859.9999999999999
کمپرسور کولرگازی   PH440G2CS,2009,1,1.9999999999999998,1.9999999999999998,ایلام,غرب,644.0,1287.9999999999998
کمپرسور کولرگازی   PH440G2CS,2009,1,1.9999999999999998,1.9999999999999998,بوشهر,جنوب,1019.0,2037.9999999999998
کمپرسور کولرگازی   PH440G2CS,2009,1,1.9999999999999998,1.9999999999999998,خراسان جنوبی,شرق,1033.0,2065.9999999999995
کمپرسور کولرگازی   PH440G2CS,2009,1,1.9999999999999998,1.9999999999999998,خراسان رضوی,شرق,894.0,1787.9999999999998
کمپرسور کولرگازی   PH440G2CS,2009,1,1.9999999999999998,1.9999999999999998,خراسان شمالی,شرق,700.0,1399.9999999999998
کمپرسور کولرگازی   PH440G2CS,2009,1,1.9999999999999998,1.9999999999999998,خوزستان,جنوب,774.0,1547.9999999999998
کمپرسور کولرگازی   PH440G2CS,2009,1,1.9999999999999998,1.9999999999999998,زنجان,غرب,353.0,705.9999999999999
کمپرسور کولرگازی   PH440G2CS,2009,1,1.9999999999999998,1.9999999999999998,سمنان,شرق,282.0,563.9999999999999
کمپرسور کولرگازی   PH440G2CS,2009,1,1.9999999999999998,1.9999999999999998,سیستان و بلوچستان,شرق,1647.5,3294.9999999999995
کمپرسور کولرگازی   PH440G2CS,2009,1,1.9999999999999998,1.9999999999999998,فارس,جنوب,932.0,1863.9999999999998
کمپرسور کولرگازی   PH440G2CS,2009,1,1.9999999999999998,1.9999999999999998,قزوین,شمال,199.0,397.99999999999994
کمپرسور کولرگازی   PH440G2CS,2009,1,1.9999999999999998,1.9999999999999998,قم,مرکز,128.0,255.99999999999997
کمپرسور کولرگازی   PH440G2CS,2009,1,1.9999999999999998,1.9999999999999998,لرستان,مرکز,414.5,828.9999999999999
کمپرسور کولرگازی   PH440G2CS,2009,1,1.9999999999999998,1.9999999999999998,مازندران,شمال,231.0,461.99999999999994
کمپرسور کولرگازی   PH440G2CS,2009,1,1.9999999999999998,1.9999999999999998,مرکزی,مرکز,249.0,497.99999999999994
کمپرسور کولرگازی   PH440G2CS,2009,1,1.9999999999999998,1.9999999999999998,هرمزگان,جنوب,1261.0,2521.9999999999995
کمپرسور کولرگازی   PH440G2CS,2009,1,1.9999999999999998,1.9999999999999998,همدان,مرکز,299.5,598.9999999999999
کمپرسور کولرگازی   PH440G2CS,2009,1,1.9999999999999998,1.9999999999999998,چهار محال بختیاری,جنوب,531.5,1062.9999999999998
کمپرسور کولرگازی   PH440G2CS,2009,1,1.9999999999999998,1.9999999999999998,کردستان,غرب,485.0,969.9999999999999
کمپرسور کولرگازی   PH440G2CS,2009,1,1.9999999999999998,1.9999999999999998,کرمان,شرق,968.0,1935.9999999999998
کمپرسور کولرگازی   PH440G2CS,2009,1,1.9999999999999998,1.9999999999999998,کرمانشاه,غرب,479.0,957.9999999999999
کمپرسور کولرگازی   PH440G2CS,2009,1,1.9999999999999998,1.9999999999999998,کهگیلویه و بویراحمد,جنوب,888.0,1775.9999999999998
کمپرسور کولرگازی   PH440G2CS,2009,1,1.9999999999999998,1.9999999999999998,گلستان,شمال,521.0,1041.9999999999998
کمپرسور کولرگازی   PH440G2CS,2009,1,1.9999999999999998,1.9999999999999998,گیلان,شمال,392.5,784.9999999999999
کمپرسور کولرگازی   PH440G2CS,2009,1,1.9999999999999998,1.9999999999999998,یزد,شرق,623.0,1245.9999999999998
کمپرسور کولرگازی  HSM215V3UDZ,2007,4,2.0,2.0,آذربایجان شرقی,غرب,696.0,1392.0
کمپرسور کولرگازی  HSM215V3UDZ,2007,4,2.0,2.0,آذربایجان غربی,غرب,803.5,1607.0
کمپرسور کولرگازی  HSM215V3UDZ,2007,4,2.0,2.0,اردبیل,غرب,698.0,1396.0
کمپرسور کولرگازی  HSM215V3UDZ,2007,4,2.0,2.0,اصفهان,مرکز,430.0,860.0
کمپرسور کولرگازی  HSM215V3UDZ,2007,4,2.0,2.0,ایلام,غرب,644.0,1288.0
کمپرسور کولرگازی  HSM215V3UDZ,2007,4,2.0,2.0,بوشهر,جنوب,1019.0,2038.0
کمپرسور کولرگازی  HSM215V3UDZ,2007,4,2.0,2.0,خراسان جنوبی,شرق,1033.0,2066.0
کمپرسور کولرگازی  HSM215V3UDZ,2007,4,2.0,2.0,خراسان رضوی,شرق,894.0,1788.0
کمپرسور کولرگازی  HSM215V3UDZ,2007,4,2.0,2.0,خراسان شمالی,شرق,700.0,1400.0
کمپرسور کولرگازی  HSM215V3UDZ,2007,4,2.0,2.0,خوزستان,جنوب,774.0,1548.0
کمپرسور کولرگازی  HSM215V3UDZ,2007,4,2.0,2.0,زنجان,غرب,353.0,706.0
کمپرسور کولرگازی  HSM215V3UDZ,2007,4,2.0,2.0,سمنان,شرق,282.0,564.0
کمپرسور کولرگازی  HSM215V3UDZ,2007,4,2.0,2.0,سیستان و بلوچستان,شرق,1647.5,3295.0
کمپرسور کولرگازی  HSM215V3UDZ,2007,4,2.0,2.0,فارس,جنوب,932.0,1864.0
کمپرسور کولرگازی  HSM215V3UDZ,2007,4,2.0,2.0,قزوین,شمال,199.0,398.0
کمپرسور کولرگازی  HSM215V3UDZ,2007,4,2.0,2.0,قم,مرکز,128.0,256.0
کمپرسور کولرگازی  HSM215V3UDZ,2007,4,2.0,2.0,لرستان,مرکز,414.5,829.0
کمپرسور کولرگازی  HSM215V3UDZ,2007,4,2.0,2.0,مازندران,شمال,231.0,462.0
کمپرسور کولرگازی  HSM215V3UDZ,2007,4,2.0,2.0,مرکزی,مرکز,249.0,498.0
کمپرسور کولرگازی  HSM215V3UDZ,2007,4,2.0,2.0,هرمزگان,جنوب,1261.0,2522.0
کمپرسور کولرگازی  HSM215V3UDZ,2007,4,2.0,2.0,همدان,مرکز,299.5,599.0
کمپرسور کولرگازی  HSM215V3UDZ,2007,4,2.0,2.0,چهار محال بختیاری,جنوب,531.5,1063.0
کمپرسور کولرگازی  HSM215V3UDZ,2007,4,2.0,2.0,کردستان,غرب,485.0,970.0
کمپرسور کولرگازی  HSM215V3UDZ,2007,4,2.0,2.0,کرمان,شرق,968.0,1936.0
کمپرسور کولرگازی  HSM215V3UDZ,2007,4,2.0,2.0,کرمانشاه,غرب,479.0,958.0
کمپرسور کولرگازی  HSM215V3UDZ,2007,4,2.0,2.0,کهگیلویه و بویراحمد,جنوب,888.0,1776.0
کمپرسور کولرگازی  HSM215V3UDZ,2007,4,2.0,2.0,گلستان,شمال,521.0,1042.0
کمپرسور کولرگازی  HSM215V3UDZ,2007,4,2.0,2.0,گیلان,شمال,392.5,785.0
کمپرسور کولرگازی  HSM215V3UDZ,2007,4,2.0,2.0,یزد,شرق,623.0,1246.0
کمپرسور کولرگازی  PH310M2CS,2010,8,1.9999999999999998,2.0,آذربایجان شرقی,غرب,696.0,1391.9999999999998
کمپرسور کولرگازی  PH310M2CS,2010,8,1.9999999999999998,2.0,آذربایجان غربی,غرب,803.5,1606.9999999999998
کمپرسور کولرگازی  PH310M2CS,2010,8,1.9999999999999998,2.0,اردبیل,غرب,698.0,1395.9999999999998
کمپرسور کولرگازی  PH310M2CS,2010,8,1.9999999999999998,2.0,اصفهان,مرکز,430.0,859.9999999999999
کمپرسور کولرگازی  PH310M2CS,2010,8,1.9999999999999998,2.0,ایلام,غرب,644.0,1287.9999999999998
کمپرسور کولرگازی  PH310M2CS,2010,8,1.9999999999999998,2.0,بوشهر,جنوب,1019.0,2037.9999999999998
کمپرسور کولرگازی  PH310M2CS,2010,8,1.9999999999999998,2.0,خراسان جنوبی,شرق,1033.0,2065.9999999999995
کمپرسور کولرگازی  PH310M2CS,2010,8,1.9999999999999998,2.0,خراسان رضوی,شرق,894.0,1787.9999999999998
کمپرسور کولرگازی  PH310M2CS,2010,8,1.9999999999999998,2.0,خراسان شمالی,شرق,700.0,1399.9999999999998
کمپرسور کولرگازی  PH310M2CS,2010,8,1.9999999999999998,2.0,خوزستان,جنوب,774.0,1547.9999999999998
کمپرسور کولرگازی  PH310M2CS,2010,8,1.9999999999999998,2.0,زنجان,غرب,353.0,705.9999999999999
کمپرسور کولرگازی  PH310M2CS,2010,8,1.9999999999999998,2.0,سمنان,شرق,282.0,563.9999999999999
کمپرسور کولرگازی  PH310M2CS,2010,8,1.9999999999999998,2.0,سیستان و بلوچستان,شرق,1647.5,3294.9999999999995
کمپرسور کولرگازی  PH310M2CS,2010,8,1.9999999999999998,2.0,فارس,جنوب,932.0,1863.9999999999998
کمپرسور کولرگازی  PH310M2CS,2010,8,1.9999999999999998,2.0,قزوین,شمال,199.0,397.99999999999994
کمپرسور کولرگازی  PH310M2CS,2010,8,1.9999999999999998,2.0,قم,مرکز,128.0,255.99999999999997
کمپرسور کولرگازی  PH310M2CS,2010,8,1.9999999999999998,2.0,لرستان,مرکز,414.5,828.9999999999999
کمپرسور کولرگازی  PH310M2CS,2010,8,1.9999999999999998,2.0,مازندران,شمال,231.0,461.99999999999994
کمپرسور کولرگازی  PH310M2CS,2010,8,1.9999999999999998,2.0,مرکزی,مرکز,249.0,497.99999999999994
کمپرسور کولرگازی  PH310M2CS,2010,8,1.9999999999999998,2.0,هرمزگان,جنوب,1261.0,2521.9999999999995
کمپرسور کولرگازی  PH310M2CS,2010,8,1.9999999999999998,2.0,همدان,مرکز,299.5,598.9999999999999
کمپرسور کولرگازی  PH310M2CS,2010,8,1.9999999999999998,2.0,چهار محال بختیاری,جنوب,531.5,1062.9999999999998
کمپرسور کولرگازی  PH310M2CS,2010,8,1.9999999999999998,2.0,کردستان,غرب,485.0,969.9999999999999
کمپرسور کولرگازی  PH310M2CS,2010,8,1.9999999999999998,2.0,کرمان,شرق,968.0,1935.9999999999998
کمپرسور کولرگازی  PH310M2CS,2010,8,1.9999999999999998,2.0,کرمانشاه,غرب,479.0,957.9999999999999
کمپرسور کولرگازی  PH310M2CS,2010,8,1.9999999999999998,2.0,کهگیلویه و بویراحمد,جنوب,888.0,1775.9999999999998
کمپرسور کولرگازی  PH310M2CS,2010,8,1.9999999999999998,2.0,گلستان,شمال,521.0,1041.9999999999998
کمپرسور کولرگازی  PH310M2CS,2010,8,1.9999999999999998,2.0,گیلان,شمال,392.5,784.9999999999999
کمپرسور کولرگازی  PH310M2CS,2010,8,1.9999999999999998,2.0,یزد,شرق,623.0,1245.9999999999998
کمپرسور کولرگازی  PH400G2CS,2008,3,2.0,2.0,آذربایجان شرقی,غرب,696.0,1392.0
کمپرسور کولرگازی  PH400G2CS,2008,3,2.0,2.0,آذربایجان غربی,غرب,803.5,1607.0
کمپرسور کولرگازی  PH400G2CS,2008,3,2.0,2.0,اردبیل,غرب,698.0,1396.0
کمپرسور کولرگازی  PH400G2CS,2008,3,2.0,2.0,اصفهان,مرکز,430.0,860.0
کمپرسور کولرگازی  PH400G2CS,2008,3,2.0,2.0,ایلام,غرب,644.0,1288.0
کمپرسور کولرگازی  PH400G2CS,2008,3,2.0,2.0,بوشهر,جنوب,1019.0,2038.0
کمپرسور کولرگازی  PH400G2CS,2008,3,2.0,2.0,خراسان جنوبی,شرق,1033.0,2066.0
کمپرسور کولرگازی  PH400G2CS,2008,3,2.0,2.0,خراسان رضوی,شرق,894.0,1788.0
کمپرسور کولرگازی  PH400G2CS,2008,3,2.0,2.0,خراسان شمالی,شرق,700.0,1400.0
کمپرسور کولرگازی  PH400G2CS,2008,3,2.0,2.0,خوزستان,جنوب,774.0,1548.0
کمپرسور کولرگازی  PH400G2CS,2008,3,2.0,2.0,زنجان,غرب,353.0,706.0
کمپرسور کولرگازی  PH400G2CS,2008,3,2.0,2.0,سمنان,شرق,282.0,564.0
کمپرسور کولرگازی  PH400G2CS,2008,3,2.0,2.0,سیستان و بلوچستان,شرق,1647.5,3295.0
کمپرسور کولرگازی  PH400G2CS,2008,3,2.0,2.0,فارس,جنوب,932.0,1864.0
کمپرسور کولرگازی  PH400G2CS,2008,3,2.0,2.0,قزوین,شمال,199.0,398.0
کمپرسور کولرگازی  PH400G2CS,2008,3,2.0,2.0,قم,مرکز,128.0,256.0
کمپرسور کولرگازی  PH400G2CS,2008,3,2.0,2.0,لرستان,مرکز,414.5,829.0
کمپرسور کولرگازی  PH400G2CS,2008,3,2.0,2.0,مازندران,شمال,231.0,462.0
کمپرسور کولرگازی  PH400G2CS,2008,3,2.0,2.0,مرکزی,مرکز,249.0,498.0
کمپرسور کولرگازی  PH400G2CS,2008,3,2.0,2.0,هرمزگان,جنوب,1261.0,2522.0
کمپرسور کولرگازی  PH400G2CS,2008,3,2.0,2.0,همدان,مرکز,299.5,599.0
کمپرسور کولرگازی  PH400G2CS,2008,3,2.0,2.0,چهار محال بختیاری,جنوب,531.5,1063.0
کمپرسور کولرگازی  PH400G2CS,2008,3,2.0,2.0,کردستان,غرب,485.0,970.0
کمپرسور کولرگازی  PH400G2CS,2008,3,2.0,2.0,کرمان,شرق,968.0,1936.0
کمپرسور کولرگازی  PH400G2CS,2008,3,2.0,2.0,کرمانشاه,غرب,479.0,958.0
کمپرسور کولرگازی  PH400G2CS,2008,3,2.0,2.0,کهگیلویه و بویراحمد,جنوب,888.0,1776.0
کمپرسور کولرگازی  PH400G2CS,2008,3,2.0,2.0,گلستان,شمال,521.0,1042.0
کمپرسور کولرگازی  PH400G2CS,2008,3,2.0,2.0,گیلان,شمال,392.5,785.0
کمپرسور کولرگازی  PH400G2CS,2008,3,2.0,2.0,یزد,شرق,623.0,1246.0
کمپرسور کولرگازی  PH480X3CS,2011,1,1.9999999999999998,1.9999999999999998,آذربایجان شرقی,غرب,696.0,1391.9999999999998
کمپرسور کولرگازی  PH480X3CS,2011,1,1.9999999999999998,1.9999999999999998,آذربایجان غربی,غرب,803.5,1606.9999999999998
کمپرسور کولرگازی  PH480X3CS,2011,1,1.9999999999999998,1.9999999999999998,اردبیل,غرب,698.0,1395.9999999999998
کمپرسور کولرگازی  PH480X3CS,2011,1,1.9999999999999998,1.9999999999999998,اصفهان,مرکز,430.0,859.9999999999999
کمپرسور کولرگازی  PH480X3CS,2011,1,1.9999999999999998,1.9999999999999998,ایلام,غرب,644.0,1287.9999999999998
کمپرسور کولرگازی  PH480X3CS,2011,1,1.9999999999999998,1.9999999999999998,بوشهر,جنوب,1019.0,2037.9999999999998
کمپرسور کولرگازی  PH480X3CS,2011,1,1.9999999999999998,1.9999999999999998,خراسان جنوبی,شرق,1033.0,2065.9999999999995
کمپرسور کولرگازی  PH480X3CS,2011,1,1.9999999999999998,1.9999999999999998,خراسان رضوی,شرق,894.0,1787.9999999999998
کمپرسور کولرگازی  PH480X3CS,2011,1,1.9999999999999998,1.9999999999999998,خراسان شمالی,شرق,700.0,1399.9999999999998
کمپرسور کولرگازی  PH480X3CS,2011,1,1.9999999999999998,1.9999999999999998,خوزستان,جنوب,774.0,1547.9999999999998
کمپرسور کولرگازی  PH480X3CS,2011,1,1.9999999999999998,1.9999999999999998,زنجان,غرب,353.0,705.9999999999999
کمپرسور کولرگازی  PH480X3CS,2011,1,1.9999999999999998,1.9999999999999998,سمنان,شرق,282.0,563.9999999999999
کمپرسور کولرگازی  PH480X3CS,2011,1,1.9999999999999998,1.9999999999999998,سیستان و بلوچستان,شرق,1647.5,3294.9999999999995
کمپرسور کولرگازی  PH480X3CS,2011,1,1.9999999999999998,1.9999999999999998,فارس,جنوب,932.0,1863.9999999999998
کمپرسور کولرگازی  PH480X3CS,2011,1,1.9999999999999998,1.9999999999999998,قزوین,شمال,199.0,397.99999999999994
کمپرسور کولرگازی  PH480X3CS,2011,1,1.9999999999999998,1.9999999999999998,قم,مرکز,128.0,255.99999999999997
کمپرسور کولرگازی  PH480X3CS,2011,1,1.9999999999999998,1.9999999999999998,لرستان,مرکز,414.5,828.9999999999999
کمپرسور کولرگازی  PH480X3CS,2011,1,1.9999999999999998,1.9999999999999998,مازندران,شمال,231.0,461.99999999999994
کمپرسور کولرگازی  PH480X3CS,2011,1,1.9999999999999998,1.9999999999999998,مرکزی,مرکز,249.0,497.99999999999994
کمپرسور کولرگازی  PH480X3CS,2011,1,1.9999999999999998,1.9999999999999998,هرمزگان,جنوب,1261.0,2521.9999999999995
کمپرسور کولرگازی  PH480X3CS,2011,1,1.9999999999999998,1.9999999999999998,همدان,مرکز,299.5,598.9999999999999
کمپرسور کولرگازی  PH480X3CS,2011,1,1.9999999999999998,1.9999999999999998,چهار محال بختیاری,جنوب,531.5,1062.9999999999998
کمپرسور کولرگازی  PH480X3CS,2011,1,1.9999999999999998,1.9999999999999998,کردستان,غرب,485.0,969.9999999999999
کمپرسور کولرگازی  PH480X3CS,2011,1,1.9999999999999998,1.9999999999999998,کرمان,شرق,968.0,1935.9999999999998
کمپرسور کولرگازی  PH480X3CS,2011,1,1.9999999999999998,1.9999999999999998,کرمانشاه,غرب,479.0,957.9999999999999
کمپرسور کولرگازی  PH480X3CS,2011,1,1.9999999999999998,1.9999999999999998,کهگیلویه و بویراحمد,جنوب,888.0,1775.9999999999998
کمپرسور کولرگازی  PH480X3CS,2011,1,1.9999999999999998,1.9999999999999998,گلستان,شمال,521.0,1041.9999999999998
کمپرسور کولرگازی  PH480X3CS,2011,1,1.9999999999999998,1.9999999999999998,گیلان,شمال,392.5,784.9999999999999
کمپرسور کولرگازی  PH480X3CS,2011,1,1.9999999999999998,1.9999999999999998,یزد,شرق,623.0,1245.9999999999998
کمپرسور یخچال  GITA (70& 71) / GITC,2004,45,2.0,2.0,آذربایجان شرقی,غرب,696.0,1392.0
کمپرسور یخچال  GITA (70& 71) / GITC,2004,45,2.0,2.0,آذربایجان غربی,غرب,803.5,1607.0
کمپرسور یخچال  GITA (70& 71) / GITC,2004,45,2.0,2.0,اردبیل,غرب,698.0,1396.0
کمپرسور یخچال  GITA (70& 71) / GITC,2004,45,2.0,2.0,اصفهان,مرکز,430.0,860.0
کمپرسور یخچال  GITA (70& 71) / GITC,2004,45,2.0,2.0,ایلام,غرب,644.0,1288.0
کمپرسور یخچال  GITA (70& 71) / GITC,2004,45,2.0,2.0,بوشهر,جنوب,1019.0,2038.0
کمپرسور یخچال  GITA (70& 71) / GITC,2004,45,2.0,2.0,خراسان جنوبی,شرق,1033.0,2066.0
کمپرسور یخچال  GITA (70& 71) / GITC,2004,45,2.0,2.0,خراسان رضوی,شرق,894.0,1788.0
کمپرسور یخچال  GITA (70& 71) / GITC,2004,45,2.0,2.0,خراسان شمالی,شرق,700.0,1400.0
کمپرسور یخچال  GITA (70& 71) / GITC,2004,45,2.0,2.0,خوزستان,جنوب,774.0,1548.0
کمپرسور یخچال  GITA (70& 71) / GITC,2004,45,2.0,2.0,زنجان,غرب,353.0,706.0
کمپرسور یخچال  GITA (70& 71) / GITC,2004,45,2.0,2.0,سمنان,شرق,282.0,564.0
کمپرسور یخچال  GITA (70& 71) / GITC,2004,45,2.0,2.0,سیستان و بلوچستان,شرق,1647.5,3295.0
کمپرسور یخچال  GITA (70& 71) / GITC,2004,45,2.0,2.0,فارس,جنوب,932.0,1864.0
کمپرسور یخچال  GITA (70& 71) / GITC,2004,45,2.0,2.0,قزوین,شمال,199.0,398.0
کمپرسور یخچال  GITA (70& 71) / GITC,2004,45,2.0,2.0,قم,مرکز,128.0,256.0
کمپرسور یخچال  GITA (70& 71) / GITC,2004,45,2.0,2.0,لرستان,مرکز,414.5,829.0
کمپرسور یخچال  GITA (70& 71) / GITC,2004,45,2.0,2.0,مازندران,شمال,231.0,462.0
کمپرسور یخچال  GITA (70& 71) / GITC,2004,45,2.0,2.0,مرکزی,مرکز,249.0,498.0
کمپرسور یخچال  GITA (70& 71) / GITC,2004,45,2.0,2.0,هرمزگان,جنوب,1261.0,2522.0
کمپرسور یخچال  GITA (70& 71) / GITC,2004,45,2.0,2.0,همدان,مرکز,299.5,599.0
کمپرسور یخچال  GITA (70& 71) / GITC,2004,45,2.0,2.0,چهار محال بختیاری,جنوب,531.5,1063.0
کمپرسور یخچال  GITA (70& 71) / GITC,2004,45,2.0,2.0,کردستان,غرب,485.0,970.0
کمپرسور یخچال  GITA (70& 71) / GITC,2004,45,2.0,2.0,کرمان,شرق,968.0,1936.0
کمپرسور یخچال  GITA (70& 71) / GITC,2004,45,2.0,2.0,کرمانشاه,غرب,479.0,958.0
کمپرسور یخچال  GITA (70& 71) / GITC,2004,45,2.0,2.0,کهگیلویه و بویراحمد,جنوب,888.0,1776.0
کمپرسور یخچال  GITA (70& 71) / GITC,2004,45,2.0,2.0,گلستان,شمال,521.0,1042.0
کمپرسور یخچال  GITA (70& 71) / GITC,2004,45,2.0,2.0,گیلان,شمال,392.5,785.0
کمپرسور یخچال  GITA (70& 71) / GITC,2004,45,2.0,2.0,یزد,شرق,623.0,1246.0
کمپرسور یخچال Accessories,2005,45,2.0,2.0,آذربایجان شرقی,غرب,696.0,1392.0
کمپرسور یخچال Accessories,2005,45,2.0,2.0,آذربایجان غربی,غرب,803.5,1607.0
کمپرسور یخچال Accessories,2005,45,2.0,2.0,اردبیل,غرب,698.0,1396.0
کمپرسور یخچال Accessories,2005,45,2.0,2.0,اصفهان,مرکز,430.0,860.0
کمپرسور یخچال Accessories,2005,45,2.0,2.0,ایلام,غرب,644.0,1288.0
کمپرسور یخچال Accessories,2005,45,2.0,2.0,بوشهر,جنوب,1019.0,2038.0
کمپرسور یخچال Accessories,2005,45,2.0,2.0,خراسان جنوبی,شرق,1033.0,2066.0
کمپرسور یخچال Accessories,2005,45,2.0,2.0,خراسان رضوی,شرق,894.0,1788.0
کمپرسور یخچال Accessories,2005,45,2.0,2.0,خراسان شمالی,شرق,700.0,1400.0
کمپرسور یخچال Accessories,2005,45,2.0,2.0,خوزستان,جنوب,774.0,1548.0
کمپرسور یخچال Accessories,2005,45,2.0,2.0,زنجان,غرب,353.0,706.0
کمپرسور یخچال Accessories,2005,45,2.0,2.0,سمنان,شرق,282.0,564.0
کمپرسور یخچال Accessories,2005,45,2.0,2.0,سیستان و بلوچستان,شرق,1647.5,3295.0
کمپرسور یخچال Accessories,2005,45,2.0,2.0,فارس,جنوب,932.0,1864.0
کمپرسور یخچال Accessories,2005,45,2.0,2.0,قزوین,شمال,199.0,398.0
کمپرسور یخچال Accessories,2005,45,2.0,2.0,قم,مرکز,128.0,256.0
کمپرسور یخچال Accessories,2005,45,2.0,2.0,لرستان,مرکز,414.5,829.0
کمپرسور یخچال Accessories,2005,45,2.0,2.0,مازندران,شمال,231.0,462.0
کمپرسور یخچال Accessories,2005,45,2.0,2.0,مرکزی,مرکز,249.0,498.0
کمپرسور یخچال Accessories,2005,45,2.0,2.0,هرمزگان,جنوب,1261.0,2522.0
کمپرسور یخچال Accessories,2005,45,2.0,2.0,همدان,مرکز,299.5,599.0
کمپرسور یخچال Accessories,2005,45,2.0,2.0,چهار محال بختیاری,جنوب,531.5,1063.0
کمپرسور یخچال Accessories,2005,45,2.0,2.0,کردستان,غرب,485.0,970.0
کمپرسور یخچال Accessories,2005,45,2.0,2.0,کرمان,شرق,968.0,1936.0
کمپرسور یخچال Accessories,2005,45,2.0,2.0,کرمانشاه,غرب,479.0,958.0
کمپرسور یخچال Accessories,2005,45,2.0,2.0,کهگیلویه و بویراحمد,جنوب,888.0,1776.0
کمپرسور یخچال Accessories,2005,45,2.0,2.0,گلستان,شمال,521.0,1042.0
کمپرسور یخچال Accessories,2005,45,2.0,2.0,گیلان,شمال,392.5,785.0
کمپرسور یخچال Accessories,2005,45,2.0,2.0,یزد,شرق,623.0,1246.0
کمپرسور یخچال GITA (38),2006,3,2.0,2.0,آذربایجان شرقی,غرب,696.0,1392.0
کمپرسور یخچال GITA (38),2006,3,2.0,2.0,آذربایجان غربی,غرب,803.5,1607.0
کمپرسور یخچال GITA (38),2006,3,2.0,2.0,اردبیل,غرب,698.0,1396.0
کمپرسور یخچال GITA (38),2006,3,2.0,2.0,اصفهان,مرکز,430.0,860.0
کمپرسور یخچال GITA (38),2006,3,2.0,2.0,ایلام,غرب,644.0,1288.0
کمپرسور یخچال GITA (38),2006,3,2.0,2.0,بوشهر,جنوب,1019.0,2038.0
کمپرسور یخچال GITA (38),2006,3,2.0,2.0,خراسان جنوبی,شرق,1033.0,2066.0
کمپرسور یخچال GITA (38),2006,3,2.0,2.0,خراسان رضوی,شرق,894.0,1788.0
کمپرسور یخچال GITA (38),2006,3,2.0,2.0,خراسان شمالی,شرق,700.0,1400.0
کمپرسور یخچال GITA (38),2006,3,2.0,2.0,خوزستان,جنوب,774.0,1548.0
کمپرسور یخچال GITA (38),2006,3,2.0,2.0,زنجان,غرب,353.0,706.0
کمپرسور یخچال GITA (38),2006,3,2.0,2.0,سمنان,شرق,282.0,564.0
کمپرسور یخچال GITA (38),2006,3,2.0,2.0,سیستان و بلوچستان,شرق,1647.5,3295.0
کمپرسور یخچال GITA (38),2006,3,2.0,2.0,فارس,جنوب,932.0,1864.0
کمپرسور یخچال GITA (38),2006,3,2.0,2.0,قزوین,شمال,199.0,398.0
کمپرسور یخچال GITA (38),2006,3,2.0,2.0,قم,مرکز,128.0,256.0
کمپرسور یخچال GITA (38),2006,3,2.0,2.0,لرستان,مرکز,414.5,829.0
کمپرسور یخچال GITA (38),2006,3,2.0,2.0,مازندران,شمال,231.0,462.0
کمپرسور یخچال GITA (38),2006,3,2.0,2.0,مرکزی,مرکز,249.0,498.0
کمپرسور یخچال GITA (38),2006,3,2.0,2.0,هرمزگان,جنوب,1261.0,2522.0
کمپرسور یخچال GITA (38),2006,3,2.0,2.0,همدان,مرکز,299.5,599.0
کمپرسور یخچال GITA (38),2006,3,2.0,2.0,چهار محال بختیاری,جنوب,531.5,1063.0
کمپرسور یخچال GITA (38),2006,3,2.0,2.0,کردستان,غرب,485.0,970.0
کمپرسور یخچال GITA (38),2006,3,2.0,2.0,کرمان,شرق,968.0,1936.0
کمپرسور یخچال GITA (38),2006,3,2.0,2.0,کرمانشاه,غرب,479.0,958.0
کمپرسور یخچال GITA (38),2006,3,2.0,2.0,کهگیلویه و بویراحمد,جنوب,888.0,1776.0
کمپرسور یخچال GITA (38),2006,3,2.0,2.0,گلستان,شمال,521.0,1042.0
کمپرسور یخچال GITA (38),2006,3,2.0,2.0,گیلان,شمال,392.5,785.0
کمپرسور یخچال GITA (38),2006,3,2.0,2.0,یزد,شرق,623.0,1246.0
کمپرسور یخچال Siberia,2002,28,2.0,2.0,آذربایجان شرقی,غرب,696.0,1392.0
کمپرسور یخچال Siberia,2002,28,2.0,2.0,آذربایجان غربی,غرب,803.5,1607.0
کمپرسور یخچال Siberia,2002,28,2.0,2.0,اردبیل,غرب,698.0,1396.0
کمپرسور یخچال Siberia,2002,28,2.0,2.0,اصفهان,مرکز,430.0,860.0
کمپرسور یخچال Siberia,2002,28,2.0,2.0,ایلام,غرب,644.0,1288.0
کمپرسور یخچال Siberia,2002,28,2.0,2.0,بوشهر,جنوب,1019.0,2038.0
کمپرسور یخچال Siberia,2002,28,2.0,2.0,خراسان جنوبی,شرق,1033.0,2066.0
کمپرسور یخچال Siberia,2002,28,2.0,2.0,خراسان رضوی,شرق,894.0,1788.0
کمپرسور یخچال Siberia,2002,28,2.0,2.0,خراسان شمالی,شرق,700.0,1400.0
کمپرسور یخچال Siberia,2002,28,2.0,2.0,خوزستان,جنوب,774.0,1548.0
کمپرسور یخچال Siberia,2002,28,2.0,2.0,زنجان,غرب,353.0,706.0
کمپرسور یخچال Siberia,2002,28,2.0,2.0,سمنان,شرق,282.0,564.0
کمپرسور یخچال Siberia,2002,28,2.0,2.0,سیستان و بلوچستان,شرق,1647.5,3295.0
کمپرسور یخچال Siberia,2002,28,2.0,2.0,فارس,جنوب,932.0,1864.0
کمپرسور یخچال Siberia,2002,28,2.0,2.0,قزوین,شمال,199.0,398.0
کمپرسور یخچال Siberia,2002,28,2.0,2.0,قم,مرکز,128.0,256.0
کمپرسور یخچال Siberia,2002,28,2.0,2.0,لرستان,مرکز,414.5,829.0
کمپرسور یخچال Siberia,2002,28,2.0,2.0,مازندران,شمال,231.0,462.0
کمپرسور یخچال Siberia,2002,28,2.0,2.0,مرکزی,مرکز,249.0,498.0
کمپرسور یخچال Siberia,2002,28,2.0,2.0,هرمزگان,جنوب,1261.0,2522.0
کمپرسور یخچال Siberia,2002,28,2.0,2.0,همدان,مرکز,299.5,599.0
کمپرسور یخچال Siberia,2002,28,2.0,2.0,چهار محال بختیاری,جنوب,531.5,1063.0
کمپرسور یخچال Siberia,2002,28,2.0,2.0,کردستان,غرب,485.0,970.0
کمپرسور یخچال Siberia,2002,28,2.0,2.0,کرمان,شرق,968.0,1936.0
کمپرسور یخچال Siberia,2002,28,2.0,2.0,کرمانشاه,غرب,479.0,958.0
کمپرسور یخچال Siberia,2002,28,2.0,2.0,کهگیلویه و بویراحمد,جنوب,888.0,1776.0
کمپرسور یخچال Siberia,2002,28,2.0,2.0,گلستان,شمال,521.0,1042.0
کمپرسور یخچال Siberia,2002,28,2.0,2.0,گیلان,شمال,392.5,785.0
کمپرسور یخچال Siberia,2002,28,2.0,2.0,یزد,شرق,623.0,1246.0
کمپرسور یخچال مدل LG,2001,12,2.0,2.0,آذربایجان شرقی,غرب,696.0,1392.0
کمپرسور یخچال مدل LG,2001,12,2.0,2.0,آذربایجان غربی,غرب,803.5,1607.0
کمپرسور یخچال مدل LG,2001,12,2.0,2.0,اردبیل,غرب,698.0,1396.0
کمپرسور یخچال مدل LG,2001,12,2.0,2.0,اصفهان,مرکز,430.0,860.0
کمپرسور یخچال مدل LG,2001,12,2.0,2.0,ایلام,غرب,644.0,1288.0
کمپرسور یخچال مدل LG,2001,12,2.0,2.0,بوشهر,جنوب,1019.0,2038.0
کمپرسور یخچال مدل LG,2001,12,2.0,2.0,خراسان جنوبی,شرق,1033.0,2066.0
کمپرسور یخچال مدل LG,2001,12,2.0,2.0,خراسان رضوی,شرق,894.0,1788.0
کمپرسور یخچال مدل LG,2001,12,2.0,2.0,خراسان شمالی,شرق,700.0,1400.0
کمپرسور یخچال مدل LG,2001,12,2.0,2.0,خوزستان,جنوب,774.0,1548.0
کمپرسور یخچال مدل LG,2001,12,2.0,2.0,زنجان,غرب,353.0,706.0
کمپرسور یخچال مدل LG,2001,12,2.0,2.0,سمنان,شرق,282.0,564.0
کمپرسور یخچال مدل LG,2001,12,2.0,2.0,سیستان و بلوچستان,شرق,1647.5,3295.0
کمپرسور یخچال مدل LG,2001,12,2.0,2.0,فارس,جنوب,932.0,1864.0
کمپرسور یخچال مدل LG,2001,12,2.0,2.0,قزوین,شمال,199.0,398.0
کمپرسور یخچال مدل LG,2001,12,2.0,2.0,قم,مرکز,128.0,256.0
کمپرسور یخچال مدل LG,2001,12,2.0,2.0,لرستان,مرکز,414.5,829.0
کمپرسور یخچال مدل LG,2001,12,2.0,2.0,مازندران,شمال,231.0,462.0
کمپرسور یخچال مدل LG,2001,12,2.0,2.0,مرکزی,مرکز,249.0,498.0
کمپرسور یخچال مدل LG,2001,12,2.0,2.0,هرمزگان,جنوب,1261.0,2522.0
کمپرسور یخچال مدل LG,2001,12,2.0,2.0,همدان,مرکز,299.5,599.0
کمپرسور یخچال مدل LG,2001,12,2.0,2.0,چهار محال بختیاری,جنوب,531.5,1063.0
کمپرسور یخچال مدل LG,2001,12,2.0,2.0,کردستان,غرب,485.0,970.0
کمپرسور یخچال مدل LG,2001,12,2.0,2.0,کرمان,شرق,968.0,1936.0
کمپرسور یخچال مدل LG,2001,12,2.0,2.0,کرمانشاه,غرب,479.0,958.0
کمپرسور یخچال مدل LG,2001,12,2.0,2.0,کهگیلویه و بویراحمد,جنوب,888.0,1776.0
کمپرسور یخچال مدل LG,2001,12,2.0,2.0,گلستان,شمال,521.0,1042.0
کمپرسور یخچال مدل LG,2001,12,2.0,2.0,گیلان,شمال,392.5,785.0
کمپرسور یخچال مدل LG,2001,12,2.0,2.0,یزد,شرق,623.0,1246.0
کپسول گاز  R600A /  R410A,2003,1,2.0,2.0,آذربایجان شرقی,غرب,696.0,1392.0
کپسول گاز  R600A /  R410A,2003,1,2.0,2.0,آذربایجان غربی,غرب,803.5,1607.0
کپسول گاز  R600A /  R410A,2003,1,2.0,2.0,اردبیل,غرب,698.0,1396.0
کپسول گاز  R600A /  R410A,2003,1,2.0,2.0,اصفهان,مرکز,430.0,860.0
کپسول گاز  R600A /  R410A,2003,1,2.0,2.0,ایلام,غرب,644.0,1288.0
کپسول گاز  R600A /  R410A,2003,1,2.0,2.0,بوشهر,جنوب,1019.0,2038.0
کپسول گاز  R600A /  R410A,2003,1,2.0,2.0,خراسان جنوبی,شرق,1033.0,2066.0
کپسول گاز  R600A /  R410A,2003,1,2.0,2.0,خراسان رضوی,شرق,894.0,1788.0
کپسول گاز  R600A /  R410A,2003,1,2.0,2.0,خراسان شمالی,شرق,700.0,1400.0
کپسول گاز  R600A /  R410A,2003,1,2.0,2.0,خوزستان,جنوب,774.0,1548.0
کپسول گاز  R600A /  R410A,2003,1,2.0,2.0,زنجان,غرب,353.0,706.0
کپسول گاز  R600A /  R410A,2003,1,2.0,2.0,سمنان,شرق,282.0,564.0
کپسول گاز  R600A /  R410A,2003,1,2.0,2.0,سیستان و بلوچستان,شرق,1647.5,3295.0
کپسول گاز  R600A /  R410A,2003,1,2.0,2.0,فارس,جنوب,932.0,1864.0
کپسول گاز  R600A /  R410A,2003,1,2.0,2.0,قزوین,شمال,199.0,398.0
کپسول گاز  R600A /  R410A,2003,1,2.0,2.0,قم,مرکز,128.0,256.0
کپسول گاز  R600A /  R410A,2003,1,2.0,2.0,لرستان,مرکز,414.5,829.0
کپسول گاز  R600A /  R410A,2003,1,2.0,2.0,مازندران,شمال,231.0,462.0
کپسول گاز  R600A /  R410A,2003,1,2.0,2.0,مرکزی,مرکز,249.0,498.0
کپسول گاز  R600A /  R410A,2003,1,2.0,2.0,هرمزگان,جنوب,1261.0,2522.0
کپسول گاز  R600A /  R410A,2003,1,2.0,2.0,همدان,مرکز,299.5,599.0
کپسول گاز  R600A /  R410A,2003,1,2.0,2.0,چهار محال بختیاری,جنوب,531.5,1063.0
کپسول گاز  R600A /  R410A,2003,1,2.0,2.0,کردستان,غرب,485.0,970.0
کپسول گاز  R600A /  R410A,2003,1,2.0,2.0,کرمان,شرق,968.0,1936.0
کپسول گاز  R600A /  R410A,2003,1,2.0,2.0,کرمانشاه,غرب,479.0,958.0
کپسول گاز  R600A /  R410A,2003,1,2.0,2.0,کهگیلویه و بویراحمد,جنوب,888.0,1776.0
کپسول گاز  R600A /  R410A,2003,1,2.0,2.0,گلستان,شمال,521.0,1042.0
کپسول گاز  R600A /  R410A,2003,1,2.0,2.0,گیلان,شمال,392.5,785.0
کپسول گاز  R600A /  R410A,2003,1,2.0,2.0,یزد,شرق,623.0,1246.0
